Priority,Type,Slug afectado,Redirect from,Redirect to,Último rastreo GSC
P1,collection,climatizacion-camper,/collections/climatizacion-camper,/collections/climatizacion-frio-claraboyas-caravana,2026-02-25
P1,collection,cocina-gas-neveras,/collections/cocina-gas-neveras,/collections/cocina-gas,2026-04-16
P1,collection,protector-para-cabina,/collections/protector-para-cabina,/collections/seguridad-antirrobo,2026-01-09
P2,collection,accesorios-para-portabicis,/en-be/collections/accesorios-para-portabicis,/collections/acampada-exteriores,2026-03-07
P2,collection,cocina,/en-be/collections/cocina,/collections/cocina-gas,2026-05-04
P2,collection,dometic,/en-be/collections/dometic,/collections/climatizacion-frio-aires-acondicionados,2026-03-11
P2,collection,escaleras,/en-be/collections/escaleras,/collections/acceso-movilidad-exterior-escalones-manuales,2026-05-04
P2,collection,escalones-electricos,/en-be/collections/escalones-electricos,/collections/acceso-movilidad-exterior-escalones-manuales,2026-05-06
P2,collection,reguladores,/en-be/collections/reguladores,/collections/cocina-gas,2026-02-19
P2,collection,soporte-tv,/en-be/collections/soporte-tv,/collections/tv-antenas,2026-03-01
P2,collection,van-lock,/en-be/collections/van-lock,/collections/seguridad-antirrobo-cerraduras-exteriores,2026-04-24
P2,collection,protector-para-cabina,/en-eu/collections/protector-para-cabina,/collections/seguridad-antirrobo,2026-04-25
P2,collection,climatizacion-camper,/es-eu/collections/climatizacion-camper,/collections/climatizacion-frio-claraboyas-caravana,2026-03-06
P2,collection,neveras,/es-eu/collections/neveras,/collections/climatizacion-frio-aires-acondicionados,2026-04-18
P2,collection,protector-para-cabina,/es-eu/collections/protector-para-cabina,/collections/seguridad-antirrobo,2026-04-01
P2,collection,climatizacion-camper,/fr-be/collections/climatizacion-camper,/collections/climatizacion-frio-claraboyas-caravana,2026-02-07
P2,collection,cocina-gas-neveras,/fr-fr/collections/cocina-gas-neveras,/collections/cocina-gas,2026-04-20
P2,collection,protector-para-cabina,/fr-fr/collections/protector-para-cabina,/collections/seguridad-antirrobo,2026-04-23
P2,collection,climatizacion-camper,/it-it/collections/climatizacion-camper,/collections/climatizacion-frio-claraboyas-caravana,2026-03-07
P2,collection,cocina-gas-neveras,/it-it/collections/cocina-gas-neveras,/collections/cocina-gas,2026-05-08
P2,collection,neveras,/it-it/collections/neveras,/collections/climatizacion-frio-aires-acondicionados,2026-04-24
P2,collection,neveras,/nl-nl/collections/neveras,/collections/climatizacion-frio-aires-acondicionados,2026-04-29
P2,page,aviso-legal,/en-be/pages/aviso-legal,/pages/aviso-legal,2026-04-30
P2,page,politica-de-garantia,/en-be/pages/politica-de-garantia,/pages/politica-de-garantia,2026-04-30
P2,product,ce-con-el-remolque-acoplado-y-en-la-otra-las-medidas,/de-de/products/ce-con-el-remolque-acoplado-y-en-la-otra-las-medidas,/,2026-01-11
P2,product,nevera-compresor-thetford-t1090-de-90-l,/de-de/products/nevera-compresor-thetford-t1090-de-90-l,/collections/climatizacion-frio-aires-acondicionados,2026-01-22
P2,product,ce-con-el-remolque-acoplado-y-en-la-otra-las-medidas,/en-eu/products/ce-con-el-remolque-acoplado-y-en-la-otra-las-medidas,/,2026-01-12
P2,product,ce-con-el-remolque-acoplado-y-en-la-otra-las-medidas,/es-eu/products/ce-con-el-remolque-acoplado-y-en-la-otra-las-medidas,/,2026-02-02
P2,product,ce-con-el-remolque-acoplado-y-en-la-otra-las-medidas,/fr-be/products/ce-con-el-remolque-acoplado-y-en-la-otra-las-medidas,/,2026-02-01
P2,product,ce-con-el-remolque-acoplado-y-en-la-otra-las-medidas,/fr-fr/products/ce-con-el-remolque-acoplado-y-en-la-otra-las-medidas,/,2026-02-03
P2,product,ce-con-el-remolque-acoplado-y-en-la-otra-las-medidas,/pt-pt/products/ce-con-el-remolque-acoplado-y-en-la-otra-las-medidas,/,2026-01-29
P3,collection,climatizacion-camper,/de/collections/climatizacion-camper,/collections/climatizacion-frio-claraboyas-caravana,2026-02-04
P3,collection,climatizacion-camper,/en/collections/climatizacion-camper,/collections/climatizacion-frio-claraboyas-caravana,2026-02-25
P3,collection,protector-para-cabina,/en/collections/protector-para-cabina,/collections/seguridad-antirrobo,2026-04-25
P3,collection,neveras,/fr/collections/neveras,/collections/climatizacion-frio-aires-acondicionados,2026-04-09
P3,collection,protector-para-cabina,/it/collections/protector-para-cabina,/collections/seguridad-antirrobo,2026-01-08
P3,collection,climatizacion-camper,/pt/collections/climatizacion-camper,/collections/climatizacion-frio-claraboyas-caravana,2026-03-25
P3,collection,protector-para-cabina,/pt/collections/protector-para-cabina,/collections/seguridad-antirrobo,2026-01-20
P3,product,nevera-compresor-thetford-t1090-de-90-l,/de/products/nevera-compresor-thetford-t1090-de-90-l,/collections/climatizacion-frio-aires-acondicionados,2026-02-18
P3,product,ce-con-el-remolque-acoplado-y-en-la-otra-las-medidas,/en/products/ce-con-el-remolque-acoplado-y-en-la-otra-las-medidas,/,2026-02-01
P3,product,nevera-compresor-thetford-t1090-de-90-l,/en/products/nevera-compresor-thetford-t1090-de-90-l,/collections/climatizacion-frio-aires-acondicionados,2026-02-09
P3,product,ce-con-el-remolque-acoplado-y-en-la-otra-las-medidas,/it/products/ce-con-el-remolque-acoplado-y-en-la-otra-las-medidas,/,2026-03-11
P3,product,ce-con-el-remolque-acoplado-y-en-la-otra-las-medidas,/nl/products/ce-con-el-remolque-acoplado-y-en-la-otra-las-medidas,/,2026-02-19
P4,collection,accesorios-gas,/en-at/collections/accesorios-gas,/collections/cocina-gas,2026-04-24
P4,collection,accesorios-para-portabicis,/en-at/collections/accesorios-para-portabicis,/collections/acampada-exteriores,2026-02-23
P4,collection,alarma,/en-at/collections/alarma,/collections/seguridad-antirrobo,2026-04-09
P4,collection,calderas,/en-at/collections/calderas,/collections/agua-saneamiento,2026-01-11
P4,collection,calefacciones,/en-at/collections/calefacciones,/collections/climatizacion-frio-claraboyas-caravana,2026-02-23
P4,collection,clima-e-van-7400h,/en-at/collections/clima-e-van-7400h,/collections/climatizacion-frio-aires-acondicionados,2026-04-09
P4,collection,dual-clima-8400,/en-at/collections/dual-clima-8400,/collections/climatizacion-frio-aires-acondicionados,2026-04-09
P4,collection,novedades,/en-at/collections/novedades,/,2026-01-23
P4,collection,claraboyas,/en-de/collections/claraboyas,/collections/climatizacion-frio-claraboyas-caravana,2026-05-09
P4,collection,energia,/en-de/collections/energia,/collections/electricidad-energia,2026-02-14
P4,collection,fresh-up-set,/en-de/collections/fresh-up-set,/collections/agua-saneamiento-recambios-kits-wc,2026-05-09
P4,collection,retrocamara,/en-de/collections/retrocamara,/collections/tv-antenas,2026-02-25
P4,collection,antenas-tv,/en-fr/collections/antenas-tv,/collections/tv-antenas,2026-04-04
P4,collection,calderas,/en-fr/collections/calderas,/collections/agua-saneamiento,2026-05-01
P4,collection,cerradura-para-furgonetas,/en-fr/collections/cerradura-para-furgonetas,/collections/seguridad-antirrobo-cerraduras-exteriores,2026-04-10
P4,collection,cocina-1,/en-fr/collections/cocina-1,/collections/cocina-gas,2026-02-21
P4,collection,glaziar-ac-06,/en-fr/collections/glaziar-ac-06,/collections/climatizacion-frio-aires-acondicionados,2026-04-24
P4,collection,inversores-12v-onda-pura,/en-fr/collections/inversores-12v-onda-pura,/collections/electricidad-energia-inversores,2026-04-08
P4,collection,kits-solares,/en-fr/collections/kits-solares,/collections/electricidad-energia,2026-03-07
P4,collection,kits-solares-deep-power,/en-fr/collections/kits-solares-deep-power,/collections/electricidad-energia,2026-03-06
P4,collection,lock-frame,/en-fr/collections/lock-frame,/collections/seguridad-antirrobo-cerraduras-exteriores,2026-02-20
P4,collection,silent-8100,/en-fr/collections/silent-8100,/collections/climatizacion-frio-aires-acondicionados,2026-04-25
P4,collection,tv,/en-fr/collections/tv,/collections/tv-antenas,2026-03-31
P4,collection,accesorios-para-portabicis,/en-it/collections/accesorios-para-portabicis,/collections/acampada-exteriores,2026-04-04
P4,collection,alarma,/en-it/collections/alarma,/collections/seguridad-antirrobo,2026-01-14
P4,collection,antenas-tv,/en-it/collections/antenas-tv,/collections/tv-antenas,2026-02-13
P4,collection,asa-seguridad,/en-it/collections/asa-seguridad,/collections/seguridad-antirrobo,2026-03-10
P4,collection,bases-giratorias,/en-it/collections/bases-giratorias,/collections/remolque-chasis-nivelacion,2026-01-12
P4,collection,cab-lock,/en-it/collections/cab-lock,/collections/seguridad-antirrobo-cerraduras-exteriores,2026-02-01
P4,collection,claraboyas,/en-it/collections/claraboyas,/collections/climatizacion-frio-claraboyas-caravana,2026-05-06
P4,collection,clima-e-van-7400h,/en-it/collections/clima-e-van-7400h,/collections/climatizacion-frio-aires-acondicionados,2026-01-12
P4,collection,energia,/en-it/collections/energia,/collections/electricidad-energia,2026-01-15
P4,collection,equipamiento-exterior,/en-it/collections/equipamiento-exterior,/collections/acampada-exteriores,2026-02-21
P4,collection,escalones-electricos,/en-it/collections/escalones-electricos,/collections/acceso-movilidad-exterior-escalones-manuales,2026-04-08
P4,collection,escalones-manuales,/en-it/collections/escalones-manuales,/collections/acceso-movilidad-exterior-escalones-manuales,2026-02-22
P4,collection,glaziar-ac-06,/en-it/collections/glaziar-ac-06,/collections/climatizacion-frio-aires-acondicionados,2026-03-31
P4,collection,porta-pottis,/en-it/collections/porta-pottis,/collections/agua-saneamiento-inodoros-portatiles,2026-02-12
P4,collection,productos-mas-vendidos,/en-it/collections/productos-mas-vendidos,/,2026-02-01
P4,collection,seguridad,/en-it/collections/seguridad,/collections/seguridad-antirrobo,2026-04-01
P4,collection,silent-8100,/en-it/collections/silent-8100,/collections/climatizacion-frio-aires-acondicionados,2026-04-24
P4,collection,tv,/en-it/collections/tv,/collections/tv-antenas,2026-04-13
P4,collection,accesorios-gas,/en-nl/collections/accesorios-gas,/collections/cocina-gas,2026-03-21
P4,collection,alarma,/en-nl/collections/alarma,/collections/seguridad-antirrobo,2026-04-11
P4,collection,asa-seguridad,/en-nl/collections/asa-seguridad,/collections/seguridad-antirrobo,2026-04-05
P4,collection,cab-lock,/en-nl/collections/cab-lock,/collections/seguridad-antirrobo-cerraduras-exteriores,2026-04-10
P4,collection,calderas,/en-nl/collections/calderas,/collections/agua-saneamiento,2026-04-30
P4,collection,claraboyas,/en-nl/collections/claraboyas,/collections/climatizacion-frio-claraboyas-caravana,2026-02-16
P4,collection,clima-e-van-7400h,/en-nl/collections/clima-e-van-7400h,/collections/climatizacion-frio-aires-acondicionados,2026-05-06
P4,collection,dometic,/en-nl/collections/dometic,/collections/climatizacion-frio-aires-acondicionados,2026-04-10
P4,collection,energia,/en-nl/collections/energia,/collections/electricidad-energia,2026-03-08
P4,collection,escaleras,/en-nl/collections/escaleras,/collections/acceso-movilidad-exterior-escalones-manuales,2026-05-07
P4,collection,lock-frame,/en-nl/collections/lock-frame,/collections/seguridad-antirrobo-cerraduras-exteriores,2026-05-09
P4,collection,movedores-caravanas,/en-nl/collections/movedores-caravanas,/collections/remolque-chasis-nivelacion,2026-03-14
P4,collection,silent-8100,/en-nl/collections/silent-8100,/collections/climatizacion-frio-aires-acondicionados,2026-03-04
P4,collection,van-lock,/en-nl/collections/van-lock,/collections/seguridad-antirrobo-cerraduras-exteriores,2026-04-03
P4,collection,accesorios-gas,/en-pt/collections/accesorios-gas,/collections/cocina-gas,2026-03-21
P4,collection,alarma,/en-pt/collections/alarma,/collections/seguridad-antirrobo,2026-04-25
P4,collection,bases-giratorias,/en-pt/collections/bases-giratorias,/collections/remolque-chasis-nivelacion,2026-02-18
P4,collection,cocina,/en-pt/collections/cocina,/collections/cocina-gas,2026-01-28
P4,collection,escalones-electricos,/en-pt/collections/escalones-electricos,/collections/acceso-movilidad-exterior-escalones-manuales,2026-04-03
P4,collection,glaziar-ac-06,/en-pt/collections/glaziar-ac-06,/collections/climatizacion-frio-aires-acondicionados,2026-05-08
P4,collection,kits-solares-deep-power,/en-pt/collections/kits-solares-deep-power,/collections/electricidad-energia,2026-02-16
P4,page,condiciones-de-compra,/en-at/pages/condiciones-de-compra,/pages/condiciones-de-compra,2026-02-08
P4,page,quienes-somos,/en-nl/pages/quienes-somos,/pages/quienes-somos,2026-04-25
P4,page,condiciones-de-compra,/en-pt/pages/condiciones-de-compra,/pages/condiciones-de-compra,2026-05-07
P4,page,gastos-de-envio,/en-pt/pages/gastos-de-envio,/pages/gastos-de-envio,2026-03-27
P4,page,politica-de-privacidad,/en-pt/pages/politica-de-privacidad,/pages/politica-de-privacidad,2026-04-25
