URL,locale,Último rastreo
https://evacaravan.com/collections/energia/products/bateria-auxiliar-power-line-agm-80-amperios-copia?_pos=2&_fid=a1d666949&_ss=c,es-default,2026-05-09
https://evacaravan.com/collections/cab-lock/products/cab-lock?_pos=1&_fid=11600593a&_ss=c,es-default,2026-05-08
https://evacaravan.com/it-it/collections/vendors/products/thetford-aqua-kem-blue-la-solucion-definitiva-para-tus-aguas-negras?_pos=11&_fid=5ad5f7ebd&_ss=c,it-it,2026-05-06
https://evacaravan.com/it-it/collections/vendors/products/thetford-aqua-kem-blue-la-solucion-definitiva-para-tus-aguas-negras?_pos=11&_fid=ff158433b&_ss=c,it-it,2026-05-06
https://evacaravan.com/it-it/collections/wc/products/thetford-aqua-kem-blue-la-solucion-definitiva-para-tus-aguas-negras?_pos=1&_fid=c5f0b849b&_ss=c,it-it,2026-05-06
https://evacaravan.com/it-it/collections/wc/products/thetford-aqua-kem-blue-la-solucion-definitiva-para-tus-aguas-negras?_pos=1&_fid=04feb209d&_ss=c,it-it,2026-05-06
https://evacaravan.com/it-it/collections/wc/products/thetford-aqua-kem-blue-la-solucion-definitiva-para-tus-aguas-negras?_pos=1&_fid=b107baedc&_ss=c,it-it,2026-05-06
https://evacaravan.com/products/kit-solares-deep-power-280w?pr_prod_strat=collection_fallback&pr_rec_id=14b64a724&pr_rec_pid=7586945925282&pr_ref_pid=7515044413602&pr_seq=uniform,es-default,2026-05-04
https://evacaravan.com/nl-nl/collections/all/products/retrocamara-de-seguridad-visio-evo-vechline?_pos=143&_fid=ae9e21767&_ss=c,nl-nl,2026-05-02
https://evacaravan.com/en-be/products/cerradura-para-furgoneta-meroni-ufo2?variant=47671379951958,en-be,2026-04-30
https://evacaravan.com/nl-nl/collections/all/products/kit-thetford-lavabo-fresh-up-set-c500?_pos=10&_fid=2cec1dae0&_ss=c,nl-nl,2026-04-30
https://evacaravan.com/nl-nl/collections/wc/products/kit-thetford-lavabo-fresh-up-set-c500?_pos=2&_fid=b3861b562&_ss=c,nl-nl,2026-04-30
https://evacaravan.com/en-eu/collections/cerraduras/products/pack-3-bloqueadores-de-puerta-thule?_pos=2&_fid=8b80a00e1&_ss=c,en-eu,2026-04-27
https://evacaravan.com/fr-fr/products/kit-solares-deep-power-235w?pr_prod_strat=collection_fallback&pr_rec_id=3c454df66&pr_rec_pid=7586945859746&pr_ref_pid=7550943264930&pr_seq=uniform,fr-fr,2026-04-25
https://evacaravan.com/nl/collections/all/products/sistema-maniobra-semiautomatico-em303-plus?_pos=138&_fid=6feaee699&_ss=c,nl,2026-04-25
https://evacaravan.com/collections/equipamiento-exterior/products/3-bloqueadores-de-puerta-thule-door-frame-lock?_pos=12&_fid=87eaac783&_ss=c,es-default,2026-04-25
https://evacaravan.com/collections/antenas-tv/products/antena-de-radio-terrestre-direccional-delta-pro-42-db?_pos=1&_fid=5dac85910&_ss=c,es-default,2026-04-24
https://evacaravan.com/en-eu/collections/vendors/products/fiamma-roll-tank-23-deposito-de-agua-potable-portatil-con-ruedas-23-litros?_pos=17&_fid=0dbf6d71b&_ss=c,en-eu,2026-04-21
https://evacaravan.com/collections/wc/products/kit-thetford-lavabo-fresh-up-set-c250-260?_pos=1&_fid=fa9185283&_ss=c,es-default,2026-04-21
https://evacaravan.com/collections/energia/products/victron-energy-cargador-orion-30-aislado?_pos=9&_fid=3c6ac9305&_ss=c,es-default,2026-04-20
https://evacaravan.com/it-it/collections/all/products/victron-energy-blue-smart-ip22-cargador-de-bateria-12-v-30-a-230-v-3-salidas-con-bluetooth?_pos=175&_fid=ae9e21767&_ss=c,it-it,2026-04-20
https://evacaravan.com/it-it/collections/all/products/victron-energy-blue-smart-ip65-cargador-inteligente-de-bateria-12-v-7-a-230-v-con-bluetooth-cee-7-17?_pos=176&_fid=ae9e21767&_ss=c,it-it,2026-04-20
https://evacaravan.com/pt/collections/all/products/sistema-maniobra-semiautomatico-em303-plus?_pos=138&_fid=0bb592088&_ss=c,pt,2026-04-20
https://evacaravan.com/en-eu/collections/vendors/products/shurflo-7-litros?_pos=2&_fid=9b325b7cf&_ss=c,en-eu,2026-04-20
https://evacaravan.com/fr-fr/collections/all/products/acoplamiento-al-ko-270-optima?_pos=1&_fid=d12905e5e&_ss=c,fr-fr,2026-04-20
https://evacaravan.com/it-it/collections/all/products/shurflo-7-litros?_pos=2&_fid=693e09bbd&_ss=c,it-it,2026-04-19
https://evacaravan.com/collections/accesorios-gas/products/truma-level-control?_pos=2&_fid=6c431b37f&_ss=c,es-default,2026-04-19
https://evacaravan.com/collections/energia/products/kits-solares-monocristalinos?_pos=14&_fid=afa242d2a&_ss=c&variant=42199828005026,es-default,2026-04-18
https://evacaravan.com/it-it/collections/all/products/victron-energy-cargador-blue-smart-ip22-12-30?_pos=181&_fid=ae9e21767&_ss=c,it-it,2026-04-17
https://evacaravan.com/it-it/collections/all/products/mover-enduro-em303-semiautomatico?_pos=128&_fid=ae9e21767&_ss=c,it-it,2026-04-17
https://evacaravan.com/it-it/collections/all/products/set-de-vajilla-brunner-midday-tuscany-16-piezas?_pos=4&_fid=8f52503d3&_ss=c,it-it,2026-04-17
https://evacaravan.com/collections/vendors/products/thetford-porta-potti-565-p?_pos=15&_fid=44c8237a2&_ss=c,es-default,2026-04-17
https://evacaravan.com/en-eu/collections/vendors/products/pack-3-cierres-de-seguridad-fiamma-safe-door-frame-3?_pos=21&_fid=0dbf6d71b&_ss=c,en-eu,2026-04-16
https://evacaravan.com/collections/all/products/inversor-victron-energy-24-375-230v-inversor-ve-direct-schuko-convertidor-de-potencia-de-24v-a-230v-para-sistemas-solares-y-aplicaciones-moviles?_pos=112&_fid=db9096caa&_ss=c,es-default,2026-04-16
https://evacaravan.com/collections/all/products/maxview-antena-omnimax-pro-truck?_pos=122&_fid=db9096caa&_ss=c,es-default,2026-04-16
https://evacaravan.com/collections/all/products/victron-energy-sistema-de-controlador-monitor-version-mk2?_pos=191&_fid=306350ace&_ss=c,es-default,2026-04-16
https://evacaravan.com/collections/all/products/victron-energy-convertidor-phoenix-12v-1200w?_pos=184&_fid=306350ace&_ss=c,es-default,2026-04-16
https://evacaravan.com/it-it/collections/all/products/thetford-aqua-kem-blue-lote-de-3-bolsas-de-wc-quimicas-mantenimiento-de-caravana-unisex-adulto-azul-l?_pos=153&_fid=ae9e21767&_ss=c,it-it,2026-04-16
https://evacaravan.com/it-it/collections/all/products/truma-contenedor-f-recipiente-para-filtro-de-gas-del-sistema-truma?_pos=163&_fid=ae9e21767&_ss=c,it-it,2026-04-16
https://evacaravan.com/de-at/collections/all/products/milenco-calzo-triple?_pos=7&_fid=5eea8e984&_ss=c,de-at,2026-04-16
https://evacaravan.com/en/collections/vendors/products/vajilla-brunner-midday-tuscany-16-piezas?_pos=4&_fid=d7043cc1c&_ss=c,en,2026-04-16
https://evacaravan.com/pt-pt/collections/all/products/retrocamara-de-seguridad-visio-evo-vechline?_pos=1&_fid=1551d6956&_ss=c,pt-pt,2026-04-16
https://evacaravan.com/products/retrocamara-de-seguridad?pr_prod_strat=copurchase_transfer_learning&pr_rec_id=7d778d138&pr_rec_pid=7516038922402&pr_ref_pid=7520327073954&pr_seq=uniform,es-default,2026-04-15
https://evacaravan.com/it-it/collections/all/products/pack-sistema-de-maniobra-semiautomatico-para-caravanas-em203?_pos=136&_fid=ae9e21767&_ss=c,it-it,2026-04-15
https://evacaravan.com/products/rail-fiamma?pr_prod_strat=collection_fallback&pr_rec_id=32eb10119&pr_rec_pid=7528366407842&pr_ref_pid=7516199354530&pr_seq=uniform,es-default,2026-04-14
https://evacaravan.com/de-at/collections/vendors/products/inodoro-portatil-porta-pottis-qube-335?_pos=1&_fid=18da94978&_ss=c,de-at,2026-04-14
https://evacaravan.com/collections/vendors/products/antena-teleplus-3g?_pos=4&_fid=3abb00d55&_ss=c,es-default,2026-04-13
https://evacaravan.com/it-it/collections/all/products/rueda-de-soporte-de-remolque-estandar-de-48-mm-incluye-abrazadera?_pos=144&_fid=ae9e21767&_ss=c,it-it,2026-04-13
https://evacaravan.com/fr-fr/products/kit-solares-deep-power-280w?pr_prod_strat=collection_fallback&pr_rec_id=fb6420aab&pr_rec_pid=7586945925282&pr_ref_pid=7550943264930&pr_seq=uniform,fr-fr,2026-04-13
https://evacaravan.com/collections/lock-frame/products/3-bloqueadores-de-puerta-thule-door-frame-lock?_pos=3&_fid=88155ca66&_ss=c,es-default,2026-04-13
https://evacaravan.com/it-it/collections/productos-mas-vendidos/products/em303-semi-automatico?_pos=7&_fid=cc5e42fd4&_ss=c,it-it,2026-04-12
https://evacaravan.com/products/kit-solares-deep-power-195w?pr_prod_strat=collection_fallback&pr_rec_id=b670ae5de&pr_rec_pid=7586940649634&pr_ref_pid=7600303046818&pr_seq=uniform,es-default,2026-04-11
https://evacaravan.com/fr-be/products/kit-solares-deep-power-280w?pr_prod_strat=collection_fallback&pr_rec_id=9920cba69&pr_rec_pid=7586945925282&pr_ref_pid=7550903582882&pr_seq=uniform,fr-be,2026-04-11
https://evacaravan.com/collections/energia/products/kit-solar-deep-power?_pos=12&_fid=afa242d2a&_ss=c,es-default,2026-04-11
https://evacaravan.com/products/rail-portabicicletas-fiamma-rail-premium?pr_prod_strat=collection_fallback&pr_rec_id=b8d8134df&pr_rec_pid=7528392163490&pr_ref_pid=7522215395490&pr_seq=uniform,es-default,2026-04-11
https://evacaravan.com/fr-be/products/kits-solares-monocristalinos?pr_prod_strat=collection_fallback&pr_rec_id=9920cba69&pr_rec_pid=7515023638690&pr_ref_pid=7550903582882&pr_seq=uniform,fr-be,2026-04-11
https://evacaravan.com/collections/claraboyas/products/claraboya-mini-heki-style?_pos=3&_fid=870772485&_ss=c,es-default,2026-04-11
https://evacaravan.com/products/kit-solares-deep-power-235w?pr_prod_strat=collection_fallback&pr_rec_id=b670ae5de&pr_rec_pid=7586945859746&pr_ref_pid=7600303046818&pr_seq=uniform,es-default,2026-04-11
https://evacaravan.com/products/kit-solares-deep-power-105w?pr_prod_strat=collection_fallback&pr_rec_id=b670ae5de&pr_rec_pid=7586938126498&pr_ref_pid=7600303046818&pr_seq=uniform,es-default,2026-04-10
https://evacaravan.com/de-at/collections/vendors/products/inodoro-portatil-porta-pottis-qube-365?_pos=3&_fid=18da94978&_ss=c,de-at,2026-04-10
https://evacaravan.com/fr-fr/collections/all/products/rueda-jockey-premium-al-ko-o-48mm-300-kg?_pos=16&_fid=d12905e5e&_ss=c,fr-fr,2026-04-10
https://evacaravan.com/nl-nl/collections/all/products/milenco-calzo-quattro?_pos=5&_fid=f96af49bc&_ss=c,nl-nl,2026-04-10
https://evacaravan.com/collections/energia/products/victron-energy-orion-tr-smart-24-24-voltios-17-amperios-400-vatios-cargador-cc-cc-no-aislado-bluetooth?_pos=17&_fid=3c6ac9305&_ss=c,es-default,2026-04-10
https://evacaravan.com/products/kit-solares-deep-power-280w?pr_prod_strat=collection_fallback&pr_rec_id=b670ae5de&pr_rec_pid=7586945925282&pr_ref_pid=7600303046818&pr_seq=uniform,es-default,2026-04-10
https://evacaravan.com/de-at/collections/all/products/milenco-0512-cerradura-comercial-para-volante-antirrobo?_pos=1&_fid=5eea8e984&_ss=c,de-at,2026-04-10
https://evacaravan.com/en-eu/products/antena-tv-terrestre-omnidireccional-wing-11-teleco?pr_prod_strat=collection_fallback&pr_rec_id=819848ca0&pr_rec_pid=7515156545698&pr_ref_pid=7515145142434&pr_seq=uniform,en-eu,2026-04-09
https://evacaravan.com/fr-be/collections/energia/products/copia-de-inversor-12v-onda-pura-2000w?_pos=11&_fid=b4e0d5700&_ss=c,fr-be,2026-04-09
https://evacaravan.com/it-it/collections/all/products/victron-energy-convertidor-phoenix-12v-250w?_pos=16&_fid=f9eb6579e&_ss=c,it-it,2026-04-09
https://evacaravan.com/nl-nl/collections/all/products/thetford-aqua-kem-blue-lote-de-3-bolsas-de-wc-quimicas-mantenimiento-de-caravana-unisex-adulto-azul-l?_pos=153&_fid=ae9e21767&_ss=c,nl-nl,2026-04-09
https://evacaravan.com/collections/all/products/inversor-victron-energy-24-1200-230v-ve-direct-schuko-inversor-de-1200va-para-bateria-de-24v-fuente-de-alimentacion-fiable-para-autocaravanas-y-barcos?_pos=111&_fid=db9096caa&_ss=c,es-default,2026-04-09
https://evacaravan.com/collections/all/products/milenco-calzo-triple?_pos=129&_fid=db9096caa&_ss=c,es-default,2026-04-09
https://evacaravan.com/en-eu/products/antena-de-radio-terrestre-direccional-delta-pro-42-db?pr_prod_strat=collection_fallback&pr_rec_id=819848ca0&pr_rec_pid=7515168374946&pr_ref_pid=7515145142434&pr_seq=uniform,en-eu,2026-04-09
https://evacaravan.com/collections/equipamiento-exterior/products/retrocamara-de-seguridad-visio-evo-vechline?_pos=1&_fid=5b70a5754&_ss=c,es-default,2026-04-09
https://evacaravan.com/de-at/collections/vendors/products/thetford-porta-potti-565-p?_pos=15&_fid=a6658a569&_ss=c,de-at,2026-04-08
https://evacaravan.com/products/antena-de-radio-terrestre-direccional-delta-pro-42-db?pr_prod_strat=collection_fallback&pr_rec_id=e61365b8f&pr_rec_pid=7515168374946&pr_ref_pid=7515123744930&pr_seq=uniform,es-default,2026-04-08
https://evacaravan.com/en/collections/equipamiento-exterior/products/sistema-maniobra-semiautomatico-em303-plus?_pos=23&_fid=ba32cac38&_ss=c,en,2026-04-08
https://evacaravan.com/collections/climatizadores/products/aire-acondicionado-silent-8400h?_pos=3&_fid=f234b1faf&_ss=c,es-default,2026-04-08
https://evacaravan.com/collections/climatizadores/products/aire-acondicionado-silent-8400h?_pos=2&_fid=9c7576f81&_ss=c,es-default,2026-04-08
https://evacaravan.com/collections/all/products/em303-semi-automatico?_pos=64&_fid=01b73c167&_ss=c,es-default,2026-04-08
https://evacaravan.com/en-eu/collections/cab-lock/products/cab-lock?_pos=1&_fid=bd16a82d3&_ss=c,en-eu,2026-04-07
https://evacaravan.com/collections/cerraduras/products/van-lock?_pos=6&_fid=b63ae326a&_ss=c,es-default,2026-04-07
https://evacaravan.com/it-it/collections/all/products/kit-thetford-toilet-fresh-up-set-c2-c3-c4-right?_pos=113&_fid=ae9e21767&_ss=c,it-it,2026-04-06
https://evacaravan.com/collections/all/products/aire-acondicionado-silent-8400h?_pos=3&_fid=1234dab8a&_ss=c,es-default,2026-04-05
https://evacaravan.com/wpm@0.0.264@24271aa3w5f39399apdce3a888m968cefc2/web-pixel-shopify-custom-pixel@0520/sandbox/collections/fresh-up-set?filter.v.availability=0&view=view-48,es-default,2026-04-03
https://evacaravan.com/products/rail-fiamma?pr_prod_strat=description&pr_rec_id=2c993069f&pr_rec_pid=7528366407842&pr_ref_pid=7518036426914&pr_seq=uniform,es-default,2026-04-02
https://evacaravan.com/de-at/collections/all/products/milenco-2745-cepo-compacto?_pos=2&_fid=f96af49bc&_ss=c,de-at,2026-04-01
https://evacaravan.com/it-it/collections/cerradura-para-furgonetas/products/thule-universal-look-thule-x1-blanco?_pos=2&_fid=24140c6a8&_ss=c,it-it,2026-04-01
https://evacaravan.com/it-it/collections/all/products/thule-soporte-escalera?_pos=158&_fid=ae9e21767&_ss=c,it-it,2026-04-01
https://evacaravan.com/collections/all/products/victron-energy-smart-batteryprotect-protector-inteligente-de-bateria-12-24-v-220-a-con-bluetooth?_pos=192&_fid=306350ace&_ss=c,es-default,2026-04-01
https://evacaravan.com/es-eu/collections/all/products/truma-contenedor-f-recipiente-para-filtro-de-gas-del-sistema-truma?_pos=4&_fid=f771a52f4&_ss=c,es-eu,2026-04-01
https://evacaravan.com/fr-be/collections/all/products/milenco-6613-grand-aero-platinum?_pos=4&_fid=953b1a81e&_ss=c,fr-be,2026-03-31
https://evacaravan.com/en-eu/collections/vendors/products/calzos-fiamma-level-up?_pos=3&_fid=0dbf6d71b&_ss=c,en-eu,2026-03-31
https://evacaravan.com/nl-nl/products/cerradura-para-furgoneta-meroni-ufo3-smart-duo-negro?pr_prod_strat=collection_fallback&pr_rec_id=7e18fdd44&pr_rec_pid=8735845220694&pr_ref_pid=8735773491542&pr_seq=uniform,nl-nl,2026-03-31
https://evacaravan.com/collections/antenas-tv/products/antena-terrestre-omnidireccional-tonna-1?_pos=1&_fid=885b27dc2&_ss=c,es-default,2026-03-31
https://evacaravan.com/collections/equipamiento-exterior/products/escalon-electrico-thule-peldano-simple-550-mm?_pos=5&_fid=87eaac783&_ss=c,es-default,2026-03-30
https://evacaravan.com/pt-pt/products/kit-solares-deep-power-235w?pr_prod_strat=collection_fallback&pr_rec_id=f3950f5e8&pr_rec_pid=7586945859746&pr_ref_pid=7550943264930&pr_seq=uniform,pt-pt,2026-03-30
https://evacaravan.com/de-at/collections/all/products/milenco-4268-protectores-para-retrovisores-de-brazo-largo-juego-de-2-color-blanco?_pos=3&_fid=f96af49bc&_ss=c,de-at,2026-03-30
https://evacaravan.com/products/rail-portabicicletas-fiamma-rail-premium?pr_prod_strat=description&pr_rec_id=4c8931201&pr_rec_pid=7528392163490&pr_ref_pid=7528281899170&pr_seq=uniform,es-default,2026-03-30
https://evacaravan.com/collections/vendors/products/thetford-porta-potti-565-e?_pos=14&_fid=44c8237a2&_ss=c,es-default,2026-03-30
https://evacaravan.com/fr/collections/equipamiento-exterior/products/sistema-maniobra-semiautomatico-em303-plus?_pos=23&_fid=ba32cac38&_ss=c,fr,2026-03-29
https://evacaravan.com/collections/all/products/milenco-calzo-trident?_pos=128&_fid=db9096caa&_ss=c,es-default,2026-03-29
https://evacaravan.com/collections/equipamiento-exterior/products/pack-3-bloqueadores-de-puerta-thule?_pos=13&_fid=87eaac783&_ss=c,es-default,2026-03-29
https://evacaravan.com/products/kit-solares-deep-power-280w?pr_prod_strat=collection_fallback&pr_rec_id=30b4e9ffc&pr_rec_pid=7586945925282&pr_ref_pid=7550919213218&pr_seq=uniform,es-default,2026-03-28
https://evacaravan.com/collections/all/products/mover-enduro-em303-semiautomatico?_pos=130&_fid=db9096caa&_ss=c,es-default,2026-03-28
https://evacaravan.com/fr-fr/collections/vendors/products/regulador-truma-duocontrol-cs-horizontal?_pos=2&_fid=e2c23aff2&_ss=c,fr-fr,2026-03-28
https://evacaravan.com/fr-fr/collections/vendors/products/caldera-truma-therme?_pos=1&_fid=e2c23aff2&_ss=c,fr-fr,2026-03-27
https://evacaravan.com/collections/all/products/em303-semi-automatico?_pos=138&_fid=effe92a52&_ss=c,es-default,2026-03-27
https://evacaravan.com/en-at/collections/estabilizadores/products/kit-acoplamiento-estabilizador-aks™-3004-antirrobo?_pos=1&_fid=615345d42&_ss=c,en-at,2026-03-27
https://evacaravan.com/fr-be/collections/wc/products/fiamma-vaso-expansion-a20?_pos=1&_fid=836803647&_ss=c,fr-be,2026-03-27
https://evacaravan.com/collections/equipamiento-exterior/products/van-lock?_pos=11&_fid=87eaac783&_ss=c,es-default,2026-03-27
https://evacaravan.com/fr-fr/collections/vendors/products/regulador-truma-duocontrol-cs?_pos=3&_fid=e2c23aff2&_ss=c,fr-fr,2026-03-26
https://evacaravan.com/collections/vendors/products/mpk-claraboya-28x28?_pos=1&_fid=ebdcfd852&_ss=c,es-default,2026-03-21
https://evacaravan.com/wpm@0.0.285@da3bd5a4w8ea8a283p30eb74b3mf7ed84c9/web-pixel-shopify-custom-pixel@0530/sandbox/collections/energia?filter.v.availability=0&view=view-48,es-default,2026-03-21
https://evacaravan.com/products/kit-solares-deep-power-280w?pr_prod_strat=collection_fallback&pr_rec_id=4a8170c4c&pr_rec_pid=7586945925282&pr_ref_pid=7515044413602&pr_seq=uniform,es-default,2026-03-21
https://evacaravan.com/collections/accesorios-gas/products/regulador-truma-duocontrol-cs-horizontal?_pos=6&_fid=6c431b37f&_ss=c,es-default,2026-03-21
https://evacaravan.com/products/rail-portabicicletas-fiamma-rail-premium?pr_prod_strat=collection_fallback&pr_rec_id=32eb10119&pr_rec_pid=7528392163490&pr_ref_pid=7516199354530&pr_seq=uniform,es-default,2026-03-21
https://evacaravan.com/collections/equipamiento-exterior/products/thule-bloqueador-puerta?_pos=10&_fid=e2bf8496e&_ss=c,es-default,2026-03-19
https://evacaravan.com/fr-fr/collections/all/products/cerradura-para-furgoneta-meroni-ufo2?_pos=25&_fid=96e3f1dde&_ss=c,fr-fr,2026-03-17
https://evacaravan.com/collections/claraboyas/products/claraboya-domestic-heki-2?_pos=4&_fid=06fac653b&_ss=c,es-default,2026-03-17
https://evacaravan.com/products/rail-fiamma?pr_prod_strat=collection_fallback&pr_rec_id=fb6a90f55&pr_rec_pid=7528366407842&pr_ref_pid=7516351824034&pr_seq=uniform,es-default,2026-03-17
https://evacaravan.com/nl-nl/products/antena-de-radio-terrestre-direccional-delta-pro-42-db?pr_prod_strat=collection_fallback&pr_rec_id=b67336f2d&pr_rec_pid=7515168374946&pr_ref_pid=7515123744930&pr_seq=uniform,nl-nl,2026-03-17
https://evacaravan.com/fr-fr/collections/vendors/products/caldera-truma-therme?_pos=1&_fid=750aa9cbb&_ss=c,fr-fr,2026-03-17
https://evacaravan.com/fr-fr/collections/all/products/claraboya-domestic-heki-2?_pos=31&_fid=96e3f1dde&_ss=c,fr-fr,2026-03-17
https://evacaravan.com/nl-nl/collections/all/products/rueda-de-soporte-de-remolque-estandar-de-48-mm-incluye-abrazadera?_pos=14&_fid=69faee40a&_ss=c,nl-nl,2026-03-17
https://evacaravan.com/collections/all/products/remis-remitop-vario-ii-con-manivela-claraboya-para-caravana-40x40-cm?_pos=1&_fid=16b0c3e1a&_ss=c,es-default,2026-03-16
https://evacaravan.com/pt-pt/collections/escalones-electricos/products/escalon-electrico-thule-peldano-simple-550-mm?_pos=1&_fid=b96820a95&_ss=c,pt-pt,2026-03-16
https://evacaravan.com/collections/all/products/caldera-truma-therme?_pos=168&_fid=306350ace&_ss=c,es-default,2026-03-13
https://evacaravan.com/collections/claraboyas/products/claraboya-domestic-midi-heki-500x700-mm?_pos=3&_fid=06fac653b&_ss=c,es-default,2026-03-13
https://evacaravan.com/de-de/collections/vendors/products/pack-3-bloqueadores-de-puerta-thule?_pos=13&_fid=4ca1f48b9&_ss=c,de-de,2026-03-13
https://evacaravan.com/fr-fr/products/kit-solares-deep-power-280w?pr_prod_strat=collection_fallback&pr_rec_id=3c454df66&pr_rec_pid=7586945925282&pr_ref_pid=7550943264930&pr_seq=uniform,fr-fr,2026-03-12
https://evacaravan.com/collections/all/products/pack-3-cierres-de-seguridad-fiamma-safe-door-frame-3?_pos=135&_fid=effe92a52&_ss=c,es-default,2026-03-12
https://evacaravan.com/collections/all/products/van-lock?_pos=22&_fid=a0ad76ed4&_ss=c,es-default,2026-03-12
https://evacaravan.com/collections/all/products/aire-acondicionado-silent-8400h?_pos=2&_fid=a0ad76ed4&_ss=c,es-default,2026-03-12
https://evacaravan.com/nl-nl/products/antena-de-radio-terrestre-direccional-delta-pro-42-db?pr_prod_strat=collection_fallback&pr_rec_id=2a861b888&pr_rec_pid=7515168374946&pr_ref_pid=8735675482454&pr_seq=uniform,nl-nl,2026-03-11
https://evacaravan.com/nl-nl/collections/all/products/thule-universal-look-thule-x1-negro?_pos=160&_fid=ae9e21767&_ss=c,nl-nl,2026-03-11
https://evacaravan.com/de-at/collections/all/products/kit-solares-deep-power-105w?_pos=66&_fid=e2159f0e2&_ss=c,de-at,2026-03-10
https://evacaravan.com/collections/vendors/products/campana-extractora-12v?_pos=1&_fid=070829d9c&_ss=c,es-default,2026-03-10
https://evacaravan.com/fr-fr/products/kits-solares-monocristalinos?pr_prod_strat=collection_fallback&pr_rec_id=3c454df66&pr_rec_pid=7515023638690&pr_ref_pid=7550943264930&pr_seq=uniform,fr-fr,2026-03-09
https://evacaravan.com/de-at/products/kit-solares-deep-power-105w?_fid=0480db7ac&_pos=1&_ss=c,de-at,2026-03-09
https://evacaravan.com/de-at/products/kit-solares-deep-power-105w?_fid=5e05cf796&_pos=1&_ss=c,de-at,2026-03-09
https://evacaravan.com/de-at/collections/all/products/kit-solares-deep-power-105w?_pos=1&_fid=5e05cf796&_ss=c,de-at,2026-03-09
https://evacaravan.com/products/kits-solares-monocristalinos?pr_prod_strat=collection_fallback&pr_rec_id=14b64a724&pr_rec_pid=7515023638690&pr_ref_pid=7515044413602&pr_seq=uniform,es-default,2026-03-09
https://evacaravan.com/fr-be/products/kits-solares-monocristalinos?pr_prod_strat=collection_fallback&pr_rec_id=a635b20b8&pr_rec_pid=7515023638690&pr_ref_pid=7550943264930&pr_seq=uniform,fr-be,2026-03-08
https://evacaravan.com/de-at/collections/vendors?q=Enduro,de-at,2026-03-08
https://evacaravan.com/pt-pt/collections/all/products/mpk-claraboya-28x28?_pos=1&_fid=7d0218a23&_ss=c,pt-pt,2026-03-07
https://evacaravan.com/en-eu/collections/vendors/products/cierre-de-seguridad-fiamma-safe-door-frame-3?_pos=5&_fid=0dbf6d71b&_ss=c,en-eu,2026-03-05
https://evacaravan.com/fr-fr/collections/all/products/claraboya-mini-heki-style?_pos=33&_fid=96e3f1dde&_ss=c,fr-fr,2026-03-05
https://evacaravan.com/collections/all/products/caldera-truma-therme?_pos=9&_fid=bce264c15&_ss=c,es-default,2026-03-05
https://evacaravan.com/fr-fr/collections/all/products/chimenea-truma-ak3?_pos=29&_fid=96e3f1dde&_ss=c,fr-fr,2026-03-04
https://evacaravan.com/collections/safe-door/products/pack-3-cierres-de-seguridad-fiamma-safe-door?_pos=1&_fid=7a6e01fb8&_ss=c,es-default,2026-03-04
https://evacaravan.com/fr-be/products/antena-tv-terrestre-omnidireccional-wing-11-teleco?pr_prod_strat=collection_fallback&pr_rec_id=b990917db&pr_rec_pid=7515156545698&pr_ref_pid=7515123744930&pr_seq=uniform,fr-be,2026-03-04
https://evacaravan.com/en-pt/collections/vendors?q=Truma,en-pt,2026-03-04
https://evacaravan.com/collections/lock-frame/products/thule-bloqueador-puerta?_pos=1&_fid=be4df33d4&_ss=c,es-default,2026-03-04
https://evacaravan.com/products/kit-solares-deep-power-235w?pr_prod_strat=collection_fallback&pr_rec_id=af15a27a5&pr_rec_pid=7586945859746&pr_ref_pid=7587136110754&pr_seq=uniform,es-default,2026-03-02
https://evacaravan.com/fr-fr/collections/all/products/cierre-de-seguridad-fiamma-safe-door?_pos=21&_fid=96e3f1dde&_ss=c,fr-fr,2026-03-02
https://evacaravan.com/fr-fr/collections/all/products/rueda-de-soporte-de-remolque-estandar-de-48-mm-incluye-abrazadera?_pos=14&_fid=d12905e5e&_ss=c,fr-fr,2026-03-02
https://evacaravan.com/de-de/collections/vendors/products/pack-3-bloqueadores-de-puerta-thule?_pos=13&_fid=e5301e2d1&_ss=c,de-de,2026-03-02
https://evacaravan.com/es-eu/collections/vendors/products/nevera-compresor-thetford-t1090-de-90-l?_pos=12&_fid=7187e6e58&_ss=c,es-eu,2026-03-02
https://evacaravan.com/es-eu/collections/vendors/products/nevera-compresor-thetford-t1090-de-90-l?_pos=12&_fid=d7062ac7d&_ss=c,es-eu,2026-03-02
https://evacaravan.com/es-eu/collections/all/products/nevera-compresor-thetford-t1090-de-90-l?_pos=12&_fid=5d1bf3fe2&_ss=c,es-eu,2026-03-02
https://evacaravan.com/es-eu/products/nevera-compresor-thetford-t1090-de-90-l?variant=51841171521878,es-eu,2026-03-02
https://evacaravan.com/pt-pt/products/kits-solares-monocristalinos?pr_prod_strat=collection_fallback&pr_rec_id=c89a864ba&pr_rec_pid=7515023638690&pr_ref_pid=7600303046818&pr_seq=uniform,pt-pt,2026-03-02
https://evacaravan.com/fr-fr/collections/all/products/cargador-bateria?_pos=20&_fid=96e3f1dde&_ss=c,fr-fr,2026-02-27
https://evacaravan.com/fr-be/collections/all/products/kit-thetford-lavabo-fresh-up-set-c250-260?_pos=76&_fid=5eb1cce68&_ss=c,fr-be,2026-02-25
https://evacaravan.com/collections/vendors/products/acondicionador-silent-8100h?_pos=3&_fid=3abb00d55&_ss=c,es-default,2026-02-25
https://evacaravan.com/nl-nl/collections/vendors?filter.p.vendor=Stanline&q=stanline,nl-nl,2026-02-24
https://evacaravan.com/products/sistema-de-blocaje-bicicletas-fiamma-bike-block-pro-4?pr_prod_strat=collection_fallback&pr_rec_id=17fc4e97a&pr_rec_pid=7528354283682&pr_ref_pid=7518036426914&pr_seq=uniform,es-default,2026-02-23
https://evacaravan.com/fr-be/products/kits-solares-monocristalinos?pr_prod_strat=collection_fallback&pr_rec_id=c8e6cd74a&pr_rec_pid=7515023638690&pr_ref_pid=7550896570530&pr_seq=uniform,fr-be,2026-02-22
https://evacaravan.com/collections/vendors/products/acoplamiento-al-ko-270-optima?_pos=1&_fid=ddce5be83&_ss=c,es-default,2026-02-22
https://evacaravan.com/es-eu/collections/movedores-caravanas/products/sistema-maniobra-semiautomatico-em303-plus?_pos=3&_fid=c7fb63079&_ss=c,es-eu,2026-02-22
https://evacaravan.com/pt-pt/collections/cocina-gas-neveras/products/nevera-compresor-thetford-t1090-de-90-l?_pos=1&_fid=a9d45b336&_ss=c,pt-pt,2026-02-21
https://evacaravan.com/pt-pt/products/nevera-compresor-thetford-t1090-de-90-l?variant=51841171521878,pt-pt,2026-02-21
https://evacaravan.com/collections/vendors?q=Meta System,es-default,2026-02-20
https://evacaravan.com/de/products/thetford-t1090-90l-kompressorkuehlschrank?variant=51841171521878,de,2026-02-20
https://evacaravan.com/fr-fr/collections/clima-e-van-7400h/products/aire-acondicionado-clima-e-van-7400h?_pos=1&_fid=3ddf6f07d&_ss=c,fr-fr,2026-02-20
https://evacaravan.com/nl-nl/collections/vendors/products/vajilla-brunner-midday-tuscany-16-piezas?_pos=1&_fid=1789c0e4f&_ss=c,nl-nl,2026-02-19
https://evacaravan.com/collections/equipamiento-exterior/products/escalon-electrico-thule-peldano-simple-460-mm?_pos=4&_fid=d7f2e81a0&_ss=c,es-default,2026-02-19
https://evacaravan.com/pt/collections/all/products/acoplamiento-al-ko-270-optima?_pos=1&_fid=a1922b009&_ss=c,pt,2026-02-17
https://evacaravan.com/nl/collections/all/products/nevera-compresor-thetford-t1090-de-90-l?_pos=130&_fid=6feaee699&_ss=c,nl,2026-02-17
https://evacaravan.com/en-pt/collections/vendors?q=teleco,en-pt,2026-02-17
https://evacaravan.com/nl-nl/collections/all/products/vajilla-brunner-midday-tuscany-16-piezas?_pos=1&_fid=65a269fac&_ss=c,nl-nl,2026-02-17
https://evacaravan.com/products/rail-portabicicletas-fiamma-rail-premium?pr_prod_strat=collection_fallback&pr_rec_id=a12f3c0b6&pr_rec_pid=7528392163490&pr_ref_pid=7528451834018&pr_seq=uniform,es-default,2026-02-16
https://evacaravan.com/de-at/collections/energia/products/victron-energy-orion-tr-smart-24-24-voltios-17-amperios-400-vatios-cargador-cc-cc-no-aislado-bluetooth?_pos=17&_fid=ca4bcdb36&_ss=c,de-at,2026-02-16
https://evacaravan.com/nl-nl/collections/cerraduras/products/pack-3-cierres-de-seguridad-fiamma-safe-door?_pos=3&_fid=2b4cc14e9&_ss=c,nl-nl,2026-02-16
https://evacaravan.com/nl-nl/collections/all/products/kit-solares-deep-power-280w?_pos=5&_fid=6d22bce1d&_ss=c,nl-nl,2026-02-16
https://evacaravan.com/pt-pt/collections/vendors/products/mpk-claraboya-28x28?_pos=1&_fid=800bcc9d1&_ss=c,pt-pt,2026-02-15
https://evacaravan.com/pt-pt/collections/vendors/products/mpk-claraboya-28x28?_pos=1&_fid=f156d3287&_ss=c,pt-pt,2026-02-15
https://evacaravan.com/pt-pt/collections/vendors/products/mpk-claraboya-28x28?_pos=1&_fid=283909e09&_ss=c,pt-pt,2026-02-15
https://evacaravan.com/de-at/collections/vendors/products/thetford-bolsa-de-transporte-porta-potti-299902-tamano-pequeno-compatible-con-modelos-145-335-y-345-color-negro?_pos=13&_fid=31c2070d1&_ss=c,de-at,2026-02-15
https://evacaravan.com/de-at/collections/vendors/products/thetford-bolsa-de-transporte-porta-potti-299902-tamano-pequeno-compatible-con-modelos-145-335-y-345-color-negro?_pos=13&_fid=18da94978&_ss=c,de-at,2026-02-15
https://evacaravan.com/de-at/collections/vendors/products/thetford-bolsa-de-transporte-porta-potti-299902-tamano-pequeno-compatible-con-modelos-145-335-y-345-color-negro?_pos=13&_fid=35d13e048&_ss=c,de-at,2026-02-15
https://evacaravan.com/de-at/collections/vendors/products/thetford-bolsa-de-transporte-porta-potti-299902-tamano-pequeno-compatible-con-modelos-145-335-y-345-color-negro?_pos=13&_fid=a6658a569&_ss=c,de-at,2026-02-15
https://evacaravan.com/nl/collections/all/products/nevera-compresor-thetford-t1090-de-90-l?_pos=12&_fid=8736a4c4b&_ss=c,nl,2026-02-15
https://evacaravan.com/nl/products/nevera-compresor-thetford-t1090-de-90-l?variant=51841171521878,nl,2026-02-15
https://evacaravan.com/fr-be/collections/all/products/mpk-claraboya-28x28?_pos=1&_fid=7d0218a23&_ss=c,fr-be,2026-02-15
https://evacaravan.com/fr/products/ce-con-el-remolque-acoplado-y-en-la-otra-las-medidas?variant=51917665272150,fr,2026-02-15
https://evacaravan.com/de-at/products/kit-solares-deep-power-280w?pr_prod_strat=collection_fallback&pr_rec_id=c8e6cd74a&pr_rec_pid=7586945925282&pr_ref_pid=7550896570530&pr_seq=uniform,de-at,2026-02-14
https://evacaravan.com/collections/energia/products/cargador-bateria?_pos=1&_fid=3c6ac9305&_ss=c,es-default,2026-02-14
https://evacaravan.com/collections/energia/products/cargador-bateria?_pos=1&_fid=4fa3d819d&_ss=c,es-default,2026-02-14
https://evacaravan.com/fr-be/products/antena-de-radio-terrestre-direccional-delta-pro-42-db?pr_prod_strat=collection_fallback&pr_rec_id=cf90cc47f&pr_rec_pid=7515168374946&pr_ref_pid=8717298205014&pr_seq=uniform,fr-be,2026-02-14
https://evacaravan.com/it-it/collections/all/products/3-bloqueadores-de-puerta-thule-door-frame-lock?_pos=78&_fid=d430671f1&_ss=c,it-it,2026-02-13
https://evacaravan.com/it-it/collections/vendors/products/3-bloqueadores-de-puerta-thule-door-frame-lock?_pos=12&_fid=0dbda5c50&_ss=c,it-it,2026-02-13
https://evacaravan.com/it-it/collections/cerraduras/products/3-bloqueadores-de-puerta-thule-door-frame-lock?_pos=5&_fid=778104b5a&_ss=c,it-it,2026-02-13
https://evacaravan.com/it-it/collections/all/products/3-bloqueadores-de-puerta-thule-door-frame-lock?_pos=80&_fid=84b0da841&_ss=c,it-it,2026-02-13
https://evacaravan.com/it-it/collections/all/products/3-bloqueadores-de-puerta-thule-door-frame-lock?_pos=78&_fid=5999b0b9f&_ss=c,it-it,2026-02-13
https://evacaravan.com/nl-nl/products/kits-solares-monocristalinos?pr_prod_strat=collection_fallback&pr_rec_id=2a861b888&pr_rec_pid=7515023638690&pr_ref_pid=8735675482454&pr_seq=uniform,nl-nl,2026-02-13
https://evacaravan.com/collections/vendors/products/sistema-de-blocaje-bicicletas-fiamma-bike-block-pro-3?_pos=24&_fid=cfb725804&_ss=c,es-default,2026-02-13
https://evacaravan.com/de-at/products/kits-solares-monocristalinos?pr_prod_strat=collection_fallback&pr_rec_id=07d386e60&pr_rec_pid=7515023638690&pr_ref_pid=7550896570530&pr_seq=uniform,de-at,2026-02-13
https://evacaravan.com/de-at/collections/productos-mas-vendidos/products/kits-solares-monocristalinos?_pos=1&_fid=09153407a&_ss=c,de-at,2026-02-12
https://evacaravan.com/de-at/collections/all/products/kits-solares-monocristalinos?_pos=71&_fid=e2159f0e2&_ss=c,de-at,2026-02-12
https://evacaravan.com/de-at/collections/all/products/kits-solares-monocristalinos?_pos=71&_fid=2ca7fb817&_ss=c,de-at,2026-02-12
https://evacaravan.com/en-de/collections/vendors?q=Tonna,en-de,2026-02-12
https://evacaravan.com/en-at/collections/vendors?q=Tonna,en-at,2026-02-12
https://evacaravan.com/de-at/collections/all/products/kits-solares-monocristalinos?_pos=6&_fid=0d4c2a155&_ss=c,de-at,2026-02-12
https://evacaravan.com/en-nl/collections/vendors?q=Baraldi,en-nl,2026-02-12
https://evacaravan.com/de-de/collections/all/products/kits-solares-monocristalinos?_pos=6&_fid=c2fe60d09&_ss=c,de-de,2026-02-11
https://evacaravan.com/de-at/collections/all/products/kits-solares-monocristalinos?_pos=6&_fid=fc2e97fc7&_ss=c,de-at,2026-02-11
https://evacaravan.com/de-de/collections/all/products/kits-solares-monocristalinos?_pos=6&_fid=4f62999f7&_ss=c,de-de,2026-02-10
https://evacaravan.com/de-de/products/kits-solares-monocristalinos?_fid=075c234e5&_pos=6&_ss=c,de-de,2026-02-10
https://evacaravan.com/de-at/products/kits-solares-monocristalinos?_fid=0d4c2a155&_pos=6&_ss=c,de-at,2026-02-10
https://evacaravan.com/de-de/products/kits-solares-monocristalinos?_fid=c2fe60d09&_pos=6&_ss=c,de-de,2026-02-10
https://evacaravan.com/en-eu/products/tv-ledhd-seeview-18-5?pr_prod_strat=collection_fallback&pr_rec_id=cbc47da7f&pr_rec_pid=7527055327394&pr_ref_pid=7515123744930&pr_seq=uniform,en-eu,2026-02-10
https://evacaravan.com/de-at/products/kits-solares-monocristalinos?_fid=fc2e97fc7&_pos=6&_ss=c,de-at,2026-02-10
https://evacaravan.com/nl-nl/collections/claraboyas/products/mpk-claraboya-28x28?_pos=2&_fid=c8d599b73&_ss=c,nl-nl,2026-02-10
https://evacaravan.com/en-eu/products/tv-ledhd-seeview-18-5?pr_prod_strat=collection_fallback&pr_rec_id=30284af07&pr_rec_pid=7527055327394&pr_ref_pid=7515123744930&pr_seq=uniform,en-eu,2026-02-10
https://evacaravan.com/en-eu/products/tv-ledhd-seeview-18-5?pr_prod_strat=collection_fallback&pr_rec_id=e36df3cb8&pr_rec_pid=7527055327394&pr_ref_pid=7515156545698&pr_seq=uniform,en-eu,2026-02-10
https://evacaravan.com/de-at/products/kits-solares-monocristalinos?variant=42199828005026,de-at,2026-02-10
https://evacaravan.com/products/antena-tv-terrestre-omnidireccional-wing-11-teleco?pr_prod_strat=collection_fallback&pr_rec_id=e61365b8f&pr_rec_pid=7515156545698&pr_ref_pid=7515123744930&pr_seq=uniform,es-default,2026-02-10
https://evacaravan.com/nl-nl/collections/vendors/products/mpk-claraboya-28x28?_pos=1&_fid=cdf16dfd3&_ss=c,nl-nl,2026-02-10
https://evacaravan.com/en-eu/products/tv-ledhd-seeview-18-5?pr_prod_strat=collection_fallback&pr_rec_id=1bf9658e6&pr_rec_pid=7527055327394&pr_ref_pid=7515145142434&pr_seq=uniform,en-eu,2026-02-10
https://evacaravan.com/nl-nl/collections/vendors/products/mpk-claraboya-28x28?_pos=1&_fid=800bcc9d1&_ss=c,nl-nl,2026-02-09
https://evacaravan.com/en-nl/collections/vendors?q=dometic,en-nl,2026-02-09
https://evacaravan.com/en-eu/products/tv-ledhd-seeview-18-5?pr_prod_strat=collection_fallback&pr_rec_id=5bb5c8124&pr_rec_pid=7527055327394&pr_ref_pid=7515145142434&pr_seq=uniform,en-eu,2026-02-08
https://evacaravan.com/de-at/products/kit-solares-deep-power-280w?pr_prod_strat=collection_fallback&pr_rec_id=b9da56aef&pr_rec_pid=7586945925282&pr_ref_pid=7550916034722&pr_seq=uniform,de-at,2026-02-08
https://evacaravan.com/en-be/collections/vendors?q=dometic,en-be,2026-02-08
https://evacaravan.com/en-eu/collections/antenas-tv/products/tv-ledhd-seeview-18-5?_pos=5&_fid=f5bc0fc39&_ss=c,en-eu,2026-02-07
https://evacaravan.com/en-eu/collections/all/products/tv-ledhd-seeview-18-5?_pos=1&_fid=da7e5200b&_ss=c,en-eu,2026-02-07
https://evacaravan.com/en-eu/collections/tv/products/tv-ledhd-seeview-18-5?_pos=2&_fid=3b6d983d0&_ss=c,en-eu,2026-02-06
https://evacaravan.com/en-eu/products/tv-ledhd-seeview-18-5?_fid=da7e5200b&_pos=1&_ss=c,en-eu,2026-02-06
https://evacaravan.com/products/portabicis-fiamma-pro-c?pr_prod_strat=description&pr_rec_id=5c23e9c99&pr_rec_pid=7516317188258&pr_ref_pid=7516078932130&pr_seq=uniform,es-default,2026-02-05
https://evacaravan.com/en-eu/products/tv-ledhd-seeview-18-5?variant=42230533816482,en-eu,2026-02-05
https://evacaravan.com/products/rail-fiamma?pr_prod_strat=collection_fallback&pr_rec_id=03d6ba92c&pr_rec_pid=7528366407842&pr_ref_pid=7516078932130&pr_seq=uniform,es-default,2026-02-03
https://evacaravan.com/en-eu/collections/sistema-de-nivelacion/products/calzos-fiamma-level-up?_pos=1&_fid=bc901f049&_ss=c,en-eu,2026-02-03
https://evacaravan.com/products/portabicis-fiamma-pro?pr_prod_strat=description&pr_rec_id=5c23e9c99&pr_rec_pid=7516273836194&pr_ref_pid=7516078932130&pr_seq=uniform,es-default,2026-02-03
https://evacaravan.com/nl-nl/collections/vendors?filter.v.availability=0&q=stanline,nl-nl,2026-02-03
https://evacaravan.com/collections/vendors/products/nevera-compresor-thetford-t1090-de-90-l?_pos=12&_fid=ba4dad91d&_ss=c,es-default,2026-02-02
https://evacaravan.com/products/kits-solares-monocristalinos?pr_prod_strat=collection_fallback&pr_rec_id=3a1573554&pr_rec_pid=7515023638690&pr_ref_pid=7550896570530&pr_seq=uniform,es-default,2026-02-02
https://evacaravan.com/es-eu/products/ce-con-el-remolque-acoplado-y-en-la-otra-las-medidas?variant=51917665272150,es-eu,2026-02-02
https://evacaravan.com/en/collections/vendors/products/acoplamiento-al-ko-270-optima?_pos=1&_fid=aba92df1c&_ss=c,en,2026-02-02
https://evacaravan.com/products/sistema-de-blocaje-bicicletas-fiamma-bike-block-pro-4?pr_prod_strat=description&pr_rec_id=4c8931201&pr_rec_pid=7528354283682&pr_ref_pid=7528281899170&pr_seq=uniform,es-default,2026-02-01
https://evacaravan.com/en/products/ce-con-el-remolque-acoplado-y-en-la-otra-las-medidas?variant=51917665272150,en,2026-02-01
https://evacaravan.com/collections/cerraduras/products/3-bloqueadores-de-puerta-thule-door-frame-lock?_pos=12&_fid=6dd4a05e5&_ss=c,es-default,2026-02-01
https://evacaravan.com/de-de/collections/vendors/products/thule-escalera-telescopica?_pos=14&_fid=4ca1f48b9&_ss=c,de-de,2026-02-01
https://evacaravan.com/de-de/collections/vendors/products/thule-escalera-telescopica?_pos=14&_fid=e5301e2d1&_ss=c,de-de,2026-02-01
https://evacaravan.com/fr-be/collections/energia/products/victron-energy-blue-smart-ip22-24-voltios-8-amperios-230v-cargador-de-bateria-de-salida-unica-cee-7-7-bluetooth?_pos=1&_fid=e1915771b&_ss=c,fr-be,2026-02-01
https://evacaravan.com/nl-nl/collections/cerraduras/products/van-lock?_pos=6&_fid=44e6337b3&_ss=c,nl-nl,2026-02-01
https://evacaravan.com/en/collections/vendors/products/nevera-compresor-thetford-t1090-de-90-l?_pos=12&_fid=7237860e2&_ss=c,en,2026-02-01
https://evacaravan.com/nl-nl/collections/equipamiento-exterior/products/cierre-de-seguridad-fiamma-safe-door-frame-3?_pos=38&_fid=6d098241e&_ss=c,nl-nl,2026-01-31
https://evacaravan.com/en-eu/collections/vendors/products/pack-3-cierres-de-seguridad-fiamma-safe-door?_pos=18&_fid=0dbf6d71b&_ss=c,en-eu,2026-01-31
https://evacaravan.com/de-at/products/kit-solares-deep-power-280w?pr_prod_strat=copurchase_transfer_learning&pr_rec_id=9f4b232b7&pr_rec_pid=7586945925282&pr_ref_pid=7586938126498&pr_seq=uniform,de-at,2026-01-31
https://evacaravan.com/pt-pt/products/kit-solares-deep-power-235w?pr_prod_strat=collection_fallback&pr_rec_id=1cddd0328&pr_rec_pid=7586945859746&pr_ref_pid=7550943264930&pr_seq=uniform,pt-pt,2026-01-31
https://evacaravan.com/pt-pt/collections/vendors?q=Stanline&filter.p.vendor=Stanline&view=view-24&grid_list=grid-view,pt-pt,2026-01-31
https://evacaravan.com/en/collections/all/products/nevera-compresor-thetford-t1090-de-90-l?_pos=130&_fid=0bb592088&_ss=c,en,2026-01-30
https://evacaravan.com/products/kits-solares-monocristalinos?pr_prod_strat=collection_fallback&pr_rec_id=b70f231ed&pr_rec_pid=7515023638690&pr_ref_pid=7600303046818&pr_seq=uniform,es-default,2026-01-30
https://evacaravan.com/en/collections/all/products/nevera-compresor-thetford-t1090-de-90-l?_pos=12&_fid=7f1c0f3c6&_ss=c,en,2026-01-30
https://evacaravan.com/nl-nl/collections/cerraduras/products/3-bloqueadores-de-puerta-thule-door-frame-lock?_pos=5&_fid=44e6337b3&_ss=c,nl-nl,2026-01-30
https://evacaravan.com/en/products/nevera-compresor-thetford-t1090-de-90-l?variant=51841171521878,en,2026-01-30
https://evacaravan.com/collections/all/products/nevera-compresor-thetford-t1090-de-90-l?_pos=130&_fid=a1922b009&_ss=c,es-default,2026-01-29
https://evacaravan.com/collections/all/products/nevera-compresor-thetford-t1090-de-90-l?_pos=130&_fid=effe92a52&_ss=c,es-default,2026-01-29
https://evacaravan.com/collections/all/products/nevera-compresor-thetford-t1090-de-90-l?_pos=12&_fid=e054605a1&_ss=c,es-default,2026-01-29
https://evacaravan.com/products/nevera-compresor-thetford-t1090-de-90-l?variant=51841171521878,es-default,2026-01-29
https://evacaravan.com/nl-nl/collections/all/products/shurflo-10-litros?_pos=149&_fid=ae9e21767&_ss=c,nl-nl,2026-01-29
https://evacaravan.com/fr-be/collections/all/products/kit-acoplamiento-estabilizador-aks™-3004-antirrobo?_pos=65&_fid=5eb1cce68&_ss=c,fr-be,2026-01-28
https://evacaravan.com/products/rail-fiamma?pr_prod_strat=collection_fallback&pr_rec_id=03c6ca91d&pr_rec_pid=7528366407842&pr_ref_pid=7516185854114&pr_seq=uniform,es-default,2026-01-28
https://evacaravan.com/collections/energia/products/cargador-bateria?_pos=1&_fid=d75203261&_ss=c,es-default,2026-01-28
https://evacaravan.com/de-at/collections/vendors/products/thetford-porta-potti-565-e?_pos=14&_fid=a6658a569&_ss=c,de-at,2026-01-27
https://evacaravan.com/pt/collections/vendors/products/nevera-compresor-thetford-t1090-de-90-l?_pos=12&_fid=c17c685aa&_ss=c,pt,2026-01-27
https://evacaravan.com/pt/products/nevera-compresor-thetford-t1090-de-90-l?variant=51841171521878,pt,2026-01-26
https://evacaravan.com/de-at/products/kit-solares-deep-power-280w?pr_prod_strat=collection_fallback&pr_rec_id=07d386e60&pr_rec_pid=7586945925282&pr_ref_pid=7550896570530&pr_seq=uniform,de-at,2026-01-26
https://evacaravan.com/en-be/products/kits-solares-monocristalinos?pr_prod_strat=collection_fallback&pr_rec_id=d2ab9e447&pr_rec_pid=7515023638690&pr_ref_pid=7587136110754&pr_seq=uniform,en-be,2026-01-26
https://evacaravan.com/pt-pt/collections/equipamiento-exterior/products/rueda-jockey-premium-al-ko-o-48mm-300-kg?_pos=11&_fid=54aed0e30&_ss=c,pt-pt,2026-01-25
https://evacaravan.com/it-it/collections/all/products/cerradura-de-seguridad-meroni-ufo-plus-para-vehiculos-comerciales?_pos=21&_fid=3ddf8b65c&_ss=c,it-it,2026-01-24
https://evacaravan.com/products/kits-solares-monocristalinos?pr_prod_strat=collection_fallback&pr_rec_id=c4b5279ea&pr_rec_pid=7515023638690&pr_ref_pid=7518105141410&pr_seq=uniform,es-default,2026-01-24
https://evacaravan.com/de-de/products/kits-solares-monocristalinos?pr_prod_strat=collection_fallback&pr_rec_id=b13f75df3&pr_rec_pid=7515023638690&pr_ref_pid=7550896570530&pr_seq=uniform,de-de,2026-01-23
https://evacaravan.com/fr-fr/products/tv-ledhd-seeview-18-5?variant=42230533816482,fr-fr,2026-01-23
https://evacaravan.com/products/kit-solares-deep-power-280w?pr_prod_strat=collection_fallback&pr_rec_id=b70f231ed&pr_rec_pid=7586945925282&pr_ref_pid=7600303046818&pr_seq=uniform,es-default,2026-01-23
https://evacaravan.com/collections/vendors/products/kit-acoplamiento-estabilizador-aks™-3004-antirrobo?_pos=2&_fid=4a89078dc&_ss=c,es-default,2026-01-22
https://evacaravan.com/it-it/collections/vendors?q=stanline&view=view-48,it-it,2026-01-22
https://evacaravan.com/pt-pt/collections/all/products/tv-ledhd-stanline-15-6?_pos=1&_fid=ce13f2772&_ss=c,pt-pt,2026-01-21
https://evacaravan.com/it/collections/all/products/ce-con-el-remolque-acoplado-y-en-la-otra-las-medidas?_pos=2&_fid=aa230596a&_ss=c,it,2026-01-21
https://evacaravan.com/collections/wc/products/fiamma-roll-tank-40w?_pos=8&_fid=e92f79e24&_ss=c,es-default,2026-01-21
https://evacaravan.com/pt/collections/estabilizadores/products/acoplamiento-estabilizador-aks™-3004?_pos=2&_fid=76e563932&_ss=c,pt,2026-01-21
https://evacaravan.com/collections/cerraduras/products/cerradura-para-furgoneta-meroni-ufo3-smart-duo-blanco?_pos=4&_fid=1ee7d4175&_ss=c,es-default,2026-01-21
https://evacaravan.com/collections/vendors/products/aire-acondicionado-clima-e-van-7400h?_pos=1&_fid=9c0d6b3a2&_ss=c,es-default,2026-01-20
https://evacaravan.com/nl-nl/products/nevera-compresor-thetford-t1090-de-90-l?variant=51841171521878,nl-nl,2026-01-20
https://evacaravan.com/products/smart-tv-hitachi-21-5-wi-fi-full-hd?pr_prod_strat=description&pr_rec_id=df8eb04c1&pr_rec_pid=7527112573090&pr_ref_pid=7527055327394&pr_seq=uniform,es-default,2026-01-20
https://evacaravan.com/collections/all/products/acoplamiento-al-ko-270-optima?_pos=1&_fid=32892877e&_ss=c,es-default,2026-01-20
https://evacaravan.com/collections/vendors/products/kit-thetford-lavabo-fresh-up-set-c400?_pos=9&_fid=2834bd228&_ss=c,es-default,2026-01-20
https://evacaravan.com/fr-be/products/kit-solares-deep-power-280w?pr_prod_strat=collection_fallback&pr_rec_id=e6efa8c43&pr_rec_pid=7586945925282&pr_ref_pid=7550919213218&pr_seq=uniform,fr-be,2026-01-20
https://evacaravan.com/it-it/collections/wc/products/inodoro-portatil-porta-pottis-qube-335?_pos=10&_fid=86789cf98&_ss=c,it-it,2026-01-20
https://evacaravan.com/de-at/collections/vendors/products/cerradura-para-furgoneta-meroni-ufo2?_pos=3&_fid=1717c9612&_ss=c,de-at,2026-01-20
https://evacaravan.com/fr-be/collections/all/products/thetford-aqua-kem-blue-la-solucion-definitiva-para-tus-aguas-negras?_pos=85&_fid=5eb1cce68&_ss=c,fr-be,2026-01-20
https://evacaravan.com/de-at/collections/vendors/products/cerradura-para-furgoneta-meroni-ufo2?_pos=3&_fid=39299dc88&_ss=c,de-at,2026-01-20
https://evacaravan.com/en-eu/collections/calefacciones/products/caldera-truma-therme?_pos=1&_fid=23966f292&_ss=c,en-eu,2026-01-20
https://evacaravan.com/de-at/collections/vendors/products/cerradura-para-furgoneta-meroni-ufo2?_pos=3&_fid=22e8f2a22&_ss=c,de-at,2026-01-20
https://evacaravan.com/de-at/collections/all/products/cerradura-para-furgoneta-meroni-ufo2?_pos=25&_fid=2ca7fb817&_ss=c,de-at,2026-01-20
https://evacaravan.com/de-at/collections/all/products/cerradura-para-furgoneta-meroni-ufo2?_pos=23&_fid=97d222afa&_ss=c,de-at,2026-01-20
https://evacaravan.com/collections/fiamma/products/fiamma-vaso-expansion-a20?_pos=3&_fid=fe373d640&_ss=c,es-default,2026-01-20
https://evacaravan.com/collections/fiamma/products/fiamma-vaso-expansion-a20?_pos=3&_fid=4c8adf70d&_ss=c,es-default,2026-01-20
https://evacaravan.com/collections/vendors/products/fiamma-vaso-expansion-a20?_pos=13&_fid=d023203c8&_ss=c,es-default,2026-01-20
https://evacaravan.com/it-it/collections/antenas-tv/products/tv-ledhd-seeview-18-5?_pos=6&_fid=a5ffcb526&_ss=c,it-it,2026-01-20
https://evacaravan.com/it-it/collections/antenas-tv/products/tv-ledhd-seeview-18-5?_pos=1&_fid=af6319508&_ss=c,it-it,2026-01-20
https://evacaravan.com/collections/vendors/products/fiamma-vaso-expansion-a20?_pos=13&_fid=ad229000b&_ss=c,es-default,2026-01-20
https://evacaravan.com/fr-fr/products/kits-solares-monocristalinos?pr_prod_strat=collection_fallback&pr_rec_id=02a13faae&pr_rec_pid=7515023638690&pr_ref_pid=7550943264930&pr_seq=uniform,fr-fr,2026-01-19
https://evacaravan.com/products/kit-solares-deep-power-105w?pr_prod_strat=collection_fallback&pr_rec_id=516f34533&pr_rec_pid=7586938126498&pr_ref_pid=7600303046818&pr_seq=uniform,es-default,2026-01-19
https://evacaravan.com/en-eu/collections/calefacciones/products/caldera-truma-therme?_pos=1&_fid=019757f26&_ss=c,en-eu,2026-01-19
https://evacaravan.com/fr-fr/products/kits-solares-monocristalinos?pr_prod_strat=collection_fallback&pr_rec_id=0536ea3cd&pr_rec_pid=7515023638690&pr_ref_pid=7586945859746&pr_seq=uniform,fr-fr,2026-01-19
https://evacaravan.com/collections/wc/products/fiamma-vaso-expansion-a20?_pos=4&_fid=a85cc1d7b&_ss=c,es-default,2026-01-19
https://evacaravan.com/de-at/collections/all/products/cerradura-para-furgoneta-meroni-ufo2?_pos=3&_fid=e6f831a69&_ss=c,de-at,2026-01-19
https://evacaravan.com/en-eu/collections/vendors/products/fiamma-fresh-water-tank-deposito-de-agua-limpia-de-70-litros?_pos=15&_fid=0dbf6d71b&_ss=c,en-eu,2026-01-19
https://evacaravan.com/de-at/collections/all/products/cerradura-para-furgoneta-meroni-ufo2?_pos=3&_fid=9a2a55730&_ss=c,de-at,2026-01-19
https://evacaravan.com/fr-fr/products/kits-solares-monocristalinos?pr_prod_strat=collection_fallback&pr_rec_id=0d1ab1c9a&pr_rec_pid=7515023638690&pr_ref_pid=7600303046818&pr_seq=uniform,fr-fr,2026-01-19
https://evacaravan.com/it-it/collections/vendors?q=stanline&filter.p.vendor=Stanline&view=view-36&grid_list=grid-view,it-it,2026-01-19
https://evacaravan.com/collections/all/products/acoplamiento-al-ko-270-optima?_pos=1&_fid=6178a6052&_ss=c,es-default,2026-01-19
https://evacaravan.com/en-be/products/kit-solares-deep-power-280w?pr_prod_strat=collection_fallback&pr_rec_id=d2ab9e447&pr_rec_pid=7586945925282&pr_ref_pid=7587136110754&pr_seq=uniform,en-be,2026-01-19
https://evacaravan.com/en-eu/collections/calderas/products/caldera-truma-therme?_pos=1&_fid=ba01912df&_ss=c,en-eu,2026-01-19
https://evacaravan.com/fr-fr/collections/productos-mas-vendidos/products/kits-solares-monocristalinos?_pos=6&_fid=55a9daf7e&_ss=c,fr-fr,2026-01-19
https://evacaravan.com/it-it/collections/vendors?q=stanline&filter.p.vendor=Stanline&view=view-48&grid_list=grid-view,it-it,2026-01-19
https://evacaravan.com/en-eu/collections/calderas/products/caldera-truma-therme?_pos=1&_fid=c1759291a&_ss=c,en-eu,2026-01-19
https://evacaravan.com/pt-pt/collections/inversores-12v-onda-pura/products/copia-de-inversor-12v-onda-pura-2000w?_pos=2&_fid=6f5b27c77&_ss=c,pt-pt,2026-01-19
https://evacaravan.com/fr-fr/collections/productos-mas-vendidos/products/kits-solares-monocristalinos?_pos=1&_fid=00e1c1fd5&_ss=c,fr-fr,2026-01-19
https://evacaravan.com/it-it/collections/vendors?q=stanline&&view=view-24&grid_list=grid-view,it-it,2026-01-19
https://evacaravan.com/collections/vendors/products/aire-acondicionado-clima-e-van-7400h?_pos=1&_fid=3abb00d55&_ss=c,es-default,2026-01-19
https://evacaravan.com/fr-fr/collections/kits-solares/products/kits-solares-monocristalinos?_pos=1&_fid=40164b346&_ss=c,fr-fr,2026-01-19
https://evacaravan.com/en-eu/collections/calderas/products/caldera-truma-therme?_pos=1&_fid=1af3db180&_ss=c,en-eu,2026-01-19
https://evacaravan.com/collections/claraboyas/products/mpk-claraboya-28x28?_pos=1&_fid=a98acdb33&_ss=c,es-default,2026-01-19
https://evacaravan.com/en-eu/collections/vendors/products/caldera-truma-therme?_pos=1&_fid=64868e028&_ss=c,en-eu,2026-01-19
https://evacaravan.com/en-eu/collections/portabicis-y-accesorios/products/panel-senal-portabicicletas-fiamma?_pos=4&_fid=68b1b2f37&_ss=c,en-eu,2026-01-19
https://evacaravan.com/collections/all/products/cerradura-para-furgoneta-meroni-ufo-auto-classic?variant=47671225385302&_pos=23&_fid=a0ad76ed4&_ss=c,es-default,2026-01-19
https://evacaravan.com/en-eu/collections/portabicis-y-accesorios/products/panel-senal-portabicicletas-fiamma?_pos=5&_fid=490b71846&_ss=c,en-eu,2026-01-18
https://evacaravan.com/en-eu/collections/vendors/products/caldera-truma-therme?_pos=1&_fid=8a466d40b&_ss=c,en-eu,2026-01-18
https://evacaravan.com/fr-fr/collections/vendors/products/kits-solares-monocristalinos?_pos=6&_fid=3818624c5&_ss=c,fr-fr,2026-01-18
https://evacaravan.com/en-eu/collections/all/products/caldera-truma-therme?_pos=17&_fid=84b0da841&_ss=c,en-eu,2026-01-18
https://evacaravan.com/fr-fr/collections/energia/products/kits-solares-monocristalinos?_pos=1&_fid=2d44e85bc&_ss=c,fr-fr,2026-01-18
https://evacaravan.com/fr-fr/collections/vendors?q=seeview&filter.p.vendor=Seeview&view=view-24&grid_list=grid-view,fr-fr,2026-01-18
https://evacaravan.com/en-eu/collections/portabicis-y-accesorios/products/panel-senal-portabicicletas-fiamma?_pos=4&_fid=b24cfbc7b&_ss=c,en-eu,2026-01-18
https://evacaravan.com/it-it/collections/vendors?q=stanline&&view=view-48&grid_list=grid-view,it-it,2026-01-18
https://evacaravan.com/products/kit-solares-deep-power-235w?pr_prod_strat=collection_fallback&pr_rec_id=6ddc16695&pr_rec_pid=7586945859746&pr_ref_pid=7587136110754&pr_seq=uniform,es-default,2026-01-18
https://evacaravan.com/fr-fr/collections/vendors/products/kits-solares-monocristalinos?_pos=6&_fid=466c47f08&_ss=c,fr-fr,2026-01-18
https://evacaravan.com/en-eu/collections/equipamiento-exterior/products/panel-senal-portabicicletas-fiamma?_pos=8&_fid=080f061ff&_ss=c,en-eu,2026-01-18
https://evacaravan.com/fr-fr/collections/all/products/kits-solares-monocristalinos?_pos=69&_fid=b5ff88829&_ss=c,fr-fr,2026-01-18
https://evacaravan.com/fr-fr/collections/vendors?q=seeview&filter.p.vendor=Seeview&view=view-48&grid_list=grid-view,fr-fr,2026-01-18
https://evacaravan.com/fr-fr/collections/vendors?q=seeview&filter.p.vendor=Seeview&view=view-36&grid_list=grid-view,fr-fr,2026-01-18
https://evacaravan.com/collections/vendors/products/portabicis-fiamma-pro?_pos=16&_fid=cfb725804&_ss=c,es-default,2026-01-17
https://evacaravan.com/fr-fr/collections/vendors?filter.v.availability=1&q=seeview&view=view-24,fr-fr,2026-01-17
https://evacaravan.com/fr-fr/collections/all/products/smart-tv-hitachi-21-5-wi-fi-full-hd?_pos=1&_fid=4fa84f562&_ss=c,fr-fr,2026-01-17
https://evacaravan.com/collections/all/products/mpk-claraboya-28x28?_pos=1&_fid=94996771c&_ss=c,es-default,2026-01-17
https://evacaravan.com/en-eu/collections/vendors/products/panel-senal-portabicicletas-fiamma?_pos=23&_fid=0dbf6d71b&_ss=c,en-eu,2026-01-17
https://evacaravan.com/it-it/collections/vendors?filter.p.vendor=Stanline&q=stanline&view=view-48,it-it,2026-01-17
https://evacaravan.com/it-it/collections/vendors/products/tv-ledhd-seeview-18-5?_pos=1&_fid=d9fd0796c&_ss=c,it-it,2026-01-17
https://evacaravan.com/it-it/collections/vendors?filter.p.vendor=Stanline&q=stanline&view=view-24,it-it,2026-01-17
https://evacaravan.com/it-it/collections/vendors?filter.v.availability=0&q=stanline&view=view-48,it-it,2026-01-16
https://evacaravan.com/fr-fr/collections/tv/products/smart-tv-hitachi-21-5-wi-fi-full-hd?_pos=1&_fid=6ec6d0f3a&_ss=c,fr-fr,2026-01-16
https://evacaravan.com/de-de/collections/all/products/cargador-bateria?_pos=19&_fid=93eee5cb3&_ss=c,de-de,2026-01-16
https://evacaravan.com/it-it/collections/all/products/tv-ledhd-seeview-18-5?_pos=169&_fid=ae9e21767&_ss=c,it-it,2026-01-16
https://evacaravan.com/collections/wc/products/fiamma-vaso-expansion-a20?_pos=4&_fid=af6ba2683&_ss=c,es-default,2026-01-16
https://evacaravan.com/it-it/collections/vendors?filter.v.availability=1&q=stanline&view=view-24,it-it,2026-01-16
https://evacaravan.com/en-eu/collections/all/products/caldera-truma-therme?_pos=1&_fid=f01b8b6b5&_ss=c,en-eu,2026-01-15
https://evacaravan.com/fr-fr/collections/tv/products/smart-tv-hitachi-21-5-wi-fi-full-hd?_pos=1&_fid=888278dba&_ss=c,fr-fr,2026-01-15
https://evacaravan.com/collections/vendors?q=stanline,es-default,2026-01-15
https://evacaravan.com/fr-fr/products/smart-tv-hitachi-21-5-wi-fi-full-hd?_fid=180a8f235&_pos=4&_ss=c,fr-fr,2026-01-15
https://evacaravan.com/fr-fr/products/smart-tv-hitachi-21-5-wi-fi-full-hd?_fid=9ebcbdf16&_pos=4&_ss=c,fr-fr,2026-01-15
https://evacaravan.com/it-it/collections/all/products/victron-energy-sistema-de-controlador-monitor-version-mk2?_pos=191&_fid=ae9e21767&_ss=c,it-it,2026-01-15
https://evacaravan.com/en-pt/collections/vendors?q=fiamma,en-pt,2026-01-15
https://evacaravan.com/fr-fr/products/smart-tv-hitachi-21-5-wi-fi-full-hd?_fid=4fa84f562&_pos=1&_ss=c,fr-fr,2026-01-15
https://evacaravan.com/it-it/collections/all/products/antena-terrestre-omnidireccional-tonna?_pos=2&_fid=60ab1fa2e&_ss=c,it-it,2026-01-14
https://evacaravan.com/collections/vendors/products/mpk-claraboya-28x28?_pos=1&_fid=af1796f42&_ss=c,es-default,2026-01-14
https://evacaravan.com/products/cerradura-para-furgoneta-meroni-ufo3-smart-duo-negro?pr_prod_strat=collection_fallback&pr_rec_id=cecc27a95&pr_rec_pid=8735845220694&pr_ref_pid=8735773491542&pr_seq=uniform,es-default,2026-01-14
https://evacaravan.com/fr-be/collections/all/products/kits-solares-monocristalinos?_pos=66&_fid=2cd6e5ca9&_ss=c,fr-be,2026-01-14
https://evacaravan.com/collections/vendors/products/pack-3-cierres-de-seguridad-fiamma-safe-door?_pos=14&_fid=cfb725804&_ss=c,es-default,2026-01-14
https://evacaravan.com/it-it/collections/antenas-tv/products/antena-terrestre-omnidireccional-tonna?_pos=3&_fid=a5ffcb526&_ss=c,it-it,2026-01-14
https://evacaravan.com/it-it/collections/all/products/tv-ledhd-seeview-18-5?_pos=103&_fid=84b0da841&_ss=c,it-it,2026-01-14
https://evacaravan.com/de-at/products/tv-ledhd-seeview-18-5?pr_prod_strat=collection_fallback&pr_rec_id=a770693ab&pr_rec_pid=7527055327394&pr_ref_pid=7527112573090&pr_seq=uniform,de-at,2026-01-14
https://evacaravan.com/it-it/collections/vendors?filter.p.vendor=Stanline&q=stanline,it-it,2026-01-14
https://evacaravan.com/de-de/collections/antenas-tv/products/tv-ledhd-seeview-18-5?_pos=1&_fid=06ae08f1e&_ss=c,de-de,2026-01-14
https://evacaravan.com/de-de/collections/antenas-tv/products/tv-ledhd-seeview-18-5?_pos=6&_fid=3a34e05ff&_ss=c,de-de,2026-01-14
https://evacaravan.com/collections/vendors/products/rail-fiamma?_pos=19&_fid=cfb725804&_ss=c,es-default,2026-01-13
https://evacaravan.com/it-it/collections/all/products/tv-ledhd-seeview-18-5?_pos=98&_fid=d430671f1&_ss=c,it-it,2026-01-13
https://evacaravan.com/fr-fr/products/smart-tv-hitachi-21-5-wi-fi-full-hd?_fid=d661a666b&_pos=1&_ss=c,fr-fr,2026-01-13
https://evacaravan.com/fr-fr/products/smart-tv-hitachi-21-5-wi-fi-full-hd?_fid=ff99f2bbd&_pos=1&_ss=c,fr-fr,2026-01-13
https://evacaravan.com/it-it/collections/all/products/tv-ledhd-seeview-18-5?_pos=1&_fid=e201ea736&_ss=c,it-it,2026-01-13
https://evacaravan.com/fr-fr/collections/vendors/products/tv-ledhd-seeview-18-5?_pos=1&_fid=695d67349&_ss=c,fr-fr,2026-01-13
https://evacaravan.com/fr-fr/products/smart-tv-hitachi-21-5-wi-fi-full-hd?_fid=cc4026c5d&_pos=4&_ss=c,fr-fr,2026-01-13
https://evacaravan.com/fr-be/collections/all/products/kits-solares-monocristalinos?_pos=6&_fid=cd6dcb472&_ss=c,fr-be,2026-01-13
https://evacaravan.com/fr-be/collections/all/products/kits-solares-monocristalinos?_pos=6&_fid=977072780&_ss=c,fr-be,2026-01-13
https://evacaravan.com/it-it/collections/vendors?q=stanline&view=view-24,it-it,2026-01-13
https://evacaravan.com/fr-fr/collections/all/products/tv-ledhd-seeview-18-5?_pos=104&_fid=b5ff88829&_ss=c,fr-fr,2026-01-13
https://evacaravan.com/fr-fr/products/smart-tv-hitachi-21-5-wi-fi-full-hd?variant=42230624944290,fr-fr,2026-01-13
https://evacaravan.com/fr-be/collections/all/products/kits-solares-monocristalinos?_pos=6&_fid=380d5061f&_ss=c,fr-be,2026-01-13
https://evacaravan.com/de-at/products/kit-solares-deep-power-280w?pr_prod_strat=collection_fallback&pr_rec_id=99a51dbff&pr_rec_pid=7586945925282&pr_ref_pid=7550896570530&pr_seq=uniform,de-at,2026-01-13
https://evacaravan.com/fr-be/products/kit-solares-deep-power-235w?pr_prod_strat=collection_fallback&pr_rec_id=7f1dfd36c&pr_rec_pid=7586945859746&pr_ref_pid=7600303046818&pr_seq=uniform,fr-be,2026-01-13
https://evacaravan.com/fr-fr/products/kits-solares-monocristalinos?_fid=b5ff88829&_pos=69&_ss=c,fr-fr,2026-01-13
https://evacaravan.com/pt-pt/collections/all/products/kit-solar-deep-power?_pos=2&_fid=9f8c1493c&_ss=c,pt-pt,2026-01-13
https://evacaravan.com/pt-pt/products/kit-solar-deep-power?_fid=f6833dfbf&_pos=65&_ss=c,pt-pt,2026-01-13
https://evacaravan.com/products/rail-portabicicletas-fiamma-rail-premium?pr_prod_strat=collection_fallback&pr_rec_id=17fc4e97a&pr_rec_pid=7528392163490&pr_ref_pid=7518036426914&pr_seq=uniform,es-default,2026-01-13
https://evacaravan.com/de-de/collections/vendors?q=seeview,de-de,2026-01-13
https://evacaravan.com/pt-pt/products/kit-solar-deep-power?_fid=9f8c1493c&_pos=2&_ss=c,pt-pt,2026-01-13
https://evacaravan.com/fr-be/products/kits-solares-monocristalinos?_fid=cd6dcb472&_pos=6&_ss=c,fr-be,2026-01-13
https://evacaravan.com/fr-be/products/kits-solares-monocristalinos?_fid=a5fa81719&_pos=6&_ss=c,fr-be,2026-01-13
https://evacaravan.com/pt-pt/products/kit-solar-deep-power?_fid=b062f072b&_pos=2&_ss=c,pt-pt,2026-01-13
https://evacaravan.com/fr-fr/collections/all/products/tv-ledhd-seeview-18-5?_pos=1&_fid=d22f9afd4&_ss=c,fr-fr,2026-01-13
https://evacaravan.com/collections/vendors/products/mpk-claraboya-28x28?_pos=1&_fid=b10d25bee&_ss=c,es-default,2026-01-13
https://evacaravan.com/collections/vendors/products/cierre-de-seguridad-fiamma-safe-door?_pos=4&_fid=cfb725804&_ss=c,es-default,2026-01-12
https://evacaravan.com/collections/all/products/cargador-bateria?_pos=19&_fid=a0ad76ed4&_ss=c,es-default,2026-01-12
https://evacaravan.com/it-it/collections/antenas-tv/products/antena-terrestre-omnidireccional-tonna?_pos=3&_fid=2ebadc970&_ss=c,it-it,2026-01-12
https://evacaravan.com/de-de/collections/antenas-tv/products/tv-ledhd-seeview-18-5?_pos=1&_fid=f7fef4893&_ss=c,de-de,2026-01-12
https://evacaravan.com/collections/vendors/products/portabicis-fiamma-pro-m?_pos=1&_fid=5813fc988&_ss=c,es-default,2026-01-12
https://evacaravan.com/collections/vendors/products/bateria-auxiliar-power-line-agm-80-amperios-copia?_pos=1&_fid=d134b3fe6&_ss=c,es-default,2026-01-12
https://evacaravan.com/fr-fr/products/kits-solares-monocristalinos?_fid=466c47f08&_pos=6&_ss=c,fr-fr,2026-01-11
https://evacaravan.com/nl-nl/collections/all/products/tv-ledhd-seeview-18-5?_pos=169&_fid=ae9e21767&_ss=c,nl-nl,2026-01-11
https://evacaravan.com/collections/all/products/acoplamiento-al-ko-270-optima?_pos=1&_fid=ae9e21767&_ss=c,es-default,2026-01-11
https://evacaravan.com/collections/cocina/products/dometic-ck-500?_pos=3&_fid=224d169fd&_ss=c,es-default,2026-01-11
https://evacaravan.com/collections/all/products/milenco-0512-cerradura-comercial-para-volante-antirrobo?_pos=120&_fid=e5cdd2326&_ss=c,es-default,2026-01-11
https://evacaravan.com/en-fr/collections/vendors?q=truma,en-fr,2026-01-11
https://evacaravan.com/collections/antenas-tv/products/antena-terrestre-omnidireccional-tonna?_pos=7&_fid=d57f4c42e&_ss=c,es-default,2026-01-11
https://evacaravan.com/collections/energia/products/kit-solares-deep-power-195w?_pos=4&_fid=515d221f7&_ss=c,es-default,2026-01-11
https://evacaravan.com/products/kit-solares-deep-power-280w?pr_prod_strat=collection_fallback&pr_rec_id=c00543c3b&pr_rec_pid=7586945925282&pr_ref_pid=7550916034722&pr_seq=uniform,es-default,2026-01-11
https://evacaravan.com/collections/equipamiento-exterior/products/panel-senal-portabicicletas-fiamma?_pos=17&_fid=e2bf8496e&_ss=c,es-default,2026-01-11
https://evacaravan.com/collections/all/products/calzos-fiamma-level-up?_pos=16&_fid=a0ad76ed4&_ss=c,es-default,2026-01-10
https://evacaravan.com/fr-fr/collections/all/products/tv-ledhd-seeview-18-5?_pos=1&_fid=5854ba977&_ss=c,fr-fr,2026-01-10
https://evacaravan.com/fr-fr/collections/tv/products/tv-ledhd-seeview-18-5?_pos=1&_fid=453ce0114&_ss=c,fr-fr,2026-01-10
https://evacaravan.com/collections/all/products/dometic-ck-500?_pos=42&_fid=a0ad76ed4&_ss=c,es-default,2026-01-09
https://evacaravan.com/nl-nl/collections/vendors/products/mpk-claraboya-28x28?_pos=1&_fid=f156d3287&_ss=c,nl-nl,2026-01-09
https://evacaravan.com/pt-pt/collections/vendors/products/regulador-truma-duocontrol-cs-horizontal?_pos=2&_fid=46dfddedd&_ss=c,pt-pt,2026-01-09
https://evacaravan.com/en-eu/collections/fresh-up-set/products/thetford-toilet-fresh-up-set-c2-c3-c4-left?_pos=7&_fid=e26581ba8&_ss=c,en-eu,2026-01-09
https://evacaravan.com/pt-pt/collections/accesorios-gas/products/regulador-truma-monocontrol-cs?_pos=3&_fid=356de49aa&_ss=c,pt-pt,2026-01-09
https://evacaravan.com/pt-pt/collections/vendors/products/tv-ledhd-stanline-15-6?_pos=1&_fid=0e5712e8a&_ss=c,pt-pt,2026-01-09
https://evacaravan.com/pt-pt/collections/accesorios-gas/products/regulador-truma-monocontrol-cs?_pos=3&_fid=d846dc167&_ss=c,pt-pt,2026-01-09
https://evacaravan.com/it-it/collections/accesorios-gas/products/regulador-truma-duocontrol-cs-horizontal?_pos=1&_fid=0797cc013&_ss=c,it-it,2026-01-09
https://evacaravan.com/fr-be/products/kits-solares-monocristalinos?_fid=0ad3ab33c&_pos=6&_ss=c,fr-be,2026-01-09
https://evacaravan.com/de-at/collections/vendors/products/thetford-porta-potti-565-e?_pos=14&_fid=35d13e048&_ss=c,de-at,2026-01-09
https://evacaravan.com/collections/all/products/smart-tv-hitachi-21-5-wi-fi-full-hd?_pos=1&_fid=dd7e0f60b&_ss=c,es-default,2026-01-09
https://evacaravan.com/fr-fr/collections/vendors?q=seeview&&view=view-36&grid_list=grid-view,fr-fr,2026-01-09
https://evacaravan.com/collections/cerradura-para-furgonetas/products/cerraduras-automaticas-para-furgonetas-meroni-ufo3-comfort-negro?_pos=2&_fid=444480564&_ss=c,es-default,2026-01-09
https://evacaravan.com/it-it/collections/all/products/kit-thetford-lavabo-fresh-up-set-c400?_pos=118&_fid=ae9e21767&_ss=c,it-it,2026-01-09
https://evacaravan.com/it-it/collections/accesorios-gas/products/regulador-truma-duocontrol-cs-horizontal?_pos=1&_fid=d45f9aa1f&_ss=c,it-it,2026-01-08
https://evacaravan.com/products/kit-solares-deep-power-280w?pr_prod_strat=collection_fallback&pr_rec_id=f5650c554&pr_rec_pid=7586945925282&pr_ref_pid=7550903582882&pr_seq=uniform,es-default,2026-01-08
https://evacaravan.com/de-de/collections/vendors?q=Narbone,de-de,2026-01-08
https://evacaravan.com/fr-fr/products/kits-solares-monocristalinos?pr_prod_strat=collection_fallback&pr_rec_id=cd5bf593e&pr_rec_pid=7515023638690&pr_ref_pid=7518105141410&pr_seq=uniform,fr-fr,2026-01-08
https://evacaravan.com/pt-pt/collections/accesorios-gas/products/regulador-truma-duocontrol-cs-horizontal?_pos=1&_fid=356de49aa&_ss=c,pt-pt,2026-01-08
https://evacaravan.com/en-eu/collections/equipamiento-exterior/products/kit-acoplamiento-estabilizador-aks™-3004-antirrobo?_pos=1&_fid=c70c3c54c&_ss=c,en-eu,2026-01-08
https://evacaravan.com/fr-be/collections/vendors?q=Narbone,fr-be,2026-01-08
https://evacaravan.com/fr-be/products/kits-solares-monocristalinos?_fid=380d5061f&_pos=6&_ss=c,fr-be,2026-01-07
https://evacaravan.com/fr-be/products/kits-solares-monocristalinos?_fid=977072780&_pos=6&_ss=c,fr-be,2026-01-07
https://evacaravan.com/fr-be/collections/all/products/cerradura-para-furgoneta-meroni-ufo3-smart-duo-blanco?_pos=26&_fid=8b1bb85d9&_ss=c,fr-be,2026-01-07
https://evacaravan.com/collections/dometic/products/claraboya-domestic-midi-heki-500x700-mm?_pos=2&_fid=4452e10bf&_ss=c,es-default,2026-01-07
https://evacaravan.com/fr-fr/collections/vendors?q=seeview&&view=view-24&grid_list=grid-view,fr-fr,2026-01-07
https://evacaravan.com/en-eu/collections/portabicis-y-accesorios/products/rail-fiamma?_pos=7&_fid=490b71846&_ss=c,en-eu,2026-01-06
https://evacaravan.com/fr-be/products/kits-solares-monocristalinos?_fid=6bce63b9c&_pos=6&_ss=c,fr-be,2026-01-06
https://evacaravan.com/en-eu/collections/equipamiento-exterior/products/rail-fiamma?_pos=15&_fid=c70c3c54c&_ss=c,en-eu,2026-01-06
https://evacaravan.com/fr-fr/collections/vendors?q=seeview&&view=view-48&grid_list,fr-fr,2026-01-06
https://evacaravan.com/en-eu/collections/equipamiento-exterior/products/rail-fiamma?_pos=20&_fid=9aca75750&_ss=c,en-eu,2026-01-06
https://evacaravan.com/fr-fr/products/kits-solares-monocristalinos?_fid=3818624c5&_pos=6&_ss=c,fr-fr,2026-01-06
https://evacaravan.com/it-it/collections/all/products/tv-ledhd-seeview-18-5?_pos=1&_fid=5f34b511d&_ss=c,it-it,2026-01-06
https://evacaravan.com/en-eu/collections/equipamiento-exterior/products/rail-fiamma?_pos=3&_fid=080f061ff&_ss=c,en-eu,2026-01-06
https://evacaravan.com/en-eu/collections/all/products/claraboya-domestic-heki-2?_pos=1&_fid=9dc9c38ed&_ss=c,en-eu,2026-01-06
https://evacaravan.com/en-eu/collections/vendors/products/rail-fiamma?_pos=17&_fid=17490a250&_ss=c,en-eu,2026-01-06
https://evacaravan.com/fr-fr/collections/vendors?filter.p.vendor=Seeview&q=seeview&view=view-48,fr-fr,2026-01-06
https://evacaravan.com/it-it/collections/tv/products/tv-ledhd-seeview-18-5?_pos=1&_fid=418ccb8fb&_ss=c,it-it,2026-01-05
https://evacaravan.com/en-eu/collections/vendors/products/rail-fiamma?_pos=17&_fid=1ab5f3520&_ss=c,en-eu,2026-01-05
