url,locale,tipo,ultimo_rastreo
https://evacaravan.com/en-at/cart/change,en-at,otro,2026-01-12
https://evacaravan.com/en-at/collections/accesorios-gas,en-at,otro,2026-04-24
https://evacaravan.com/en-at/collections/accesorios-para-portabicis,en-at,otro,2026-02-23
https://evacaravan.com/en-at/collections/alarma,en-at,otro,2026-04-09
https://evacaravan.com/en-at/collections/all/products/acoplamiento-estabilizador-aks™-3004,en-at,producto-coleccion,2026-03-20
https://evacaravan.com/en-at/collections/all/products/aire-acondicionado-silent-8400h,en-at,producto-coleccion,2026-03-20
https://evacaravan.com/en-at/collections/all/products/antena-terrestre-omnidireccional-tonna-1,en-at,producto-coleccion,2026-03-26
https://evacaravan.com/en-at/collections/all/products/campana-extractora-12v,en-at,producto-coleccion,2026-01-23
https://evacaravan.com/en-at/collections/all/products/cargador-bateria,en-at,producto-coleccion,2026-03-24
https://evacaravan.com/en-at/collections/all/products/cerradura-de-seguridad-meroni-ufo-plus-para-vehiculos-comerciales,en-at,producto-coleccion,2026-03-26
https://evacaravan.com/en-at/collections/all/products/cerradura-para-furgoneta-meroni-ufo-auto-classic,en-at,producto-coleccion,2026-03-19
https://evacaravan.com/en-at/collections/all/products/claraboya-domestic-heki-2,en-at,producto-coleccion,2026-01-13
https://evacaravan.com/en-at/collections/all/products/claraboya-domestic-midi-heki-500x700-mm,en-at,producto-coleccion,2026-03-19
https://evacaravan.com/en-at/collections/all/products/escalon-electrico-thule-peldano-simple-550-mm,en-at,producto-coleccion,2026-03-25
https://evacaravan.com/en-at/collections/all/products/inodoro-portatil-porta-pottis-qube-335,en-at,producto-coleccion,2026-03-20
https://evacaravan.com/en-at/collections/all/products/inodoro-portatil-porta-pottis-qube-365,en-at,producto-coleccion,2026-01-09
https://evacaravan.com/en-at/collections/all/products/kit-acoplamiento-estabilizador-aks™-3004-antirrobo,en-at,producto-coleccion,2026-03-08
https://evacaravan.com/en-at/collections/all/products/kit-thetford-toilet-fresh-up-set-c2-c3-c4-right,en-at,producto-coleccion,2026-01-13
https://evacaravan.com/en-at/collections/all/products/pack-sistema-de-maniobra-semiautomatico-para-caravanas-em203,en-at,producto-coleccion,2026-03-22
https://evacaravan.com/en-at/collections/all/products/regulador-truma-duocontrol-cs-horizontal,en-at,producto-coleccion,2026-01-13
https://evacaravan.com/en-at/collections/calderas,en-at,otro,2026-01-11
https://evacaravan.com/en-at/collections/calefacciones,en-at,otro,2026-02-23
https://evacaravan.com/en-at/collections/clima-e-van-7400h,en-at,otro,2026-04-09
https://evacaravan.com/en-at/collections/dual-clima-8400,en-at,otro,2026-04-09
https://evacaravan.com/en-at/collections/novedades,en-at,otro,2026-01-23
https://evacaravan.com/en-at/collections/vendors/products/campana-extractora-12v,en-at,producto-coleccion,2026-01-25
https://evacaravan.com/en-at/collections/vendors/products/cerradura-de-seguridad-meroni-ufo-plus-para-vehiculos-comerciales,en-at,producto-coleccion,2026-04-08
https://evacaravan.com/en-at/collections/vendors/products/claraboya-domestic-midi-heki-500x700-mm,en-at,producto-coleccion,2026-01-15
https://evacaravan.com/en-at/collections/vendors/products/kit-thetford-toilet-fresh-up-set-c2-c3-c4-right,en-at,producto-coleccion,2026-01-15
https://evacaravan.com/en-at/collections/vendors/products/pack-3-cierres-de-seguridad-fiamma-safe-door,en-at,producto-coleccion,2026-04-02
https://evacaravan.com/en-at/pages/condiciones-de-compra,en-at,otro,2026-02-08
https://evacaravan.com/en-at/products/aire-acondicionado-clima-e-van-7400h,en-at,otro,2026-01-12
https://evacaravan.com/en-at/products/caldera-truma-therme,en-at,otro,2026-05-08
https://evacaravan.com/en-at/products/cargador-bateria,en-at,otro,2026-03-19
https://evacaravan.com/en-at/products/cerradura-para-furgoneta-meroni-ufo3-smart-duo-blanco,en-at,otro,2026-03-28
https://evacaravan.com/en-at/products/cierre-de-seguridad-fiamma-safe-door,en-at,otro,2026-05-08
https://evacaravan.com/en-at/products/claraboya-fiamma-turbovent-blanco-con-termostato,en-at,otro,2026-03-04
https://evacaravan.com/en-at/products/claraboya-fiamma-vent-40-blanca,en-at,otro,2026-03-04
https://evacaravan.com/en-at/products/inversor-12v-onda-pura-1000w,en-at,otro,2026-04-24
https://evacaravan.com/en-at/products/kit-thetford-toilet-fresh-up-set-c2-c3-c4-right,en-at,otro,2026-04-24
https://evacaravan.com/en-at/products/pack-3-cierres-de-seguridad-fiamma-safe-door-frame-3,en-at,otro,2026-03-27
https://evacaravan.com/en-be,es-default,otro,2026-05-01
https://evacaravan.com/en-be/cart,en-be,otro,2026-04-30
https://evacaravan.com/en-be/collections/accesorios-para-portabicis,en-be,otro,2026-03-07
https://evacaravan.com/en-be/collections/cocina,en-be,otro,2026-05-04
https://evacaravan.com/en-be/collections/dometic,en-be,otro,2026-03-11
https://evacaravan.com/en-be/collections/escaleras,en-be,otro,2026-05-04
https://evacaravan.com/en-be/collections/escalones-electricos,en-be,otro,2026-05-06
https://evacaravan.com/en-be/collections/reguladores,en-be,otro,2026-02-19
https://evacaravan.com/en-be/collections/soporte-tv,en-be,otro,2026-03-01
https://evacaravan.com/en-be/collections/van-lock,en-be,otro,2026-04-24
https://evacaravan.com/en-be/collections/vendors/products/inodoro-portatil-porta-pottis-qube-365,en-be,producto-coleccion,2026-01-14
https://evacaravan.com/en-be/pages/aviso-legal,en-be,otro,2026-04-30
https://evacaravan.com/en-be/pages/politica-de-garantia,en-be,otro,2026-04-30
https://evacaravan.com/en-be/products/3-bloqueadores-de-puerta-thule-door-frame-lock,en-be,otro,2026-03-12
https://evacaravan.com/en-be/products/aire-acondicionado-clima-e-van-7400h,en-be,otro,2026-02-13
https://evacaravan.com/en-be/products/cerradura-para-furgoneta-meroni-ufo2,en-be,otro,2026-03-27
https://evacaravan.com/en-be/products/cerradura-para-furgoneta-meroni-ufo3-smart-duo-blanco,en-be,otro,2026-04-27
https://evacaravan.com/en-be/products/claraboya-fiamma-turbovent-blanco-con-termostato,en-be,otro,2026-04-11
https://evacaravan.com/en-be/products/claraboya-mini-heki-style,en-be,otro,2026-04-11
https://evacaravan.com/en-be/products/inversor-12v-onda-pura-1000w,en-be,otro,2026-04-09
https://evacaravan.com/en-be/products/kit-thetford-toilet-fresh-up-set-c2-c3-c4-right,en-be,otro,2026-04-28
https://evacaravan.com/en-be/search,en-be,otro,2026-04-30
https://evacaravan.com/en-de/collections/claraboyas,en-de,otro,2026-05-09
https://evacaravan.com/en-de/collections/energia,en-de,otro,2026-02-14
https://evacaravan.com/en-de/collections/fresh-up-set,en-de,otro,2026-05-09
https://evacaravan.com/en-de/collections/retrocamara,en-de,otro,2026-02-25
https://evacaravan.com/en-de/products/inodoro-portatil-porta-pottis-qube-335,en-de,otro,2026-03-30
https://evacaravan.com/en-fr/,en-fr,otro,2026-03-04
https://evacaravan.com/en-fr/collections/all,en-fr,otro,2026-02-23
https://evacaravan.com/en-fr/collections/antenas-tv,en-fr,otro,2026-04-04
https://evacaravan.com/en-fr/collections/calderas,en-fr,otro,2026-05-01
https://evacaravan.com/en-fr/collections/cerradura-para-furgonetas,en-fr,otro,2026-04-10
https://evacaravan.com/en-fr/collections/cocina-1,en-fr,otro,2026-02-21
https://evacaravan.com/en-fr/collections/glaziar-ac-06,en-fr,otro,2026-04-24
https://evacaravan.com/en-fr/collections/inversores-12v-onda-pura,en-fr,otro,2026-04-08
https://evacaravan.com/en-fr/collections/kits-solares,en-fr,otro,2026-03-07
https://evacaravan.com/en-fr/collections/kits-solares-deep-power,en-fr,otro,2026-03-06
https://evacaravan.com/en-fr/collections/lock-frame,en-fr,otro,2026-02-20
https://evacaravan.com/en-fr/collections/silent-8100,en-fr,otro,2026-04-25
https://evacaravan.com/en-fr/collections/tv,en-fr,otro,2026-03-31
https://evacaravan.com/en-fr/products/caldera-truma-therme,en-fr,otro,2026-05-08
https://evacaravan.com/en-fr/products/cerradura-para-furgoneta-meroni-ufo-auto-classic,en-fr,otro,2026-03-04
https://evacaravan.com/en-fr/products/cerradura-para-furgoneta-meroni-ufo2,en-fr,otro,2026-03-12
https://evacaravan.com/en-fr/products/cerradura-para-furgoneta-meroni-ufo3-smart-duo-blanco,en-fr,otro,2026-03-30
https://evacaravan.com/en-fr/products/cierre-de-seguridad-fiamma-safe-door,en-fr,otro,2026-05-04
https://evacaravan.com/en-fr/products/convertidor-victron-enery-phoenix-12-375-ve-direct-schuko,en-fr,otro,2026-03-07
https://evacaravan.com/en-fr/products/inversor-12v-onda-modificada-1000w,en-fr,otro,2026-03-03
https://evacaravan.com/en-fr/products/portabicis-fiamma-pro,en-fr,otro,2026-04-30
https://evacaravan.com/en-it/collections/accesorios-para-portabicis,en-it,otro,2026-04-04
https://evacaravan.com/en-it/collections/alarma,en-it,otro,2026-01-14
https://evacaravan.com/en-it/collections/all/products/aire-acondicionado-clima-e-van-7400h,en-it,producto-coleccion,2026-04-02
https://evacaravan.com/en-it/collections/all/products/regulador-truma-duocontrol-cs-horizontal,en-it,producto-coleccion,2026-02-01
https://evacaravan.com/en-it/collections/antenas-tv,en-it,otro,2026-02-13
https://evacaravan.com/en-it/collections/asa-seguridad,en-it,otro,2026-03-10
https://evacaravan.com/en-it/collections/bases-giratorias,en-it,otro,2026-01-12
https://evacaravan.com/en-it/collections/cab-lock,en-it,otro,2026-02-01
https://evacaravan.com/en-it/collections/claraboyas,en-it,otro,2026-05-06
https://evacaravan.com/en-it/collections/clima-e-van-7400h,en-it,otro,2026-01-12
https://evacaravan.com/en-it/collections/energia,en-it,otro,2026-01-15
https://evacaravan.com/en-it/collections/equipamiento-exterior,en-it,otro,2026-02-21
https://evacaravan.com/en-it/collections/escalones-electricos,en-it,otro,2026-04-08
https://evacaravan.com/en-it/collections/escalones-manuales,en-it,otro,2026-02-22
https://evacaravan.com/en-it/collections/glaziar-ac-06,en-it,otro,2026-03-31
https://evacaravan.com/en-it/collections/porta-pottis,en-it,otro,2026-02-12
https://evacaravan.com/en-it/collections/productos-mas-vendidos,en-it,otro,2026-02-01
https://evacaravan.com/en-it/collections/seguridad,en-it,otro,2026-04-01
https://evacaravan.com/en-it/collections/silent-8100,en-it,otro,2026-04-24
https://evacaravan.com/en-it/collections/tv,en-it,otro,2026-04-13
https://evacaravan.com/en-it/collections/vendors/products/inodoro-portatil-porta-pottis-qube-335,en-it,producto-coleccion,2026-04-12
https://evacaravan.com/en-it/products/aire-acondicionado-clima-e-van-7400h,en-it,otro,2026-01-14
https://evacaravan.com/en-it/products/cerradura-para-furgoneta-meroni-ufo3-smart-duo-blanco,en-it,otro,2026-03-28
https://evacaravan.com/en-it/products/cierre-de-seguridad-fiamma-safe-door,en-it,otro,2026-05-04
https://evacaravan.com/en-it/products/copia-de-inversor-12v-onda-pura-2000w,en-it,otro,2026-01-12
https://evacaravan.com/en-it/products/inodoro-portatil-porta-pottis-qube-365,en-it,otro,2026-02-28
https://evacaravan.com/en-it/products/inversor-12v-onda-pura-1000w,en-it,otro,2026-04-09
https://evacaravan.com/en-it/products/kit-acoplamiento-estabilizador-aks™-3004-antirrobo,en-it,otro,2026-03-17
https://evacaravan.com/en-it/products/kit-solares-deep-power-105w,en-it,otro,2026-02-01
https://evacaravan.com/en-it/products/kit-thetford-lavabo-fresh-up-set-c200-con-ruedas,en-it,otro,2026-04-24
https://evacaravan.com/en-it/products/van-lock,en-it,otro,2026-05-08
https://evacaravan.com/en-nl/cart/add,en-nl,otro,2026-02-14
https://evacaravan.com/en-nl/collections,en-nl,otro,2026-05-03
https://evacaravan.com/en-nl/collections/accesorios-gas,en-nl,otro,2026-03-21
https://evacaravan.com/en-nl/collections/alarma,en-nl,otro,2026-04-11
https://evacaravan.com/en-nl/collections/all,en-nl,otro,2026-04-26
https://evacaravan.com/en-nl/collections/all/products/aire-acondicionado-clima-e-van-7400h,en-nl,producto-coleccion,2026-04-03
https://evacaravan.com/en-nl/collections/all/products/escalon-electrico-thule-peldano-simple-550-mm,en-nl,producto-coleccion,2026-03-25
https://evacaravan.com/en-nl/collections/asa-seguridad,en-nl,otro,2026-04-05
https://evacaravan.com/en-nl/collections/cab-lock,en-nl,otro,2026-04-10
https://evacaravan.com/en-nl/collections/calderas,en-nl,otro,2026-04-30
https://evacaravan.com/en-nl/collections/claraboyas,en-nl,otro,2026-02-16
https://evacaravan.com/en-nl/collections/clima-e-van-7400h,en-nl,otro,2026-05-06
https://evacaravan.com/en-nl/collections/dometic,en-nl,otro,2026-04-10
https://evacaravan.com/en-nl/collections/energia,en-nl,otro,2026-03-08
https://evacaravan.com/en-nl/collections/escaleras,en-nl,otro,2026-05-07
https://evacaravan.com/en-nl/collections/lock-frame,en-nl,otro,2026-05-09
https://evacaravan.com/en-nl/collections/movedores-caravanas,en-nl,otro,2026-03-14
https://evacaravan.com/en-nl/collections/silent-8100,en-nl,otro,2026-03-04
https://evacaravan.com/en-nl/collections/van-lock,en-nl,otro,2026-04-03
https://evacaravan.com/en-nl/collections/vendors/products/cargador-bateria,en-nl,producto-coleccion,2026-03-29
https://evacaravan.com/en-nl/collections/vendors/products/pack-3-cierres-de-seguridad-fiamma-safe-door,en-nl,producto-coleccion,2026-04-05
https://evacaravan.com/en-nl/pages/quienes-somos,en-nl,otro,2026-04-25
https://evacaravan.com/en-nl/products/aire-acondicionado-silent-8400h,en-nl,otro,2026-03-07
https://evacaravan.com/en-nl/products/cerradura-para-furgoneta-meroni-ufo-auto-classic,en-nl,otro,2026-03-01
https://evacaravan.com/en-nl/products/cerradura-para-furgoneta-meroni-ufo3-smart-duo-blanco,en-nl,otro,2026-04-01
https://evacaravan.com/en-nl/products/claraboya-domestic-midi-heki-500x700-mm,en-nl,otro,2026-02-17
https://evacaravan.com/en-nl/products/inodoro-portatil-porta-pottis-qube-335,en-nl,otro,2026-03-28
https://evacaravan.com/en-nl/products/inversor-12v-onda-pura-1000w,en-nl,otro,2026-05-08
https://evacaravan.com/en-nl/products/kit-thetford-lavabo-fresh-up-set-c250-260,en-nl,otro,2026-02-12
https://evacaravan.com/en-nl/products/kit-thetford-toilet-fresh-up-set-c2-c3-c4-right,en-nl,otro,2026-04-13
https://evacaravan.com/en-nl/products/portabicis-fiamma-pro,en-nl,otro,2026-02-19
https://evacaravan.com/en-nl/products/van-lock,en-nl,otro,2026-05-07
https://evacaravan.com/en-nl/search,en-nl,otro,2026-01-31
https://evacaravan.com/en-pt/collections/accesorios-gas,en-pt,otro,2026-03-21
https://evacaravan.com/en-pt/collections/alarma,en-pt,otro,2026-04-25
https://evacaravan.com/en-pt/collections/all/products/claraboya-domestic-midi-heki-500x700-mm,en-pt,producto-coleccion,2026-01-14
https://evacaravan.com/en-pt/collections/bases-giratorias,en-pt,otro,2026-02-18
https://evacaravan.com/en-pt/collections/cocina,en-pt,otro,2026-01-28
https://evacaravan.com/en-pt/collections/escalones-electricos,en-pt,otro,2026-04-03
https://evacaravan.com/en-pt/collections/glaziar-ac-06,en-pt,otro,2026-05-08
https://evacaravan.com/en-pt/collections/kits-solares-deep-power,en-pt,otro,2026-02-16
https://evacaravan.com/en-pt/pages/condiciones-de-compra,en-pt,otro,2026-05-07
https://evacaravan.com/en-pt/pages/gastos-de-envio,en-pt,otro,2026-03-27
https://evacaravan.com/en-pt/pages/politica-de-privacidad,en-pt,otro,2026-04-25
https://evacaravan.com/en-pt/products/3-bloqueadores-de-puerta-thule-door-frame-lock,en-pt,otro,2026-03-18
https://evacaravan.com/en-pt/products/antena-terrestre-omnidireccional-tonna,en-pt,otro,2026-03-06
https://evacaravan.com/en-pt/products/caldera-truma-therme,en-pt,otro,2026-03-31
https://evacaravan.com/en-pt/products/campana-extractora-12v,en-pt,otro,2026-01-26
https://evacaravan.com/en-pt/products/claraboya-fiamma-turbovent-blanco-con-termostato,en-pt,otro,2026-05-08
https://evacaravan.com/en-pt/products/claraboya-fiamma-vent-40-blanca,en-pt,otro,2026-02-17
https://evacaravan.com/en-pt/products/escalon-electrico-thule-peldano-simple-550-mm,en-pt,otro,2026-03-04
https://evacaravan.com/en-pt/products/inversor-12v-onda-modificada-1000w,en-pt,otro,2026-03-15
https://evacaravan.com/en-pt/products/inversor-12v-onda-pura-1000w,en-pt,otro,2026-05-07
https://evacaravan.com/en-pt/products/kit-thetford-lavabo-fresh-up-set-c200-con-ruedas,en-pt,otro,2026-01-28
https://evacaravan.com/en-pt/products/kit-thetford-lavabo-fresh-up-set-c220,en-pt,otro,2026-04-09
https://evacaravan.com/en-pt/products/kit-thetford-toilet-fresh-up-set-c2-c3-c4-right,en-pt,otro,2026-04-24
https://evacaravan.com/en-pt/products/regulador-truma-monocontrol-cs,en-pt,otro,2026-01-20
https://evacaravan.com/en-pt/products/thule-bloqueador-puerta,en-pt,otro,2026-04-18
https://evacaravan.com/en-pt/products/van-lock,en-pt,otro,2026-04-11
