url,locale,last_crawl
https://evacaravan.com/pt-pt/collections/all/products/em303-semi-automatico,pt-pt,2026-05-09
https://evacaravan.com/nl/collections/all/products/sistema-maniobra-semiautomatico-em303-plus,nl,2026-05-09
https://evacaravan.com/nl-nl/collections/all/products/retrocamara-de-seguridad-visio-evo-vechline,nl-nl,2026-05-09
https://evacaravan.com/en-de/collections/claraboyas,en-de,2026-05-09
https://evacaravan.com/en-nl/collections/lock-frame,en-nl,2026-05-09
https://evacaravan.com/nl-nl/collections/all/products/claraboya-mini-heki-style,nl-nl,2026-05-09
https://evacaravan.com/en-de/collections/fresh-up-set,en-de,2026-05-09
https://evacaravan.com/de-de/collections/all/products/thetford-aqua-kem-blue-la-solucion-definitiva-para-tus-aguas-negras,de-de,2026-05-08
https://evacaravan.com/en-fr/products/caldera-truma-therme,en-fr,2026-05-08
https://evacaravan.com/en-pt/collections/glaziar-ac-06,en-pt,2026-05-08
https://evacaravan.com/en-at/products/caldera-truma-therme,en-at,2026-05-08
https://evacaravan.com/it-it/collections/cocina-gas-neveras,it-it,2026-05-08
https://evacaravan.com/en-nl/products/inversor-12v-onda-pura-1000w,en-nl,2026-05-08
https://evacaravan.com/nl-nl/collections/all/products/kit-thetford-lavabo-fresh-up-set-c500,nl-nl,2026-05-08
https://evacaravan.com/en-at/products/cierre-de-seguridad-fiamma-safe-door,en-at,2026-05-08
https://evacaravan.com/it-it/collections/all/products/thetford-aqua-kem-blue-la-solucion-definitiva-para-tus-aguas-negras,it-it,2026-05-08
https://evacaravan.com/en-pt/products/claraboya-fiamma-turbovent-blanco-con-termostato,en-pt,2026-05-08
https://evacaravan.com/en-it/products/van-lock,en-it,2026-05-08
https://evacaravan.com/en-pt/pages/condiciones-de-compra,en-pt,2026-05-07
https://evacaravan.com/en-pt/products/inversor-12v-onda-pura-1000w,en-pt,2026-05-07
https://evacaravan.com/pt-pt/products/kit-solares-deep-power-235w,pt-pt,2026-05-07
https://evacaravan.com/en-nl/collections/escaleras,en-nl,2026-05-07
https://evacaravan.com/en-nl/products/van-lock,en-nl,2026-05-07
https://evacaravan.com/en-it/collections/claraboyas,en-it,2026-05-06
https://evacaravan.com/en-nl/collections/clima-e-van-7400h,en-nl,2026-05-06
https://evacaravan.com/en-be/collections/escalones-electricos,en-be,2026-05-06
https://evacaravan.com/collections/vendors/products/bateria-auxiliar-power-line-agm-80-amperios-copia,es-default,2026-05-06
https://evacaravan.com/collections/cargadores-bateria/products/bateria-auxiliar-power-line-agm-80-amperios-copia,es-default,2026-05-05
https://evacaravan.com/en-eu/collections/vendors/products/jockey-fa860-rj-080-automatico,en-eu,2026-05-05
https://evacaravan.com/comments,comments,2026-05-05
https://evacaravan.com/en-it/products/cierre-de-seguridad-fiamma-safe-door,en-it,2026-05-04
https://evacaravan.com/en-be/collections/escaleras,en-be,2026-05-04
https://evacaravan.com/en-fr/products/cierre-de-seguridad-fiamma-safe-door,en-fr,2026-05-04
https://evacaravan.com/en-be/collections/cocina,en-be,2026-05-04
https://evacaravan.com/en-nl/collections,en-nl,2026-05-03
https://evacaravan.com/de-de/collections/vendors/products/thetford-aqua-kem-blue-la-solucion-definitiva-para-tus-aguas-negras,de-de,2026-05-02
https://evacaravan.com/en-be,en-be,2026-05-01
https://evacaravan.com/en-fr/collections/calderas,en-fr,2026-05-01
https://evacaravan.com/en-be/pages/politica-de-garantia,en-be,2026-04-30
https://evacaravan.com/en-be/pages/aviso-legal,en-be,2026-04-30
https://evacaravan.com/en-be/cart,en-be,2026-04-30
https://evacaravan.com/en-nl/collections/calderas,en-nl,2026-04-30
https://evacaravan.com/en-be/search,en-be,2026-04-30
https://evacaravan.com/nl-nl/collections/dometic/products/claraboya-mini-heki-style,nl-nl,2026-04-30
https://evacaravan.com/en-fr/products/portabicis-fiamma-pro,en-fr,2026-04-30
https://evacaravan.com/fr-be/collections/vendors/products/copia-de-inversor-12v-onda-pura-2000w,fr-be,2026-04-30
https://evacaravan.com/en-eu/collections/vendors/products/thule-escalera-telescopica,en-eu,2026-04-29
https://evacaravan.com/nl-nl/collections/neveras,nl-nl,2026-04-29
https://evacaravan.com/en-eu/collections/aires-acondicionados-caravanas/products/aire-acondicionado-telair-silent-plus-8100h,en-eu,2026-04-29
https://evacaravan.com/nl-nl/collections/fresh-up-set/products/kit-thetford-lavabo-fresh-up-set-c500,nl-nl,2026-04-28
https://evacaravan.com/nl-nl/collections/vendors/products/kit-thetford-lavabo-fresh-up-set-c500,nl-nl,2026-04-28
https://evacaravan.com/en-be/products/kit-thetford-toilet-fresh-up-set-c2-c3-c4-right,en-be,2026-04-28
https://evacaravan.com/en-eu/collections/all/products/victron-energy-llave-bluetooht,en-eu,2026-04-28
https://evacaravan.com/en-be/products/cerradura-para-furgoneta-meroni-ufo3-smart-duo-blanco,en-be,2026-04-27
https://evacaravan.com/en-eu/collections/vendors/products/thule-soporte-escalera,en-eu,2026-04-27
https://evacaravan.com/en-eu/collections/all/products/victron-energy-inversor-phoenix-24-800-230v-ve-direct-schuko-inversor-24v-a-230v-inversor-onda-sinusoidal-pura-con-toma-schuko,en-eu,2026-04-26
https://evacaravan.com/en-nl/collections/all,en-nl,2026-04-26
https://evacaravan.com/en-eu/collections/protector-para-cabina,en-eu,2026-04-25
https://evacaravan.com/en-nl/pages/quienes-somos,en-nl,2026-04-25
https://evacaravan.com/en/collections/protector-para-cabina,en,2026-04-25
https://evacaravan.com/en-pt/collections/alarma,en-pt,2026-04-25
https://evacaravan.com/en-pt/pages/politica-de-privacidad,en-pt,2026-04-25
https://evacaravan.com/nl/collections/equipamiento-exterior/products/sistema-maniobra-semiautomatico-em303-plus,nl,2026-04-25
https://evacaravan.com/en-fr/collections/silent-8100,en-fr,2026-04-25
https://evacaravan.com/fr-be/collections/vendors/products/kit-thetford-lavabo-fresh-up-set-c500,fr-be,2026-04-24
https://evacaravan.com/collections/vendors/products/soporte-de-rueda-abrazadera-de-fijacion-dividida-profesional-resistente-al-oxido-practico-de-alta-resistencia-48-mm-1-89-pulgadas-para-rv-para-remolque,es-default,2026-04-24
https://evacaravan.com/en-be/collections/van-lock,en-be,2026-04-24
https://evacaravan.com/en-at/products/inversor-12v-onda-pura-1000w,en-at,2026-04-24
https://evacaravan.com/en-fr/collections/glaziar-ac-06,en-fr,2026-04-24
https://evacaravan.com/en-it/products/kit-thetford-lavabo-fresh-up-set-c200-con-ruedas,en-it,2026-04-24
https://evacaravan.com/it-it/collections/neveras,it-it,2026-04-24
https://evacaravan.com/en-pt/products/kit-thetford-toilet-fresh-up-set-c2-c3-c4-right,en-pt,2026-04-24
https://evacaravan.com/en-it/collections/silent-8100,en-it,2026-04-24
https://evacaravan.com/en-at/products/kit-thetford-toilet-fresh-up-set-c2-c3-c4-right,en-at,2026-04-24
https://evacaravan.com/en-at/collections/accesorios-gas,en-at,2026-04-24
https://evacaravan.com/en-eu/collections/cargadores-bateria/products/victron-energy-blue-smart-ip22-cargador-de-bateria-12-v-15-a-230-v-3-salidas-con-bluetooth-cee-7-7,en-eu,2026-04-23
https://evacaravan.com/fr-fr/collections/protector-para-cabina,fr-fr,2026-04-23
https://evacaravan.com/collections/climatizadores/products/aire-acondicionado-clima-e-van-7400h,es-default,2026-04-22
https://evacaravan.com/nl-nl/collections/vendors/products/aire-acondicionado-clima-e-van-7400h,nl-nl,2026-04-21
https://evacaravan.com/de-at/collections/all/products/shurflo-7-litros,de-at,2026-04-21
https://evacaravan.com/collections/movedores-caravanas/products/sistema-maniobra-semiautomatico-em303-plus,es-default,2026-04-21
https://evacaravan.com/collections/productos-mas-vendidos/products/sistema-maniobra-semiautomatico-em303-plus,es-default,2026-04-21
https://evacaravan.com/de-at/collections/all/products/thetford-porta-potti-565-p,de-at,2026-04-20
https://evacaravan.com/fr-fr/collections/cocina-gas-neveras,fr-fr,2026-04-20
https://evacaravan.com/de-at/collections/all/products/thule-universal-look-thule-x1-negro,de-at,2026-04-19
https://evacaravan.com/pt/collections/all/products/vajilla-brunner-midday-tuscany-16-piezas,pt,2026-04-19
https://evacaravan.com/en/collections/all/products/vajilla-brunner-midday-tuscany-16-piezas,en,2026-04-19
https://evacaravan.com/collections/vendors/products/al-ko-270,es-default,2026-04-19
https://evacaravan.com/nl/collections/all/products/vajilla-brunner-midday-tuscany-16-piezas,nl,2026-04-18
https://evacaravan.com/it-it/collections/cerradura-para-furgonetas/products/thule-universal-look-thule-x1-negro,it-it,2026-04-18
https://evacaravan.com/es-eu/collections/neveras,es-eu,2026-04-18
https://evacaravan.com/en-pt/products/thule-bloqueador-puerta,en-pt,2026-04-18
https://evacaravan.com/fr-be/collections/all/products/victron-energy-convertidor-phoenix-12v-250w,fr-be,2026-04-17
https://evacaravan.com/de-at/collections/all/products/victron-energy-smartshunt-monitor-de-bateria-de-500-amperios-bluetooth,de-at,2026-04-17
https://evacaravan.com/en-eu/collections/claraboyas/products/claraboya-domestic-heki-2,en-eu,2026-04-17
https://evacaravan.com/collections/all/products/thetford-porta-potti-565-p,es-default,2026-04-17
https://evacaravan.com/collections/all/products/truma-contenedor-f-recipiente-para-filtro-de-gas-del-sistema-truma,es-default,2026-04-16
https://evacaravan.com/fr-be/collections/all/products/victron-energy-cargador-blue-smart-ip22-12-30,fr-be,2026-04-16
https://evacaravan.com/pt/collections/equipamiento-exterior/products/sistema-maniobra-semiautomatico-em303-plus,pt,2026-04-16
https://evacaravan.com/collections/cocina-gas-neveras,es-default,2026-04-16
https://evacaravan.com/collections/all/products/retrocamara-de-seguridad-visio-evo-vechline,es-default,2026-04-16
https://evacaravan.com/de-at/collections/all/products/victron-energy-smartsolar-mppt-100v-20-amperios-12-24-48-voltios-controlador-de-carga-solar-bluetooth,de-at,2026-04-15
https://evacaravan.com/de-at/collections/all/products/shurflo-10-litros,de-at,2026-04-14
https://evacaravan.com/it-it/collections/all/products/milenco-calzo-trident,it-it,2026-04-14
https://evacaravan.com/en-it/collections/tv,en-it,2026-04-13
https://evacaravan.com/en-nl/products/kit-thetford-toilet-fresh-up-set-c2-c3-c4-right,en-nl,2026-04-13
https://evacaravan.com/en-it/collections/vendors/products/inodoro-portatil-porta-pottis-qube-335,en-it,2026-04-12
https://evacaravan.com/en-pt/products/van-lock,en-pt,2026-04-11
https://evacaravan.com/it-it/collections/vendors/products/thetford-porta-potti-565-p,it-it,2026-04-11
https://evacaravan.com/collections/all/products/victron-energy-cargador-orion-30-aislado,es-default,2026-04-11
https://evacaravan.com/en-eu/collections/wc/products/fiamma-fresh-water-tank-deposito-de-agua-limpia-de-70-litros,en-eu,2026-04-11
https://evacaravan.com/sandbox,sandbox,2026-04-11
https://evacaravan.com/en-nl/collections/alarma,en-nl,2026-04-11
https://evacaravan.com/fr-be/collections/all/products/thule-escalera-telescopica,fr-be,2026-04-11
https://evacaravan.com/en-be/products/claraboya-fiamma-turbovent-blanco-con-termostato,en-be,2026-04-11
https://evacaravan.com/en-be/products/claraboya-mini-heki-style,en-be,2026-04-11
https://evacaravan.com/collections/all/products/jockey-fa860-rj-080-automatico,es-default,2026-04-10
https://evacaravan.com/collections/cerradura-para-furgonetas/products/thule-universal-look-thule-x1-blanco,es-default,2026-04-10
https://evacaravan.com/en-eu/collections/all/products/antena-teleplus-3g,en-eu,2026-04-10
https://evacaravan.com/collections/cerradura-para-furgonetas/products/cerradura-para-furgoneta-meroni-ufo-auto-classic,es-default,2026-04-10
https://evacaravan.com/en-nl/collections/cab-lock,en-nl,2026-04-10
https://evacaravan.com/collections/vendors/products/thetford-porta-potti-565-p,es-default,2026-04-10
https://evacaravan.com/collections/all/products/rueda-de-soporte-de-remolque-estandar-de-48-mm-incluye-abrazadera,es-default,2026-04-10
https://evacaravan.com/en/collections/all/products/truma-contenedor-f-recipiente-para-filtro-de-gas-del-sistema-truma,en,2026-04-10
https://evacaravan.com/collections/all/products/thule-escalera-telescopica,es-default,2026-04-10
https://evacaravan.com/en-fr/collections/cerradura-para-furgonetas,en-fr,2026-04-10
https://evacaravan.com/en-nl/collections/dometic,en-nl,2026-04-10
https://evacaravan.com/de-at/collections/all/products/dometic-ck-500,de-at,2026-04-09
https://evacaravan.com/en-at/collections/alarma,en-at,2026-04-09
https://evacaravan.com/fr-fr/collections/vendors/products/truma-contenedor-f-recipiente-para-filtro-de-gas-del-sistema-truma,fr-fr,2026-04-09
https://evacaravan.com/en-at/collections/dual-clima-8400,en-at,2026-04-09
https://evacaravan.com/en-at/collections/clima-e-van-7400h,en-at,2026-04-09
https://evacaravan.com/fr-be/collections/all/products/victron-energy-cargador-blue-smart-ip22-12-15,fr-be,2026-04-09
https://evacaravan.com/de-at/collections/all/products/al-ko-amortiguador-azul,de-at,2026-04-09
https://evacaravan.com/fr/collections/neveras,fr,2026-04-09
https://evacaravan.com/en-be/products/inversor-12v-onda-pura-1000w,en-be,2026-04-09
https://evacaravan.com/en-it/products/inversor-12v-onda-pura-1000w,en-it,2026-04-09
https://evacaravan.com/en-pt/products/kit-thetford-lavabo-fresh-up-set-c220,en-pt,2026-04-09
https://evacaravan.com/de-at/collections/all/products/alfombra-de-avance-brunner-kinetic-veranda-600-250-x-300-cm,de-at,2026-04-08
https://evacaravan.com/collections/energia/products/victron-energy-cargador-blue-smart-ip22-12-30,es-default,2026-04-08
https://evacaravan.com/en-fr/collections/inversores-12v-onda-pura,en-fr,2026-04-08
https://evacaravan.com/en-it/collections/escalones-electricos,en-it,2026-04-08
https://evacaravan.com/en-at/collections/vendors/products/cerradura-de-seguridad-meroni-ufo-plus-para-vehiculos-comerciales,en-at,2026-04-08
https://evacaravan.com/de-at/collections/all/products/victron-energy-digital-multi-control-gx-panel-de-control-remoto-200-200-a-para-inversores-cargadores-multiplus-y-quattro,de-at,2026-04-08
https://evacaravan.com/collections/cargadores-bateria/products/victron-energy-orion-tr-smart-24-24-voltios-17-amperios-400-vatios-cargador-cc-cc-no-aislado-bluetooth,es-default,2026-04-07
https://evacaravan.com/de-de/collections/vendors/products/thule-soporte-escalera,de-de,2026-04-06
https://evacaravan.com/en-nl/collections/vendors/products/pack-3-cierres-de-seguridad-fiamma-safe-door,en-nl,2026-04-05
https://evacaravan.com/en-nl/collections/asa-seguridad,en-nl,2026-04-05
https://evacaravan.com/pt/collections/climatizacion-frio-aires-acondicionados/products/aire-acondicionado-telair-clima-e-van-3-7400h,pt,2026-04-04
https://evacaravan.com/en-it/collections/accesorios-para-portabicis,en-it,2026-04-04
https://evacaravan.com/en-fr/collections/antenas-tv,en-fr,2026-04-04
https://evacaravan.com/en-pt/collections/escalones-electricos,en-pt,2026-04-03
https://evacaravan.com/en-nl/collections/van-lock,en-nl,2026-04-03
https://evacaravan.com/en-nl/collections/all/products/aire-acondicionado-clima-e-van-7400h,en-nl,2026-04-03
https://evacaravan.com/en-it/collections/all/products/aire-acondicionado-clima-e-van-7400h,en-it,2026-04-02
https://evacaravan.com/collections/dual-clima-8400/products/aire-acondicionado-silent-8400h,es-default,2026-04-02
https://evacaravan.com/en-at/collections/vendors/products/pack-3-cierres-de-seguridad-fiamma-safe-door,en-at,2026-04-02
https://evacaravan.com/de-de/collections/wc/products/inodoro-portatil-porta-pottis-qube-365,de-de,2026-04-01
https://evacaravan.com/de-at/collections/all/products/victron-energy-smart-batteryprotect-protector-inteligente-de-bateria-12-24-v-220-a-con-bluetooth,de-at,2026-04-01
https://evacaravan.com/en-eu/collections/all/products/aire-acondicionado-telair-silent-plus-8100h,en-eu,2026-04-01
https://evacaravan.com/de-de/collections/porta-pottis/products/thetford-bolsa-de-transporte-porta-potti-299902-tamano-pequeno-compatible-con-modelos-145-335-y-345-color-negro,de-de,2026-04-01
https://evacaravan.com/de-at/collections/all/products/victron-energy-cargador-blue-smart-ip22-12-15,de-at,2026-04-01
https://evacaravan.com/de-at/collections/all/products/victron-energy-cargador-blue-smart-ip22-12-20,de-at,2026-04-01
https://evacaravan.com/de-at/collections/all/products/victron-energy-cargador-blue-smart-ip22-12-30,de-at,2026-04-01
https://evacaravan.com/de-at/collections/vendors/products/rueda-de-soporte-de-remolque-estandar-de-48-mm-incluye-abrazadera,de-at,2026-04-01
https://evacaravan.com/de-at/collections/all/products/victron-energy-inversor-phoenix-24-800-230v-ve-direct-schuko-inversor-24v-a-230v-inversor-onda-sinusoidal-pura-con-toma-schuko,de-at,2026-04-01
https://evacaravan.com/de-at/collections/all/products/al-ko-amortiguador-verde,de-at,2026-04-01
https://evacaravan.com/en-it/collections/seguridad,en-it,2026-04-01
https://evacaravan.com/en-nl/products/cerradura-para-furgoneta-meroni-ufo3-smart-duo-blanco,en-nl,2026-04-01
https://evacaravan.com/es-eu/collections/protector-para-cabina,es-eu,2026-04-01
https://evacaravan.com/en-it/collections/glaziar-ac-06,en-it,2026-03-31
https://evacaravan.com/de-at/collections/all/products/victron-energy-cargador-orion-30-aislado,de-at,2026-03-31
https://evacaravan.com/en-fr/collections/tv,en-fr,2026-03-31
https://evacaravan.com/en-pt/products/caldera-truma-therme,en-pt,2026-03-31
https://evacaravan.com/en-de/products/inodoro-portatil-porta-pottis-qube-335,en-de,2026-03-30
https://evacaravan.com/en-fr/products/cerradura-para-furgoneta-meroni-ufo3-smart-duo-blanco,en-fr,2026-03-30
https://evacaravan.com/de-at/collections/all/products/victron-energy-llave-bluetooht,de-at,2026-03-30
https://evacaravan.com/de-at/collections/all/products/thetford-porta-potti-565-e,de-at,2026-03-30
https://evacaravan.com/it/collections/all/products/aire-acondicionado-clima-e-van-7400h,it,2026-03-30
https://evacaravan.com/en-nl/collections/vendors/products/cargador-bateria,en-nl,2026-03-29
https://evacaravan.com/nl-nl/products/cerradura-para-furgoneta-meroni-ufo3-smart-duo-negro,nl-nl,2026-03-29
https://evacaravan.com/en-at/products/cerradura-para-furgoneta-meroni-ufo3-smart-duo-blanco,en-at,2026-03-28
https://evacaravan.com/en-it/products/cerradura-para-furgoneta-meroni-ufo3-smart-duo-blanco,en-it,2026-03-28
https://evacaravan.com/en-nl/products/inodoro-portatil-porta-pottis-qube-335,en-nl,2026-03-28
https://evacaravan.com/de/collections/vendors/products/pack-3-cierres-de-seguridad-fiamma-safe-door,de,2026-03-27
https://evacaravan.com/en-pt/pages/gastos-de-envio,en-pt,2026-03-27
https://evacaravan.com/en-be/products/cerradura-para-furgoneta-meroni-ufo2,en-be,2026-03-27
https://evacaravan.com/en-at/products/pack-3-cierres-de-seguridad-fiamma-safe-door-frame-3,en-at,2026-03-27
https://evacaravan.com/nl/collections/vendors/products/claraboya-domestic-midi-heki-500x700-mm,nl,2026-03-27
https://evacaravan.com/collections/cocina-gas/products/vajilla-brunner-midday-tuscany-16-piezas,es-default,2026-03-27
https://evacaravan.com/nl-nl/collections/all/products/thule-universal-look-thule-x1-negro,nl-nl,2026-03-26
https://evacaravan.com/en/collections/vendors/products/cargador-bateria,en,2026-03-26
https://evacaravan.com/en-at/collections/all/products/cerradura-de-seguridad-meroni-ufo-plus-para-vehiculos-comerciales,en-at,2026-03-26
https://evacaravan.com/de-at/collections/all/products/cerradura-de-seguridad-meroni-ufo-plus-para-vehiculos-comerciales,de-at,2026-03-26
https://evacaravan.com/it/collections/vendors/products/antena-terrestre-omnidireccional-tonna-1,it,2026-03-26
https://evacaravan.com/en-at/collections/all/products/antena-terrestre-omnidireccional-tonna-1,en-at,2026-03-26
https://evacaravan.com/en-at/collections/all/products/escalon-electrico-thule-peldano-simple-550-mm,en-at,2026-03-25
https://evacaravan.com/en-nl/collections/all/products/escalon-electrico-thule-peldano-simple-550-mm,en-nl,2026-03-25
https://evacaravan.com/fr/collections/vendors/products/cargador-bateria,fr,2026-03-25
https://evacaravan.com/collections/climatizadores/products/aire-acondicionado-silent-8400h,es-default,2026-03-25
https://evacaravan.com/nl/collections/vendors/products/cerradura-para-furgoneta-meroni-ufo-auto-classic,nl,2026-03-25
https://evacaravan.com/pt/collections/climatizacion-camper,pt,2026-03-25
https://evacaravan.com/collections/equipamiento-exterior/products/rueda-jockey-premium-al-ko-o-48mm-300-kg,es-default,2026-03-24
https://evacaravan.com/en-at/collections/all/products/cargador-bateria,en-at,2026-03-24
https://evacaravan.com/collections/accesorios-gas/products/regulador-truma-duocontrol-cs-horizontal,es-default,2026-03-24
https://evacaravan.com/it/collections/all/products/cab-lock,it,2026-03-24
https://evacaravan.com/de-de/collections/claraboyas/products/claraboya-domestic-heki-2,de-de,2026-03-22
https://evacaravan.com/de/collections/vendors/products/cargador-bateria,de,2026-03-22
https://evacaravan.com/en-at/collections/all/products/pack-sistema-de-maniobra-semiautomatico-para-caravanas-em203,en-at,2026-03-22
https://evacaravan.com/en-nl/collections/accesorios-gas,en-nl,2026-03-21
https://evacaravan.com/en-pt/collections/accesorios-gas,en-pt,2026-03-21
https://evacaravan.com/nl/collections/vendors/products/pack-3-cierres-de-seguridad-fiamma-safe-door,nl,2026-03-20
https://evacaravan.com/en-at/collections/all/products/acoplamiento-estabilizador-aks™-3004,en-at,2026-03-20
https://evacaravan.com/nl/collections/vendors/products/acoplamiento-estabilizador-aks™-3004,nl,2026-03-20
https://evacaravan.com/it/collections/all/products/cargador-bateria,it,2026-03-20
https://evacaravan.com/en-at/collections/all/products/aire-acondicionado-silent-8400h,en-at,2026-03-20
https://evacaravan.com/nl/collections/all/products/aire-acondicionado-silent-8400h,nl,2026-03-20
https://evacaravan.com/nl/collections/all/products/cargador-bateria,nl,2026-03-20
https://evacaravan.com/en-at/collections/all/products/inodoro-portatil-porta-pottis-qube-335,en-at,2026-03-20
https://evacaravan.com/it/collections/vendors/products/claraboya-domestic-midi-heki-500x700-mm,it,2026-03-20
https://evacaravan.com/nl/collections/all/products/pack-3-cierres-de-seguridad-fiamma-safe-door,nl,2026-03-20
https://evacaravan.com/en-at/collections/all/products/claraboya-domestic-midi-heki-500x700-mm,en-at,2026-03-19
https://evacaravan.com/en-at/products/cargador-bateria,en-at,2026-03-19
https://evacaravan.com/en-at/collections/all/products/cerradura-para-furgoneta-meroni-ufo-auto-classic,en-at,2026-03-19
https://evacaravan.com/de-at/collections/vendors/products/antena-terrestre-omnidireccional-tonna,de-at,2026-03-19
https://evacaravan.com/en-pt/products/3-bloqueadores-de-puerta-thule-door-frame-lock,en-pt,2026-03-18
https://evacaravan.com/collections/all/products/aire-acondicionado-clima-e-van-7400h,es-default,2026-03-17
https://evacaravan.com/en-it/products/kit-acoplamiento-estabilizador-aks™-3004-antirrobo,en-it,2026-03-17
https://evacaravan.com/de-at/collections/vendors/products/antena-terrestre-omnidireccional-tonna-1,de-at,2026-03-17
https://evacaravan.com/it/collections/all/products/pack-3-cierres-de-seguridad-fiamma-safe-door,it,2026-03-17
https://evacaravan.com/en/collections/all/products/pack-3-cierres-de-seguridad-fiamma-safe-door,en,2026-03-17
https://evacaravan.com/collections/silent-8100/products/acondicionador-silent-8100h,es-default,2026-03-17
https://evacaravan.com/it/collections/all/products/aire-acondicionado-silent-8400h,it,2026-03-16
https://evacaravan.com/en-pt/products/inversor-12v-onda-modificada-1000w,en-pt,2026-03-15
https://evacaravan.com/collections/vendors/products/antena-terrestre-omnidireccional-tonna-1,es-default,2026-03-15
https://evacaravan.com/collections/all/products/remis-remitop-vario-ii-con-manivela-claraboya-para-caravana-40x40-cm,es-default,2026-03-15
https://evacaravan.com/collections/all/products/cargador-bateria,es-default,2026-03-15
https://evacaravan.com/collections/equipamiento-exterior/products/kit-acoplamiento-estabilizador-aks™-3004-antirrobo,es-default,2026-03-14
https://evacaravan.com/en-nl/collections/movedores-caravanas,en-nl,2026-03-14
https://evacaravan.com/es-eu/collections/movedores-caravanas/products/sistema-maniobra-semiautomatico-em303-plus,es-eu,2026-03-13
https://evacaravan.com/nl/collections/vendors/products/kit-acoplamiento-estabilizador-aks™-3004-antirrobo,nl,2026-03-12
https://evacaravan.com/en-be/products/3-bloqueadores-de-puerta-thule-door-frame-lock,en-be,2026-03-12
https://evacaravan.com/en-fr/products/cerradura-para-furgoneta-meroni-ufo2,en-fr,2026-03-12
https://evacaravan.com/collections/all/products/pack-3-cierres-de-seguridad-fiamma-safe-door,es-default,2026-03-11
https://evacaravan.com/web-pixel-,web-pixel-,2026-03-11
https://evacaravan.com/en-be/collections/dometic,en-be,2026-03-11
https://evacaravan.com/it/products/ce-con-el-remolque-acoplado-y-en-la-otra-las-medidas,it,2026-03-11
https://evacaravan.com/en-it/collections/asa-seguridad,en-it,2026-03-10
https://evacaravan.com/de-at/collections/accesorios-gas/products/truma-contenedor-f-recipiente-para-filtro-de-gas-del-sistema-truma,de-at,2026-03-09
https://evacaravan.com/fr/collections/vendors/products/kit-acoplamiento-estabilizador-aks™-3004-antirrobo,fr,2026-03-08
https://evacaravan.com/en-nl/collections/energia,en-nl,2026-03-08
https://evacaravan.com/en-at/collections/all/products/kit-acoplamiento-estabilizador-aks™-3004-antirrobo,en-at,2026-03-08
https://evacaravan.com/en-be/collections/accesorios-para-portabicis,en-be,2026-03-07
https://evacaravan.com/en-fr/products/convertidor-victron-enery-phoenix-12-375-ve-direct-schuko,en-fr,2026-03-07
https://evacaravan.com/en-nl/products/aire-acondicionado-silent-8400h,en-nl,2026-03-07
https://evacaravan.com/de-de/collections/all/products/milenco-6613-grand-aero-platinum,de-de,2026-03-07
https://evacaravan.com/it-it/collections/climatizacion-camper,it-it,2026-03-07
https://evacaravan.com/nl-nl/collections/vendors/products/vajilla-brunner-midday-tuscany-16-piezas,nl-nl,2026-03-07
https://evacaravan.com/en-fr/collections/kits-solares,en-fr,2026-03-07
https://evacaravan.com/es-eu/collections/climatizacion-camper,es-eu,2026-03-06
https://evacaravan.com/en-pt/products/antena-terrestre-omnidireccional-tonna,en-pt,2026-03-06
https://evacaravan.com/en-fr/collections/kits-solares-deep-power,en-fr,2026-03-06
https://evacaravan.com/collections/energia/products/victron-energy-convertidor-phoenix-12v-250w,es-default,2026-03-05
https://evacaravan.com/en-nl/collections/silent-8100,en-nl,2026-03-04
https://evacaravan.com/en-fr/,en-fr,2026-03-04
https://evacaravan.com/nl-nl/collections/all/products/al-ko-161,nl-nl,2026-03-04
https://evacaravan.com/en-at/products/claraboya-fiamma-vent-40-blanca,en-at,2026-03-04
https://evacaravan.com/collections/vendors/products/fiamma-patio-mat-340,es-default,2026-03-04
https://evacaravan.com/collections/vendors/products/fiamma-patio-mat-490,es-default,2026-03-04
https://evacaravan.com/en-pt/products/escalon-electrico-thule-peldano-simple-550-mm,en-pt,2026-03-04
https://evacaravan.com/en-fr/products/cerradura-para-furgoneta-meroni-ufo-auto-classic,en-fr,2026-03-04
https://evacaravan.com/collections/all/products/fiamma-vaso-expansion-a20,es-default,2026-03-04
https://evacaravan.com/fr-be/collections/fresh-up-set/products/kit-thetford-lavabo-fresh-up-set-c250-260,fr-be,2026-03-04
https://evacaravan.com/en-at/products/claraboya-fiamma-turbovent-blanco-con-termostato,en-at,2026-03-04
https://evacaravan.com/en-fr/products/inversor-12v-onda-modificada-1000w,en-fr,2026-03-03
https://evacaravan.com/collections/kits-solares/products/kit-solares-deep-power-235w,es-default,2026-03-03
https://evacaravan.com/de-at/collections/all/products/set-de-vajilla-brunner-midday-tuscany-16-piezas,de-at,2026-03-03
https://evacaravan.com/de-at/collections/all/products/cargador-cc-cc-inteligente-victron-energy-orion-tr-de-24-12-voltios-30-amperios-y-360-vatios-aislado-bluetooth,de-at,2026-03-02
https://evacaravan.com/de-at/collections/all/products/thetford-bolsa-de-transporte-porta-potti-299902-tamano-pequeno-compatible-con-modelos-145-335-y-345-color-negro,de-at,2026-03-02
https://evacaravan.com/collections/calefacciones/products/caldera-truma-therme,es-default,2026-03-02
https://evacaravan.com/collections/vendors/products/fiamma-patio-mat-440,es-default,2026-03-02
https://evacaravan.com/en-be/collections/soporte-tv,en-be,2026-03-01
https://evacaravan.com/en-nl/products/cerradura-para-furgoneta-meroni-ufo-auto-classic,en-nl,2026-03-01
https://evacaravan.com/en-it/products/inodoro-portatil-porta-pottis-qube-365,en-it,2026-02-28
https://evacaravan.com/fr/collections/vendors/products/ce-con-el-remolque-acoplado-y-en-la-otra-las-medidas,fr,2026-02-27
https://evacaravan.com/en-eu/collections/vendors/products/sistema-de-blocaje-bicicletas-fiamma-bike-block-pro-4,en-eu,2026-02-26
https://evacaravan.com/en-de/collections/retrocamara,en-de,2026-02-25
https://evacaravan.com/collections/climatizacion-camper,es-default,2026-02-25
https://evacaravan.com/en/collections/climatizacion-camper,en,2026-02-25
https://evacaravan.com/nl-nl/collections/vendors/products/retrocamara-de-seguridad-visio-evo-vechline,nl-nl,2026-02-25
https://evacaravan.com/de-at/collections/all/products/soporte-de-rueda-abrazadera-de-fijacion-dividida-profesional-resistente-al-oxido-practico-de-alta-resistencia-48-mm-1-89-pulgadas-para-rv-para-remolque,de-at,2026-02-24
https://evacaravan.com/en-at/collections/accesorios-para-portabicis,en-at,2026-02-23
https://evacaravan.com/en-fr/collections/all,en-fr,2026-02-23
https://evacaravan.com/en-at/collections/calefacciones,en-at,2026-02-23
https://evacaravan.com/fr-fr/collections/all/products/heo-safe-ducato-2006,fr-fr,2026-02-23
https://evacaravan.com/en-it/collections/escalones-manuales,en-it,2026-02-22
https://evacaravan.com/es-eu/collections/productos-mas-vendidos/products/sistema-maniobra-semiautomatico-em303-plus,es-eu,2026-02-22
https://evacaravan.com/it/collections/all/products/ce-con-el-remolque-acoplado-y-en-la-otra-las-medidas,it,2026-02-21
https://evacaravan.com/en-it/collections/equipamiento-exterior,en-it,2026-02-21
https://evacaravan.com/pt-pt/collections/all/products/nevera-compresor-thetford-t1090-de-90-l,pt-pt,2026-02-21
https://evacaravan.com/en-fr/collections/cocina-1,en-fr,2026-02-21
https://evacaravan.com/fr-fr/collections/all/products/heo-safe-ducato-2021,fr-fr,2026-02-21
https://evacaravan.com/collections/all/products/mover-enduro-em303-plus-asistente-maniobra-caravana-doble-eje,es-default,2026-02-20
https://evacaravan.com/en-fr/collections/lock-frame,en-fr,2026-02-20
https://evacaravan.com/en-nl/products/portabicis-fiamma-pro,en-nl,2026-02-19
https://evacaravan.com/de/collections/all/products/nevera-compresor-thetford-t1090-de-90-l,de,2026-02-19
https://evacaravan.com/nl/products/ce-con-el-remolque-acoplado-y-en-la-otra-las-medidas,nl,2026-02-19
https://evacaravan.com/de-at/collections/movedores-caravanas/products/pack-sistema-de-maniobra-semiautomatico-para-caravanas-em203,de-at,2026-02-19
https://evacaravan.com/en-be/collections/reguladores,en-be,2026-02-19
https://evacaravan.com/collections/cerraduras-meroni/products/cerradura-para-furgoneta-meroni-ufo3-smart-duo-blanco,es-default,2026-02-18
https://evacaravan.com/fr-be/collections/all/products/set-de-vajilla-brunner-midday-tuscany-16-piezas,fr-be,2026-02-18
https://evacaravan.com/en-pt/collections/bases-giratorias,en-pt,2026-02-18
https://evacaravan.com/de/products/nevera-compresor-thetford-t1090-de-90-l,de,2026-02-18
https://evacaravan.com/en-pt/products/claraboya-fiamma-vent-40-blanca,en-pt,2026-02-17
https://evacaravan.com/collections/climatizacion-y-frio/products/aire-acondicionado-telair-clima-e-van-3-7400h,es-default,2026-02-17
https://evacaravan.com/fr-be/collections/all/products/victron-energy-blue-smart-ip22-24-voltios-8-amperios-230v-cargador-de-bateria-de-salida-unica-cee-7-7-bluetooth,fr-be,2026-02-17
https://evacaravan.com/en-nl/products/claraboya-domestic-midi-heki-500x700-mm,en-nl,2026-02-17
https://evacaravan.com/nl-nl/collections/all/products/al-ko-270,nl-nl,2026-02-17
https://evacaravan.com/collections/motor-mover-caravana/products/mover-enduro-em303-plus-asistente-maniobra-caravana-doble-eje,es-default,2026-02-17
https://evacaravan.com/en-nl/collections/claraboyas,en-nl,2026-02-16
https://evacaravan.com/de-de/collections/vendors/products/thetford-t1090-90l-kompressorkuehlschrank,de-de,2026-02-16
https://evacaravan.com/en-pt/collections/kits-solares-deep-power,en-pt,2026-02-16
https://evacaravan.com/nl-nl/collections/all/products/calzos-fiamma-level-up,nl-nl,2026-02-16
https://evacaravan.com/collections/cerraduras-meroni/products/cerradura-para-furgoneta-meroni-ufo-auto-classic,es-default,2026-02-15
https://evacaravan.com/nl-nl/collections/vendors/products/calzos-fiamma-level-up,nl-nl,2026-02-15
https://evacaravan.com/fr-be/collections/all/products/victron-energy-inversor-phoenix-24-800-230v-ve-direct-schuko-inversor-24v-a-230v-inversor-onda-sinusoidal-pura-con-toma-schuko,fr-be,2026-02-15
https://evacaravan.com/en/collections/all/products/acoplamiento-al-ko-270-optima,en,2026-02-15
https://evacaravan.com/en/collections/vendors/products/acoplamiento-al-ko-270-optima,en,2026-02-15
https://evacaravan.com/nl-nl/collections/all/products/shurflo-10-litros,nl-nl,2026-02-15
https://evacaravan.com/nl/collections/all/products/nevera-compresor-thetford-t1090-de-90-l,nl,2026-02-15
https://evacaravan.com/de-at/collections/vendors/products/soporte-de-rueda-abrazadera-de-fijacion-dividida-profesional-resistente-al-oxido-practico-de-alta-resistencia-48-mm-1-89-pulgadas-para-rv-para-remolque,de-at,2026-02-15
https://evacaravan.com/fr-be/collections/all/products/aire-ventana-spa-3100,fr-be,2026-02-15
https://evacaravan.com/de-at/collections/all/products/thule-soporte-escalera,de-at,2026-02-15
https://evacaravan.com/collections/cab-lock/products/cab-lock,es-default,2026-02-15
https://evacaravan.com/de-de/collections/all/products/milenco-calzo-quattro,de-de,2026-02-15
https://evacaravan.com/fr-be/collections/all/products/thetford-bolsa-de-transporte-porta-potti-299902-tamano-pequeno-compatible-con-modelos-145-335-y-345-color-negro,fr-be,2026-02-15
https://evacaravan.com/fr-be/collections/all/products/aire-ventana-spa-5100,fr-be,2026-02-15
https://evacaravan.com/fr-be/collections/all/products/victron-energy-sistema-de-controlador-monitor-version-mk2,fr-be,2026-02-15
https://evacaravan.com/fr-be/collections/all/products/thetford-porta-potti-565-e,fr-be,2026-02-15
https://evacaravan.com/en-nl/cart/add,en-nl,2026-02-14
https://evacaravan.com/en-de/collections/energia,en-de,2026-02-14
https://evacaravan.com/en-be/products/aire-acondicionado-clima-e-van-7400h,en-be,2026-02-13
https://evacaravan.com/en-it/collections/antenas-tv,en-it,2026-02-13
https://evacaravan.com/de-at/collections/accesorios-gas/products/regulador-truma-duocontrol-cs-horizontal,de-at,2026-02-12
https://evacaravan.com/en-it/collections/porta-pottis,en-it,2026-02-12
https://evacaravan.com/en-nl/products/kit-thetford-lavabo-fresh-up-set-c250-260,en-nl,2026-02-12
https://evacaravan.com/collections/climatizacion-frio-aires-acondicionados/products/aire-acondicionado-telair-silent-plus-8100h,es-default,2026-02-11
https://evacaravan.com/de-de/collections/kits-solares/products/kits-solares-monocristalinos,de-de,2026-02-10
https://evacaravan.com/de-de/collections/energia/products/kits-solares-monocristalinos,de-de,2026-02-10
https://evacaravan.com/de-de/collections/vendors/products/kits-solares-monocristalinos,de-de,2026-02-10
https://evacaravan.com/de-at/collections/energia/products/kits-solares-monocristalinos,de-at,2026-02-10
https://evacaravan.com/de-at/collections/vendors/products/kits-solares-monocristalinos,de-at,2026-02-09
https://evacaravan.com/en/products/nevera-compresor-thetford-t1090-de-90-l,en,2026-02-09
https://evacaravan.com/collections/all/products/campana-extractora-12v,es-default,2026-02-09
https://evacaravan.com/collections/motor-mover-caravana/products/sistema-maniobra-semiautomatico-em303-plus,es-default,2026-02-09
https://evacaravan.com/de-de/collections/all/products/kits-solares-monocristalinos,de-de,2026-02-08
https://evacaravan.com/en-at/pages/condiciones-de-compra,en-at,2026-02-08
https://evacaravan.com/de-de/products/kits-solares-monocristalinos,de-de,2026-02-08
https://evacaravan.com/pt-pt/collections/wc/products/fiamma-roll-tank-23w,pt-pt,2026-02-07
https://evacaravan.com/fr-be/collections/climatizacion-camper,fr-be,2026-02-07
https://evacaravan.com/collections/vendors/products/aire-acondicionado-telair-silent-plus-8100h,es-default,2026-02-06
https://evacaravan.com/en-eu/collections/vendors/products/tv-ledhd-seeview-18-5,en-eu,2026-02-04
https://evacaravan.com/en-eu/collections/all/products/tv-ledhd-seeview-18-5,en-eu,2026-02-04
https://evacaravan.com/de/collections/climatizacion-camper,de,2026-02-04
https://evacaravan.com/de-de/collections/all/products/retrocamara-de-seguridad-visio-evo-vechline,de-de,2026-02-03
https://evacaravan.com/fr-fr/products/ce-con-el-remolque-acoplado-y-en-la-otra-las-medidas,fr-fr,2026-02-03
https://evacaravan.com/en-eu/collections/sistema-de-nivelacion/products/calzos-fiamma-level-up,en-eu,2026-02-03
https://evacaravan.com/de-de/collections/all/products/milenco-2745-cepo-compacto,de-de,2026-02-03
https://evacaravan.com/fr-fr/collections/all/products/maxview-antena-omnimax-pro-truck,fr-fr,2026-02-02
https://evacaravan.com/es-eu/products/ce-con-el-remolque-acoplado-y-en-la-otra-las-medidas,es-eu,2026-02-02
https://evacaravan.com/nl/collections/vendors/products/ce-con-el-remolque-acoplado-y-en-la-otra-las-medidas,nl,2026-02-01
https://evacaravan.com/en/products/ce-con-el-remolque-acoplado-y-en-la-otra-las-medidas,en,2026-02-01
https://evacaravan.com/fr-be/products/ce-con-el-remolque-acoplado-y-en-la-otra-las-medidas,fr-be,2026-02-01
https://evacaravan.com/en-it/collections/all/products/regulador-truma-duocontrol-cs-horizontal,en-it,2026-02-01
https://evacaravan.com/en-it/collections/productos-mas-vendidos,en-it,2026-02-01
https://evacaravan.com/nl-nl/collections/all/products/truma-level-check,nl-nl,2026-02-01
https://evacaravan.com/en-it/products/kit-solares-deep-power-105w,en-it,2026-02-01
https://evacaravan.com/fr-be/collections/all/products/cargador-inteligente-cc-cc-victron-energy-orion-xs-12-12-50a-700w-proteccion-avanzada-de-la-bateria,fr-be,2026-02-01
https://evacaravan.com/en-it/collections/cab-lock,en-it,2026-02-01
https://evacaravan.com/fr-be/collections/energia/products/victron-energy-blue-smart-ip22-24-voltios-8-amperios-230v-cargador-de-bateria-de-salida-unica-cee-7-7-bluetooth,fr-be,2026-02-01
https://evacaravan.com/collections/dometic/products/claraboya-domestic-midi-heki-500x700-mm,es-default,2026-01-31
https://evacaravan.com/fr-be/collections/energia/products/victron-energy-orion-tr-smart-24-24-voltios-17-amperios-400-vatios-cargador-cc-cc-no-aislado-bluetooth,fr-be,2026-01-31
https://evacaravan.com/fr-be/collections/all/products/victron-energy-orion-tr-smart-24-24-voltios-17-amperios-400-vatios-cargador-cc-cc-no-aislado-bluetooth,fr-be,2026-01-31
https://evacaravan.com/en-eu/collections/all/products/victron-energy-sistema-de-controlador-monitor-version-mk2,en-eu,2026-01-31
https://evacaravan.com/en-nl/search,en-nl,2026-01-31
https://evacaravan.com/fr-be/collections/vendors/products/regulador-truma-monocontrol-cs,fr-be,2026-01-31
https://evacaravan.com/collections/cerradura-para-furgonetas/products/cerraduras-automaticas-para-furgonetas-meroni-ufo3-comfort-negro,es-default,2026-01-31
https://evacaravan.com/fr-be/collections/porta-pottis/products/thetford-bolsa-de-transporte-porta-potti-299902-tamano-pequeno-compatible-con-modelos-145-335-y-345-color-negro,fr-be,2026-01-30
https://evacaravan.com/nl-nl/collections/all/products/thetford-porta-potti-565-e,nl-nl,2026-01-30
https://evacaravan.com/fr-be/collections/all/products/aire-techo-rta-2000-openair,fr-be,2026-01-30
https://evacaravan.com/en/collections/vendors/products/nevera-compresor-thetford-t1090-de-90-l,en,2026-01-30
https://evacaravan.com/pt-pt/products/ce-con-el-remolque-acoplado-y-en-la-otra-las-medidas,pt-pt,2026-01-29
https://evacaravan.com/nl-nl/collections/cerradura-para-furgonetas/products/cerradura-para-furgoneta-meroni-ufo-auto-classic,nl-nl,2026-01-29
https://evacaravan.com/collections/all/products/nevera-compresor-thetford-t1090-de-90-l,es-default,2026-01-29
https://evacaravan.com/collections/vendors/products/nevera-compresor-thetford-t1090-de-90-l,es-default,2026-01-29
https://evacaravan.com/collections/vendors/products/mpk-claraboya-28x28,es-default,2026-01-29
https://evacaravan.com/de-de/collections/all/products/mpk-claraboya-28x28,de-de,2026-01-28
https://evacaravan.com/de-at/collections/vendors/products/alfombra-de-avance-brunner-kinetic-veranda-600-250-x-300-cm,de-at,2026-01-28
https://evacaravan.com/en-pt/collections/cocina,en-pt,2026-01-28
https://evacaravan.com/en-pt/products/kit-thetford-lavabo-fresh-up-set-c200-con-ruedas,en-pt,2026-01-28
https://evacaravan.com/de-at/collections/all/products/cerradura-para-furgoneta-meroni-ufo2,de-at,2026-01-28
https://evacaravan.com/fr-be/collections/vendors/products/truma-terminal-para-chimeneas-de-escape-truma-ak-3-y-ak-5-con-capucha-final-roscada-de-60-mm-para-caravana-inoxidable-y-resistente-al-oxido,fr-be,2026-01-27
https://evacaravan.com/collections/cerraduras/products/cerradura-para-furgoneta-meroni-ufo3-smart-duo-blanco,es-default,2026-01-26
https://evacaravan.com/en-pt/products/campana-extractora-12v,en-pt,2026-01-26
https://evacaravan.com/pt-pt/collections/vendors/products/rueda-jockey-premium-al-ko-o-48mm-300-kg,pt-pt,2026-01-26
https://evacaravan.com/pt/collections/vendors/products/nevera-compresor-thetford-t1090-de-90-l,pt,2026-01-25
https://evacaravan.com/en-at/collections/vendors/products/campana-extractora-12v,en-at,2026-01-25
https://evacaravan.com/it-it/collections/vendors/products/claraboya-domestic-midi-heki-500x700-mm,it-it,2026-01-25
https://evacaravan.com/collections/all/products/kit-thetford-toilet-fresh-up-set-c2-c3-c4-right,es-default,2026-01-24
https://evacaravan.com/de-de/collections/all/products/reich-pese-vehiculo,de-de,2026-01-24
https://evacaravan.com/en/collections/all/products/nevera-compresor-thetford-t1090-de-90-l,en,2026-01-23
https://evacaravan.com/it-it/collections/antenas-tv/products/antena-terrestre-omnidireccional-tonna,it-it,2026-01-23
https://evacaravan.com/nl/collections/vendors/products/campana-extractora-12v,nl,2026-01-23
https://evacaravan.com/en-at/collections/all/products/campana-extractora-12v,en-at,2026-01-23
https://evacaravan.com/collections/all/products/claraboya-domestic-heki-2,es-default,2026-01-23
https://evacaravan.com/pt/collections/all/products/campana-extractora-12v,pt,2026-01-23
https://evacaravan.com/collections/cocina-1/products/campana-extractora-12v,es-default,2026-01-23
https://evacaravan.com/de-at/collections/all/products/al-ko-amortiguador-negro,de-at,2026-01-23
https://evacaravan.com/pt/collections/all/products/nevera-compresor-thetford-t1090-de-90-l,pt,2026-01-23
https://evacaravan.com/en-at/collections/novedades,en-at,2026-01-23
https://evacaravan.com/collections/vendors/products/campana-extractora-12v,es-default,2026-01-22
https://evacaravan.com/de-de/products/nevera-compresor-thetford-t1090-de-90-l,de-de,2026-01-22
https://evacaravan.com/nl-nl/collections/accesorios-gas/products/regulador-truma-duocontrol-cs,nl-nl,2026-01-21
https://evacaravan.com/pt/collections/protector-para-cabina,pt,2026-01-20
https://evacaravan.com/de-de/collections/all/products/mover-enduro-em303-semiautomatico,de-de,2026-01-20
https://evacaravan.com/en-pt/products/regulador-truma-monocontrol-cs,en-pt,2026-01-20
https://evacaravan.com/de-de/collections/all/products/heo-safe-ducato-2021,de-de,2026-01-20
https://evacaravan.com/nl-nl/collections/all/products/nevera-compresor-thetford-t1090-de-90-l,nl-nl,2026-01-20
https://evacaravan.com/de-de/collections/all/products/milenco-calzo-triple,de-de,2026-01-20
https://evacaravan.com/en-eu/products/retrocamara-de-seguridad,en-eu,2026-01-20
https://evacaravan.com/de-at/collections/all/products/alfombra-de-camping-brunner-kinetic-250-x-400-cm-color-gris,de-at,2026-01-20
https://evacaravan.com/fr-fr/products/kits-solares-monocristalinos,fr-fr,2026-01-19
https://evacaravan.com/it-it/products/fiamma-security-31-barra-de-seguridad-y-asidero-de-entrada-con-cerradura-altura-31-cm-aluminio,it-it,2026-01-19
https://evacaravan.com/en-eu/collections/all/products/calzos-fiamma-level-up-jumbo,en-eu,2026-01-19
https://evacaravan.com/pt/collections/vendors/products/ce-con-el-remolque-acoplado-y-en-la-otra-las-medidas,pt,2026-01-19
https://evacaravan.com/pt-pt/products/truma-terminal-para-chimeneas-de-escape-truma-ak-3-y-ak-5-con-capucha-final-roscada-de-60-mm-para-caravana-inoxidable-y-resistente-al-oxido,pt-pt,2026-01-18
https://evacaravan.com/de-de/collections/all/products/rueda-de-soporte-de-remolque-estandar-de-48-mm-incluye-abrazadera,de-de,2026-01-18
https://evacaravan.com/it-it/collections/all/products/caldera-truma-therme,it-it,2026-01-18
https://evacaravan.com/pt-pt/products/fiamma-security-31-barra-de-seguridad-y-asidero-de-entrada-con-cerradura-altura-31-cm-aluminio,pt-pt,2026-01-18
https://evacaravan.com/fr-fr/collections/all/products/kit-alarma-12v-especial-autocaravanas,fr-fr,2026-01-17
https://evacaravan.com/collections/all/products/kit-thetford-lavabo-fresh-up-set-c200-con-ruedas,es-default,2026-01-16
https://evacaravan.com/en-eu/collections/all/products/al-ko-ak-301-3000kg,en-eu,2026-01-15
https://evacaravan.com/fr-be/products/fiamma-security-46-asa-de-seguridad-con-cerradura-para-puerta-de-autocaravana-o-caravana-46-cm-aluminio,fr-be,2026-01-15
https://evacaravan.com/nl-nl/products/retrocamara-de-seguridad,nl-nl,2026-01-15
https://evacaravan.com/pt-pt/products/retrocamara-de-seguridad,pt-pt,2026-01-15
https://evacaravan.com/en-at/collections/vendors/products/kit-thetford-toilet-fresh-up-set-c2-c3-c4-right,en-at,2026-01-15
https://evacaravan.com/en-eu/collections/calefacciones/products/caldera-truma-therme,en-eu,2026-01-15
https://evacaravan.com/en-at/collections/vendors/products/claraboya-domestic-midi-heki-500x700-mm,en-at,2026-01-15
https://evacaravan.com/fr/collections/vendors/products/claraboya-domestic-midi-heki-500x700-mm,fr,2026-01-15
https://evacaravan.com/en-it/collections/energia,en-it,2026-01-15
https://evacaravan.com/en-eu/collections/vendors/products/shurflo-10-litros,en-eu,2026-01-15
https://evacaravan.com/fr/collections/all/products/regulador-truma-duocontrol-cs-horizontal,fr,2026-01-14
https://evacaravan.com/de-de/collections/equipamiento-exterior/products/pack-sistema-de-maniobra-semiautomatico-para-caravanas-em203,de-de,2026-01-14
https://evacaravan.com/collections/all/products/regulador-truma-duocontrol-cs-horizontal,es-default,2026-01-14
https://evacaravan.com/en-eu/collections/lock-frame/products/thule-bloqueador-puerta,en-eu,2026-01-14
https://evacaravan.com/pt-pt/collections/accesorios-gas/products/regulador-truma-duocontrol-cs-horizontal,pt-pt,2026-01-14
https://evacaravan.com/nl-nl/collections/all/products/al-ko-amortiguador-rojo,nl-nl,2026-01-14
https://evacaravan.com/en-it/products/aire-acondicionado-clima-e-van-7400h,en-it,2026-01-14
https://evacaravan.com/fr-be/collections/all/products/shurflo-10-litros,fr-be,2026-01-14
https://evacaravan.com/en-be/collections/vendors/products/inodoro-portatil-porta-pottis-qube-365,en-be,2026-01-14
https://evacaravan.com/nl-nl/collections/wc/products/thetford-toilet-fresh-up-set-c2-c3-c4-left,nl-nl,2026-01-14
https://evacaravan.com/en-it/collections/alarma,en-it,2026-01-14
https://evacaravan.com/en-pt/collections/all/products/claraboya-domestic-midi-heki-500x700-mm,en-pt,2026-01-14
https://evacaravan.com/de/collections/all/products/claraboya-domestic-midi-heki-500x700-mm,de,2026-01-14
https://evacaravan.com/en-eu/collections/calderas/products/caldera-truma-therme,en-eu,2026-01-13
https://evacaravan.com/de-de/collections/cerraduras-meroni/products/cerradura-para-furgoneta-meroni-ufo2,de-de,2026-01-13
https://evacaravan.com/nl/collections/vendors/products/claraboya-domestic-heki-2,nl,2026-01-13
https://evacaravan.com/en-at/collections/all/products/claraboya-domestic-heki-2,en-at,2026-01-13
https://evacaravan.com/nl/collections/all/products/claraboya-domestic-heki-2,nl,2026-01-13
https://evacaravan.com/en-at/collections/all/products/kit-thetford-toilet-fresh-up-set-c2-c3-c4-right,en-at,2026-01-13
https://evacaravan.com/it-it/products/kit-solares-deep-power-280w,it-it,2026-01-13
https://evacaravan.com/de-de/collections/vendors/products/kit-solares-deep-power-105w,de-de,2026-01-13
https://evacaravan.com/collections/equipamiento-exterior/products/portabicis-fiamma-pro-c,es-default,2026-01-13
https://evacaravan.com/en-at/collections/all/products/regulador-truma-duocontrol-cs-horizontal,en-at,2026-01-13
https://evacaravan.com/fr-be/collections/all/products/kit-solares-deep-power-105w,fr-be,2026-01-13
https://evacaravan.com/fr-fr/collections/all/products/smart-tv-hitachi-21-5-wi-fi-full-hd,fr-fr,2026-01-13
https://evacaravan.com/fr-fr/collections/tv/products/smart-tv-hitachi-21-5-wi-fi-full-hd,fr-fr,2026-01-13
https://evacaravan.com/en-it/products/copia-de-inversor-12v-onda-pura-2000w,en-it,2026-01-12
https://evacaravan.com/collections/claraboyas/products/mpk-claraboya-28x28,es-default,2026-01-12
https://evacaravan.com/collections/productos-mas-vendidos/products/em303-semi-automatico,es-default,2026-01-12
https://evacaravan.com/en-it/collections/bases-giratorias,en-it,2026-01-12
https://evacaravan.com/nl/collections/all/products/claraboya-domestic-midi-heki-500x700-mm,nl,2026-01-12
https://evacaravan.com/collections/vendors/products/claraboya-domestic-heki-2,es-default,2026-01-12
https://evacaravan.com/en-eu/products/ce-con-el-remolque-acoplado-y-en-la-otra-las-medidas,en-eu,2026-01-12
https://evacaravan.com/en-at/products/aire-acondicionado-clima-e-van-7400h,en-at,2026-01-12
https://evacaravan.com/en-it/collections/clima-e-van-7400h,en-it,2026-01-12
https://evacaravan.com/en-at/cart/change,en-at,2026-01-12
https://evacaravan.com/it-it/collections/antenas-terrestres/products/antena-terrestre-omnidireccional-tonna,it-it,2026-01-11
https://evacaravan.com/nl/collections/all/products/kit-thetford-lavabo-fresh-up-set-c200-con-ruedas,nl,2026-01-11
https://evacaravan.com/fr/collections/all/products/claraboya-domestic-midi-heki-500x700-mm,fr,2026-01-11
https://evacaravan.com/collections/vendors/products/claraboya-domestic-midi-heki-500x700-mm,es-default,2026-01-11
https://evacaravan.com/nl-nl/collections/all/products/truma-level-control,nl-nl,2026-01-11
https://evacaravan.com/collections/cerraduras/products/cerradura-para-furgoneta-meroni-ufo2,es-default,2026-01-11
https://evacaravan.com/de-de/products/ce-con-el-remolque-acoplado-y-en-la-otra-las-medidas,de-de,2026-01-11
https://evacaravan.com/fr-be/collections/vendors/products/fiamma-patio-mat-390,fr-be,2026-01-11
https://evacaravan.com/it-it/collections/vendors/products/antena-terrestre-omnidireccional-tonna,it-it,2026-01-11
https://evacaravan.com/en-at/collections/calderas,en-at,2026-01-11
https://evacaravan.com/collections/antenas-tv/products/antena-tv-terrestre-omnidireccional-wing-11-teleco,es-default,2026-01-11
https://evacaravan.com/it-it/collections/all/products/antena-terrestre-omnidireccional-tonna,it-it,2026-01-11
https://evacaravan.com/pt-pt/collections/kits-solares-deep-power/products/kit-solar-deep-power,pt-pt,2026-01-09
https://evacaravan.com/pt-pt/collections/vendors/products/kit-solar-deep-power,pt-pt,2026-01-09
https://evacaravan.com/de-de/collections/cerraduras/products/cerradura-para-furgoneta-meroni-ufo2,de-de,2026-01-09
https://evacaravan.com/fr-fr/products/smart-tv-hitachi-21-5-wi-fi-full-hd,fr-fr,2026-01-09
https://evacaravan.com/de-at/collections/all/products/thule-escalera-telescopica,de-at,2026-01-09
https://evacaravan.com/de-at/collections/cerraduras/products/cerradura-para-furgoneta-meroni-ufo2,de-at,2026-01-09
https://evacaravan.com/it-it/collections/vendors/products/campana-extractora-12v,it-it,2026-01-09
https://evacaravan.com/de-de/collections/vendors/products/cerradura-para-furgoneta-meroni-ufo2,de-de,2026-01-09
https://evacaravan.com/en-eu/collections/all/products/rail-fiamma,en-eu,2026-01-09
https://evacaravan.com/pt-pt/collections/energia/products/kit-solar-deep-power,pt-pt,2026-01-09
https://evacaravan.com/en-at/collections/all/products/inodoro-portatil-porta-pottis-qube-365,en-at,2026-01-09
https://evacaravan.com/pt-pt/collections/reguladores/products/regulador-truma-monocontrol-cs,pt-pt,2026-01-09
https://evacaravan.com/de-at/collections/vendors/products/cerradura-para-furgoneta-meroni-ufo2,de-at,2026-01-09
https://evacaravan.com/en-eu/collections/vendors/products/caldera-truma-therme,en-eu,2026-01-09
https://evacaravan.com/pt/collections/all/products/inodoro-portatil-porta-pottis-qube-365,pt,2026-01-09
https://evacaravan.com/it-it/collections/cargadores-bateria/products/victron-energy-blue-smart-ip22-24-voltios-8-amperios-230v-cargador-de-bateria-de-salida-unica-cee-7-7-bluetooth,it-it,2026-01-09
https://evacaravan.com/nl/collections/all/products/inodoro-portatil-porta-pottis-qube-365,nl,2026-01-09
https://evacaravan.com/collections/protector-para-cabina,es-default,2026-01-09
https://evacaravan.com/it/collections/protector-para-cabina,it,2026-01-08
https://evacaravan.com/de-de/collections/all/products/cerradura-para-furgoneta-meroni-ufo2,de-de,2026-01-08
https://evacaravan.com/pt-pt/collections/vendors/products/regulador-truma-monocontrol-cs,pt-pt,2026-01-08
https://evacaravan.com/collections/vendors/products/fiamma-vaso-expansion-a20,es-default,2026-01-08
https://evacaravan.com/collections/all/products/inodoro-portatil-porta-pottis-qube-365,es-default,2026-01-08
https://evacaravan.com/collections/sistema-de-nivelacion/products/calzos-fiamma-level-up,es-default,2026-01-08
https://evacaravan.com/en-eu/collections/all/products/al-ko-351-3500-kg-o60-mm,en-eu,2026-01-07
https://evacaravan.com/collections/kits-solares/products/kits-solares-monocristalinos,es-default,2026-01-07
https://evacaravan.com/en-eu/collections/all/products/caldera-truma-therme,en-eu,2026-01-07
https://evacaravan.com/nl-nl/collections/all/products/victron-energy-blue-smart-ip22-24-voltios-8-amperios-230v-cargador-de-bateria-de-salida-unica-cee-7-7-bluetooth,nl-nl,2026-01-07
https://evacaravan.com/fr-be/collections/all/products/em303-semi-automatico,fr-be,2026-01-07
https://evacaravan.com/fr-be/collections/vendors/products/thetford-aqua-kem-blue-lote-de-3-bolsas-de-wc-quimicas-mantenimiento-de-caravana-unisex-adulto-azul-l,fr-be,2026-01-06
https://evacaravan.com/fr-be/products/kits-solares-monocristalinos,fr-be,2026-01-06
