url_origen,locale_fantasma,locale_correcto,path,accion,url_destino,ultimo_rastreo
https://evacaravan.com/en-at/cart/change,en-at,de-at,/cart/change,bloquear-robots-txt,,2026-01-12
https://evacaravan.com/en-at/collections/accesorios-gas,en-at,de-at,/collections/accesorios-gas,301,https://evacaravan.com/de-at/collections/accesorios-gas,2026-04-24
https://evacaravan.com/en-at/collections/accesorios-para-portabicis,en-at,de-at,/collections/accesorios-para-portabicis,301,https://evacaravan.com/de-at/collections/accesorios-para-portabicis,2026-02-23
https://evacaravan.com/en-at/collections/alarma,en-at,de-at,/collections/alarma,301,https://evacaravan.com/de-at/collections/alarma,2026-04-09
https://evacaravan.com/en-at/collections/all/products/acoplamiento-estabilizador-aks™-3004,en-at,de-at,/collections/all/products/acoplamiento-estabilizador-aks™-3004,301,https://evacaravan.com/de-at/collections/all/products/acoplamiento-estabilizador-aks™-3004,2026-03-20
https://evacaravan.com/en-at/collections/all/products/aire-acondicionado-silent-8400h,en-at,de-at,/collections/all/products/aire-acondicionado-silent-8400h,301,https://evacaravan.com/de-at/collections/all/products/aire-acondicionado-silent-8400h,2026-03-20
https://evacaravan.com/en-at/collections/all/products/antena-terrestre-omnidireccional-tonna-1,en-at,de-at,/collections/all/products/antena-terrestre-omnidireccional-tonna-1,301,https://evacaravan.com/de-at/collections/all/products/antena-terrestre-omnidireccional-tonna-1,2026-03-26
https://evacaravan.com/en-at/collections/all/products/campana-extractora-12v,en-at,de-at,/collections/all/products/campana-extractora-12v,301,https://evacaravan.com/de-at/collections/all/products/campana-extractora-12v,2026-01-23
https://evacaravan.com/en-at/collections/all/products/cargador-bateria,en-at,de-at,/collections/all/products/cargador-bateria,301,https://evacaravan.com/de-at/collections/all/products/cargador-bateria,2026-03-24
https://evacaravan.com/en-at/collections/all/products/cerradura-de-seguridad-meroni-ufo-plus-para-vehiculos-comerciales,en-at,de-at,/collections/all/products/cerradura-de-seguridad-meroni-ufo-plus-para-vehiculos-comerciales,301,https://evacaravan.com/de-at/collections/all/products/cerradura-de-seguridad-meroni-ufo-plus-para-vehiculos-comerciales,2026-03-26
https://evacaravan.com/en-at/collections/all/products/cerradura-para-furgoneta-meroni-ufo-auto-classic,en-at,de-at,/collections/all/products/cerradura-para-furgoneta-meroni-ufo-auto-classic,301,https://evacaravan.com/de-at/collections/all/products/cerradura-para-furgoneta-meroni-ufo-auto-classic,2026-03-19
https://evacaravan.com/en-at/collections/all/products/claraboya-domestic-heki-2,en-at,de-at,/collections/all/products/claraboya-domestic-heki-2,301,https://evacaravan.com/de-at/collections/all/products/claraboya-domestic-heki-2,2026-01-13
https://evacaravan.com/en-at/collections/all/products/claraboya-domestic-midi-heki-500x700-mm,en-at,de-at,/collections/all/products/claraboya-domestic-midi-heki-500x700-mm,301,https://evacaravan.com/de-at/collections/all/products/claraboya-domestic-midi-heki-500x700-mm,2026-03-19
https://evacaravan.com/en-at/collections/all/products/escalon-electrico-thule-peldano-simple-550-mm,en-at,de-at,/collections/all/products/escalon-electrico-thule-peldano-simple-550-mm,301,https://evacaravan.com/de-at/collections/all/products/escalon-electrico-thule-peldano-simple-550-mm,2026-03-25
https://evacaravan.com/en-at/collections/all/products/inodoro-portatil-porta-pottis-qube-335,en-at,de-at,/collections/all/products/inodoro-portatil-porta-pottis-qube-335,301,https://evacaravan.com/de-at/collections/all/products/inodoro-portatil-porta-pottis-qube-335,2026-03-20
https://evacaravan.com/en-at/collections/all/products/inodoro-portatil-porta-pottis-qube-365,en-at,de-at,/collections/all/products/inodoro-portatil-porta-pottis-qube-365,301,https://evacaravan.com/de-at/collections/all/products/inodoro-portatil-porta-pottis-qube-365,2026-01-09
https://evacaravan.com/en-at/collections/all/products/kit-acoplamiento-estabilizador-aks™-3004-antirrobo,en-at,de-at,/collections/all/products/kit-acoplamiento-estabilizador-aks™-3004-antirrobo,301,https://evacaravan.com/de-at/collections/all/products/kit-acoplamiento-estabilizador-aks™-3004-antirrobo,2026-03-08
https://evacaravan.com/en-at/collections/all/products/kit-thetford-toilet-fresh-up-set-c2-c3-c4-right,en-at,de-at,/collections/all/products/kit-thetford-toilet-fresh-up-set-c2-c3-c4-right,301,https://evacaravan.com/de-at/collections/all/products/kit-thetford-toilet-fresh-up-set-c2-c3-c4-right,2026-01-13
https://evacaravan.com/en-at/collections/all/products/pack-sistema-de-maniobra-semiautomatico-para-caravanas-em203,en-at,de-at,/collections/all/products/pack-sistema-de-maniobra-semiautomatico-para-caravanas-em203,301,https://evacaravan.com/de-at/collections/all/products/pack-sistema-de-maniobra-semiautomatico-para-caravanas-em203,2026-03-22
https://evacaravan.com/en-at/collections/all/products/regulador-truma-duocontrol-cs-horizontal,en-at,de-at,/collections/all/products/regulador-truma-duocontrol-cs-horizontal,301,https://evacaravan.com/de-at/collections/all/products/regulador-truma-duocontrol-cs-horizontal,2026-01-13
https://evacaravan.com/en-at/collections/calderas,en-at,de-at,/collections/calderas,301,https://evacaravan.com/de-at/collections/calderas,2026-01-11
https://evacaravan.com/en-at/collections/calefacciones,en-at,de-at,/collections/calefacciones,301,https://evacaravan.com/de-at/collections/calefacciones,2026-02-23
https://evacaravan.com/en-at/collections/clima-e-van-7400h,en-at,de-at,/collections/clima-e-van-7400h,301,https://evacaravan.com/de-at/collections/clima-e-van-7400h,2026-04-09
https://evacaravan.com/en-at/collections/dual-clima-8400,en-at,de-at,/collections/dual-clima-8400,301,https://evacaravan.com/de-at/collections/dual-clima-8400,2026-04-09
https://evacaravan.com/en-at/collections/novedades,en-at,de-at,/collections/novedades,301,https://evacaravan.com/de-at/collections/novedades,2026-01-23
https://evacaravan.com/en-at/collections/vendors/products/campana-extractora-12v,en-at,de-at,/collections/vendors/products/campana-extractora-12v,301,https://evacaravan.com/de-at/collections/vendors/products/campana-extractora-12v,2026-01-25
https://evacaravan.com/en-at/collections/vendors/products/cerradura-de-seguridad-meroni-ufo-plus-para-vehiculos-comerciales,en-at,de-at,/collections/vendors/products/cerradura-de-seguridad-meroni-ufo-plus-para-vehiculos-comerciales,301,https://evacaravan.com/de-at/collections/vendors/products/cerradura-de-seguridad-meroni-ufo-plus-para-vehiculos-comerciales,2026-04-08
https://evacaravan.com/en-at/collections/vendors/products/claraboya-domestic-midi-heki-500x700-mm,en-at,de-at,/collections/vendors/products/claraboya-domestic-midi-heki-500x700-mm,301,https://evacaravan.com/de-at/collections/vendors/products/claraboya-domestic-midi-heki-500x700-mm,2026-01-15
https://evacaravan.com/en-at/collections/vendors/products/kit-thetford-toilet-fresh-up-set-c2-c3-c4-right,en-at,de-at,/collections/vendors/products/kit-thetford-toilet-fresh-up-set-c2-c3-c4-right,301,https://evacaravan.com/de-at/collections/vendors/products/kit-thetford-toilet-fresh-up-set-c2-c3-c4-right,2026-01-15
https://evacaravan.com/en-at/collections/vendors/products/pack-3-cierres-de-seguridad-fiamma-safe-door,en-at,de-at,/collections/vendors/products/pack-3-cierres-de-seguridad-fiamma-safe-door,301,https://evacaravan.com/de-at/collections/vendors/products/pack-3-cierres-de-seguridad-fiamma-safe-door,2026-04-02
https://evacaravan.com/en-at/pages/condiciones-de-compra,en-at,de-at,/pages/condiciones-de-compra,301,https://evacaravan.com/de-at/pages/condiciones-de-compra,2026-02-08
https://evacaravan.com/en-at/products/aire-acondicionado-clima-e-van-7400h,en-at,de-at,/products/aire-acondicionado-clima-e-van-7400h,301,https://evacaravan.com/de-at/products/aire-acondicionado-clima-e-van-7400h,2026-01-12
https://evacaravan.com/en-at/products/caldera-truma-therme,en-at,de-at,/products/caldera-truma-therme,301,https://evacaravan.com/de-at/products/caldera-truma-therme,2026-05-08
https://evacaravan.com/en-at/products/cargador-bateria,en-at,de-at,/products/cargador-bateria,301,https://evacaravan.com/de-at/products/cargador-bateria,2026-03-19
https://evacaravan.com/en-at/products/cerradura-para-furgoneta-meroni-ufo3-smart-duo-blanco,en-at,de-at,/products/cerradura-para-furgoneta-meroni-ufo3-smart-duo-blanco,301,https://evacaravan.com/de-at/products/cerradura-para-furgoneta-meroni-ufo3-smart-duo-blanco,2026-03-28
https://evacaravan.com/en-at/products/cierre-de-seguridad-fiamma-safe-door,en-at,de-at,/products/cierre-de-seguridad-fiamma-safe-door,301,https://evacaravan.com/de-at/products/cierre-de-seguridad-fiamma-safe-door,2026-05-08
https://evacaravan.com/en-at/products/claraboya-fiamma-turbovent-blanco-con-termostato,en-at,de-at,/products/claraboya-fiamma-turbovent-blanco-con-termostato,301,https://evacaravan.com/de-at/products/claraboya-fiamma-turbovent-blanco-con-termostato,2026-03-04
https://evacaravan.com/en-at/products/claraboya-fiamma-vent-40-blanca,en-at,de-at,/products/claraboya-fiamma-vent-40-blanca,301,https://evacaravan.com/de-at/products/claraboya-fiamma-vent-40-blanca,2026-03-04
https://evacaravan.com/en-at/products/inversor-12v-onda-pura-1000w,en-at,de-at,/products/inversor-12v-onda-pura-1000w,301,https://evacaravan.com/de-at/products/inversor-12v-onda-pura-1000w,2026-04-24
https://evacaravan.com/en-at/products/kit-thetford-toilet-fresh-up-set-c2-c3-c4-right,en-at,de-at,/products/kit-thetford-toilet-fresh-up-set-c2-c3-c4-right,301,https://evacaravan.com/de-at/products/kit-thetford-toilet-fresh-up-set-c2-c3-c4-right,2026-04-24
https://evacaravan.com/en-at/products/pack-3-cierres-de-seguridad-fiamma-safe-door-frame-3,en-at,de-at,/products/pack-3-cierres-de-seguridad-fiamma-safe-door-frame-3,301,https://evacaravan.com/de-at/products/pack-3-cierres-de-seguridad-fiamma-safe-door-frame-3,2026-03-27
https://evacaravan.com/en-be/cart,en-be,fr-be,/cart,bloquear-robots-txt,,2026-04-30
https://evacaravan.com/en-be/collections/accesorios-para-portabicis,en-be,fr-be,/collections/accesorios-para-portabicis,301,https://evacaravan.com/fr-be/collections/accesorios-para-portabicis,2026-03-07
https://evacaravan.com/en-be/collections/cocina,en-be,fr-be,/collections/cocina,301,https://evacaravan.com/fr-be/collections/cocina,2026-05-04
https://evacaravan.com/en-be/collections/dometic,en-be,fr-be,/collections/dometic,301,https://evacaravan.com/fr-be/collections/dometic,2026-03-11
https://evacaravan.com/en-be/collections/escaleras,en-be,fr-be,/collections/escaleras,301,https://evacaravan.com/fr-be/collections/escaleras,2026-05-04
https://evacaravan.com/en-be/collections/escalones-electricos,en-be,fr-be,/collections/escalones-electricos,301,https://evacaravan.com/fr-be/collections/escalones-electricos,2026-05-06
https://evacaravan.com/en-be/collections/reguladores,en-be,fr-be,/collections/reguladores,301,https://evacaravan.com/fr-be/collections/reguladores,2026-02-19
https://evacaravan.com/en-be/collections/soporte-tv,en-be,fr-be,/collections/soporte-tv,301,https://evacaravan.com/fr-be/collections/soporte-tv,2026-03-01
https://evacaravan.com/en-be/collections/van-lock,en-be,fr-be,/collections/van-lock,301,https://evacaravan.com/fr-be/collections/van-lock,2026-04-24
https://evacaravan.com/en-be/collections/vendors/products/inodoro-portatil-porta-pottis-qube-365,en-be,fr-be,/collections/vendors/products/inodoro-portatil-porta-pottis-qube-365,301,https://evacaravan.com/fr-be/collections/vendors/products/inodoro-portatil-porta-pottis-qube-365,2026-01-14
https://evacaravan.com/en-be/pages/aviso-legal,en-be,fr-be,/pages/aviso-legal,301,https://evacaravan.com/fr-be/pages/aviso-legal,2026-04-30
https://evacaravan.com/en-be/pages/politica-de-garantia,en-be,fr-be,/pages/politica-de-garantia,301,https://evacaravan.com/fr-be/pages/politica-de-garantia,2026-04-30
https://evacaravan.com/en-be/products/3-bloqueadores-de-puerta-thule-door-frame-lock,en-be,fr-be,/products/3-bloqueadores-de-puerta-thule-door-frame-lock,301,https://evacaravan.com/fr-be/products/3-bloqueadores-de-puerta-thule-door-frame-lock,2026-03-12
https://evacaravan.com/en-be/products/aire-acondicionado-clima-e-van-7400h,en-be,fr-be,/products/aire-acondicionado-clima-e-van-7400h,301,https://evacaravan.com/fr-be/products/aire-acondicionado-clima-e-van-7400h,2026-02-13
https://evacaravan.com/en-be/products/cerradura-para-furgoneta-meroni-ufo2,en-be,fr-be,/products/cerradura-para-furgoneta-meroni-ufo2,301,https://evacaravan.com/fr-be/products/cerradura-para-furgoneta-meroni-ufo2,2026-03-27
https://evacaravan.com/en-be/products/cerradura-para-furgoneta-meroni-ufo3-smart-duo-blanco,en-be,fr-be,/products/cerradura-para-furgoneta-meroni-ufo3-smart-duo-blanco,301,https://evacaravan.com/fr-be/products/cerradura-para-furgoneta-meroni-ufo3-smart-duo-blanco,2026-04-27
https://evacaravan.com/en-be/products/claraboya-fiamma-turbovent-blanco-con-termostato,en-be,fr-be,/products/claraboya-fiamma-turbovent-blanco-con-termostato,301,https://evacaravan.com/fr-be/products/claraboya-fiamma-turbovent-blanco-con-termostato,2026-04-11
https://evacaravan.com/en-be/products/claraboya-mini-heki-style,en-be,fr-be,/products/claraboya-mini-heki-style,301,https://evacaravan.com/fr-be/products/claraboya-mini-heki-style,2026-04-11
https://evacaravan.com/en-be/products/inversor-12v-onda-pura-1000w,en-be,fr-be,/products/inversor-12v-onda-pura-1000w,301,https://evacaravan.com/fr-be/products/inversor-12v-onda-pura-1000w,2026-04-09
https://evacaravan.com/en-be/products/kit-thetford-toilet-fresh-up-set-c2-c3-c4-right,en-be,fr-be,/products/kit-thetford-toilet-fresh-up-set-c2-c3-c4-right,301,https://evacaravan.com/fr-be/products/kit-thetford-toilet-fresh-up-set-c2-c3-c4-right,2026-04-28
https://evacaravan.com/en-be/search,en-be,fr-be,/search,301,https://evacaravan.com/fr-be/search,2026-04-30
https://evacaravan.com/en-de/collections/claraboyas,en-de,de-de,/collections/claraboyas,301,https://evacaravan.com/de-de/collections/claraboyas,2026-05-09
https://evacaravan.com/en-de/collections/energia,en-de,de-de,/collections/energia,301,https://evacaravan.com/de-de/collections/energia,2026-02-14
https://evacaravan.com/en-de/collections/fresh-up-set,en-de,de-de,/collections/fresh-up-set,301,https://evacaravan.com/de-de/collections/fresh-up-set,2026-05-09
https://evacaravan.com/en-de/collections/retrocamara,en-de,de-de,/collections/retrocamara,301,https://evacaravan.com/de-de/collections/retrocamara,2026-02-25
https://evacaravan.com/en-de/products/inodoro-portatil-porta-pottis-qube-335,en-de,de-de,/products/inodoro-portatil-porta-pottis-qube-335,301,https://evacaravan.com/de-de/products/inodoro-portatil-porta-pottis-qube-335,2026-03-30
https://evacaravan.com/en-fr/,en-fr,fr-fr,/,301,https://evacaravan.com/fr-fr/,2026-03-04
https://evacaravan.com/en-fr/collections/all,en-fr,fr-fr,/collections/all,301,https://evacaravan.com/fr-fr/collections/all,2026-02-23
https://evacaravan.com/en-fr/collections/antenas-tv,en-fr,fr-fr,/collections/antenas-tv,301,https://evacaravan.com/fr-fr/collections/antenas-tv,2026-04-04
https://evacaravan.com/en-fr/collections/calderas,en-fr,fr-fr,/collections/calderas,301,https://evacaravan.com/fr-fr/collections/calderas,2026-05-01
https://evacaravan.com/en-fr/collections/cerradura-para-furgonetas,en-fr,fr-fr,/collections/cerradura-para-furgonetas,301,https://evacaravan.com/fr-fr/collections/cerradura-para-furgonetas,2026-04-10
https://evacaravan.com/en-fr/collections/cocina-1,en-fr,fr-fr,/collections/cocina-1,301,https://evacaravan.com/fr-fr/collections/cocina-1,2026-02-21
https://evacaravan.com/en-fr/collections/glaziar-ac-06,en-fr,fr-fr,/collections/glaziar-ac-06,301,https://evacaravan.com/fr-fr/collections/glaziar-ac-06,2026-04-24
https://evacaravan.com/en-fr/collections/inversores-12v-onda-pura,en-fr,fr-fr,/collections/inversores-12v-onda-pura,301,https://evacaravan.com/fr-fr/collections/inversores-12v-onda-pura,2026-04-08
https://evacaravan.com/en-fr/collections/kits-solares,en-fr,fr-fr,/collections/kits-solares,301,https://evacaravan.com/fr-fr/collections/kits-solares,2026-03-07
https://evacaravan.com/en-fr/collections/kits-solares-deep-power,en-fr,fr-fr,/collections/kits-solares-deep-power,301,https://evacaravan.com/fr-fr/collections/kits-solares-deep-power,2026-03-06
https://evacaravan.com/en-fr/collections/lock-frame,en-fr,fr-fr,/collections/lock-frame,301,https://evacaravan.com/fr-fr/collections/lock-frame,2026-02-20
https://evacaravan.com/en-fr/collections/silent-8100,en-fr,fr-fr,/collections/silent-8100,301,https://evacaravan.com/fr-fr/collections/silent-8100,2026-04-25
https://evacaravan.com/en-fr/collections/tv,en-fr,fr-fr,/collections/tv,301,https://evacaravan.com/fr-fr/collections/tv,2026-03-31
https://evacaravan.com/en-fr/products/caldera-truma-therme,en-fr,fr-fr,/products/caldera-truma-therme,301,https://evacaravan.com/fr-fr/products/caldera-truma-therme,2026-05-08
https://evacaravan.com/en-fr/products/cerradura-para-furgoneta-meroni-ufo-auto-classic,en-fr,fr-fr,/products/cerradura-para-furgoneta-meroni-ufo-auto-classic,301,https://evacaravan.com/fr-fr/products/cerradura-para-furgoneta-meroni-ufo-auto-classic,2026-03-04
https://evacaravan.com/en-fr/products/cerradura-para-furgoneta-meroni-ufo2,en-fr,fr-fr,/products/cerradura-para-furgoneta-meroni-ufo2,301,https://evacaravan.com/fr-fr/products/cerradura-para-furgoneta-meroni-ufo2,2026-03-12
https://evacaravan.com/en-fr/products/cerradura-para-furgoneta-meroni-ufo3-smart-duo-blanco,en-fr,fr-fr,/products/cerradura-para-furgoneta-meroni-ufo3-smart-duo-blanco,301,https://evacaravan.com/fr-fr/products/cerradura-para-furgoneta-meroni-ufo3-smart-duo-blanco,2026-03-30
https://evacaravan.com/en-fr/products/cierre-de-seguridad-fiamma-safe-door,en-fr,fr-fr,/products/cierre-de-seguridad-fiamma-safe-door,301,https://evacaravan.com/fr-fr/products/cierre-de-seguridad-fiamma-safe-door,2026-05-04
https://evacaravan.com/en-fr/products/convertidor-victron-enery-phoenix-12-375-ve-direct-schuko,en-fr,fr-fr,/products/convertidor-victron-enery-phoenix-12-375-ve-direct-schuko,301,https://evacaravan.com/fr-fr/products/convertidor-victron-enery-phoenix-12-375-ve-direct-schuko,2026-03-07
https://evacaravan.com/en-fr/products/inversor-12v-onda-modificada-1000w,en-fr,fr-fr,/products/inversor-12v-onda-modificada-1000w,301,https://evacaravan.com/fr-fr/products/inversor-12v-onda-modificada-1000w,2026-03-03
https://evacaravan.com/en-fr/products/portabicis-fiamma-pro,en-fr,fr-fr,/products/portabicis-fiamma-pro,301,https://evacaravan.com/fr-fr/products/portabicis-fiamma-pro,2026-04-30
https://evacaravan.com/en-it/collections/accesorios-para-portabicis,en-it,it-it,/collections/accesorios-para-portabicis,301,https://evacaravan.com/it-it/collections/accesorios-para-portabicis,2026-04-04
https://evacaravan.com/en-it/collections/alarma,en-it,it-it,/collections/alarma,301,https://evacaravan.com/it-it/collections/alarma,2026-01-14
https://evacaravan.com/en-it/collections/all/products/aire-acondicionado-clima-e-van-7400h,en-it,it-it,/collections/all/products/aire-acondicionado-clima-e-van-7400h,301,https://evacaravan.com/it-it/collections/all/products/aire-acondicionado-clima-e-van-7400h,2026-04-02
https://evacaravan.com/en-it/collections/all/products/regulador-truma-duocontrol-cs-horizontal,en-it,it-it,/collections/all/products/regulador-truma-duocontrol-cs-horizontal,301,https://evacaravan.com/it-it/collections/all/products/regulador-truma-duocontrol-cs-horizontal,2026-02-01
https://evacaravan.com/en-it/collections/antenas-tv,en-it,it-it,/collections/antenas-tv,301,https://evacaravan.com/it-it/collections/antenas-tv,2026-02-13
https://evacaravan.com/en-it/collections/asa-seguridad,en-it,it-it,/collections/asa-seguridad,301,https://evacaravan.com/it-it/collections/asa-seguridad,2026-03-10
https://evacaravan.com/en-it/collections/bases-giratorias,en-it,it-it,/collections/bases-giratorias,301,https://evacaravan.com/it-it/collections/bases-giratorias,2026-01-12
https://evacaravan.com/en-it/collections/cab-lock,en-it,it-it,/collections/cab-lock,301,https://evacaravan.com/it-it/collections/cab-lock,2026-02-01
https://evacaravan.com/en-it/collections/claraboyas,en-it,it-it,/collections/claraboyas,301,https://evacaravan.com/it-it/collections/claraboyas,2026-05-06
https://evacaravan.com/en-it/collections/clima-e-van-7400h,en-it,it-it,/collections/clima-e-van-7400h,301,https://evacaravan.com/it-it/collections/clima-e-van-7400h,2026-01-12
https://evacaravan.com/en-it/collections/energia,en-it,it-it,/collections/energia,301,https://evacaravan.com/it-it/collections/energia,2026-01-15
https://evacaravan.com/en-it/collections/equipamiento-exterior,en-it,it-it,/collections/equipamiento-exterior,301,https://evacaravan.com/it-it/collections/equipamiento-exterior,2026-02-21
https://evacaravan.com/en-it/collections/escalones-electricos,en-it,it-it,/collections/escalones-electricos,301,https://evacaravan.com/it-it/collections/escalones-electricos,2026-04-08
https://evacaravan.com/en-it/collections/escalones-manuales,en-it,it-it,/collections/escalones-manuales,301,https://evacaravan.com/it-it/collections/escalones-manuales,2026-02-22
https://evacaravan.com/en-it/collections/glaziar-ac-06,en-it,it-it,/collections/glaziar-ac-06,301,https://evacaravan.com/it-it/collections/glaziar-ac-06,2026-03-31
https://evacaravan.com/en-it/collections/porta-pottis,en-it,it-it,/collections/porta-pottis,301,https://evacaravan.com/it-it/collections/porta-pottis,2026-02-12
https://evacaravan.com/en-it/collections/productos-mas-vendidos,en-it,it-it,/collections/productos-mas-vendidos,301,https://evacaravan.com/it-it/collections/productos-mas-vendidos,2026-02-01
https://evacaravan.com/en-it/collections/seguridad,en-it,it-it,/collections/seguridad,301,https://evacaravan.com/it-it/collections/seguridad,2026-04-01
https://evacaravan.com/en-it/collections/silent-8100,en-it,it-it,/collections/silent-8100,301,https://evacaravan.com/it-it/collections/silent-8100,2026-04-24
https://evacaravan.com/en-it/collections/tv,en-it,it-it,/collections/tv,301,https://evacaravan.com/it-it/collections/tv,2026-04-13
https://evacaravan.com/en-it/collections/vendors/products/inodoro-portatil-porta-pottis-qube-335,en-it,it-it,/collections/vendors/products/inodoro-portatil-porta-pottis-qube-335,301,https://evacaravan.com/it-it/collections/vendors/products/inodoro-portatil-porta-pottis-qube-335,2026-04-12
https://evacaravan.com/en-it/products/aire-acondicionado-clima-e-van-7400h,en-it,it-it,/products/aire-acondicionado-clima-e-van-7400h,301,https://evacaravan.com/it-it/products/aire-acondicionado-clima-e-van-7400h,2026-01-14
https://evacaravan.com/en-it/products/cerradura-para-furgoneta-meroni-ufo3-smart-duo-blanco,en-it,it-it,/products/cerradura-para-furgoneta-meroni-ufo3-smart-duo-blanco,301,https://evacaravan.com/it-it/products/cerradura-para-furgoneta-meroni-ufo3-smart-duo-blanco,2026-03-28
https://evacaravan.com/en-it/products/cierre-de-seguridad-fiamma-safe-door,en-it,it-it,/products/cierre-de-seguridad-fiamma-safe-door,301,https://evacaravan.com/it-it/products/cierre-de-seguridad-fiamma-safe-door,2026-05-04
https://evacaravan.com/en-it/products/copia-de-inversor-12v-onda-pura-2000w,en-it,it-it,/products/copia-de-inversor-12v-onda-pura-2000w,301,https://evacaravan.com/it-it/products/copia-de-inversor-12v-onda-pura-2000w,2026-01-12
https://evacaravan.com/en-it/products/inodoro-portatil-porta-pottis-qube-365,en-it,it-it,/products/inodoro-portatil-porta-pottis-qube-365,301,https://evacaravan.com/it-it/products/inodoro-portatil-porta-pottis-qube-365,2026-02-28
https://evacaravan.com/en-it/products/inversor-12v-onda-pura-1000w,en-it,it-it,/products/inversor-12v-onda-pura-1000w,301,https://evacaravan.com/it-it/products/inversor-12v-onda-pura-1000w,2026-04-09
https://evacaravan.com/en-it/products/kit-acoplamiento-estabilizador-aks™-3004-antirrobo,en-it,it-it,/products/kit-acoplamiento-estabilizador-aks™-3004-antirrobo,301,https://evacaravan.com/it-it/products/kit-acoplamiento-estabilizador-aks™-3004-antirrobo,2026-03-17
https://evacaravan.com/en-it/products/kit-solares-deep-power-105w,en-it,it-it,/products/kit-solares-deep-power-105w,301,https://evacaravan.com/it-it/products/kit-solares-deep-power-105w,2026-02-01
https://evacaravan.com/en-it/products/kit-thetford-lavabo-fresh-up-set-c200-con-ruedas,en-it,it-it,/products/kit-thetford-lavabo-fresh-up-set-c200-con-ruedas,301,https://evacaravan.com/it-it/products/kit-thetford-lavabo-fresh-up-set-c200-con-ruedas,2026-04-24
https://evacaravan.com/en-it/products/van-lock,en-it,it-it,/products/van-lock,301,https://evacaravan.com/it-it/products/van-lock,2026-05-08
https://evacaravan.com/en-nl/cart/add,en-nl,nl-nl,/cart/add,bloquear-robots-txt,,2026-02-14
https://evacaravan.com/en-nl/collections,en-nl,nl-nl,/collections,301,https://evacaravan.com/nl-nl/collections,2026-05-03
https://evacaravan.com/en-nl/collections/accesorios-gas,en-nl,nl-nl,/collections/accesorios-gas,301,https://evacaravan.com/nl-nl/collections/accesorios-gas,2026-03-21
https://evacaravan.com/en-nl/collections/alarma,en-nl,nl-nl,/collections/alarma,301,https://evacaravan.com/nl-nl/collections/alarma,2026-04-11
https://evacaravan.com/en-nl/collections/all,en-nl,nl-nl,/collections/all,301,https://evacaravan.com/nl-nl/collections/all,2026-04-26
https://evacaravan.com/en-nl/collections/all/products/aire-acondicionado-clima-e-van-7400h,en-nl,nl-nl,/collections/all/products/aire-acondicionado-clima-e-van-7400h,301,https://evacaravan.com/nl-nl/collections/all/products/aire-acondicionado-clima-e-van-7400h,2026-04-03
https://evacaravan.com/en-nl/collections/all/products/escalon-electrico-thule-peldano-simple-550-mm,en-nl,nl-nl,/collections/all/products/escalon-electrico-thule-peldano-simple-550-mm,301,https://evacaravan.com/nl-nl/collections/all/products/escalon-electrico-thule-peldano-simple-550-mm,2026-03-25
https://evacaravan.com/en-nl/collections/asa-seguridad,en-nl,nl-nl,/collections/asa-seguridad,301,https://evacaravan.com/nl-nl/collections/asa-seguridad,2026-04-05
https://evacaravan.com/en-nl/collections/cab-lock,en-nl,nl-nl,/collections/cab-lock,301,https://evacaravan.com/nl-nl/collections/cab-lock,2026-04-10
https://evacaravan.com/en-nl/collections/calderas,en-nl,nl-nl,/collections/calderas,301,https://evacaravan.com/nl-nl/collections/calderas,2026-04-30
https://evacaravan.com/en-nl/collections/claraboyas,en-nl,nl-nl,/collections/claraboyas,301,https://evacaravan.com/nl-nl/collections/claraboyas,2026-02-16
https://evacaravan.com/en-nl/collections/clima-e-van-7400h,en-nl,nl-nl,/collections/clima-e-van-7400h,301,https://evacaravan.com/nl-nl/collections/clima-e-van-7400h,2026-05-06
https://evacaravan.com/en-nl/collections/dometic,en-nl,nl-nl,/collections/dometic,301,https://evacaravan.com/nl-nl/collections/dometic,2026-04-10
https://evacaravan.com/en-nl/collections/energia,en-nl,nl-nl,/collections/energia,301,https://evacaravan.com/nl-nl/collections/energia,2026-03-08
https://evacaravan.com/en-nl/collections/escaleras,en-nl,nl-nl,/collections/escaleras,301,https://evacaravan.com/nl-nl/collections/escaleras,2026-05-07
https://evacaravan.com/en-nl/collections/lock-frame,en-nl,nl-nl,/collections/lock-frame,301,https://evacaravan.com/nl-nl/collections/lock-frame,2026-05-09
https://evacaravan.com/en-nl/collections/movedores-caravanas,en-nl,nl-nl,/collections/movedores-caravanas,301,https://evacaravan.com/nl-nl/collections/movedores-caravanas,2026-03-14
https://evacaravan.com/en-nl/collections/silent-8100,en-nl,nl-nl,/collections/silent-8100,301,https://evacaravan.com/nl-nl/collections/silent-8100,2026-03-04
https://evacaravan.com/en-nl/collections/van-lock,en-nl,nl-nl,/collections/van-lock,301,https://evacaravan.com/nl-nl/collections/van-lock,2026-04-03
https://evacaravan.com/en-nl/collections/vendors/products/cargador-bateria,en-nl,nl-nl,/collections/vendors/products/cargador-bateria,301,https://evacaravan.com/nl-nl/collections/vendors/products/cargador-bateria,2026-03-29
https://evacaravan.com/en-nl/collections/vendors/products/pack-3-cierres-de-seguridad-fiamma-safe-door,en-nl,nl-nl,/collections/vendors/products/pack-3-cierres-de-seguridad-fiamma-safe-door,301,https://evacaravan.com/nl-nl/collections/vendors/products/pack-3-cierres-de-seguridad-fiamma-safe-door,2026-04-05
https://evacaravan.com/en-nl/pages/quienes-somos,en-nl,nl-nl,/pages/quienes-somos,301,https://evacaravan.com/nl-nl/pages/quienes-somos,2026-04-25
https://evacaravan.com/en-nl/products/aire-acondicionado-silent-8400h,en-nl,nl-nl,/products/aire-acondicionado-silent-8400h,301,https://evacaravan.com/nl-nl/products/aire-acondicionado-silent-8400h,2026-03-07
https://evacaravan.com/en-nl/products/cerradura-para-furgoneta-meroni-ufo-auto-classic,en-nl,nl-nl,/products/cerradura-para-furgoneta-meroni-ufo-auto-classic,301,https://evacaravan.com/nl-nl/products/cerradura-para-furgoneta-meroni-ufo-auto-classic,2026-03-01
https://evacaravan.com/en-nl/products/cerradura-para-furgoneta-meroni-ufo3-smart-duo-blanco,en-nl,nl-nl,/products/cerradura-para-furgoneta-meroni-ufo3-smart-duo-blanco,301,https://evacaravan.com/nl-nl/products/cerradura-para-furgoneta-meroni-ufo3-smart-duo-blanco,2026-04-01
https://evacaravan.com/en-nl/products/claraboya-domestic-midi-heki-500x700-mm,en-nl,nl-nl,/products/claraboya-domestic-midi-heki-500x700-mm,301,https://evacaravan.com/nl-nl/products/claraboya-domestic-midi-heki-500x700-mm,2026-02-17
https://evacaravan.com/en-nl/products/inodoro-portatil-porta-pottis-qube-335,en-nl,nl-nl,/products/inodoro-portatil-porta-pottis-qube-335,301,https://evacaravan.com/nl-nl/products/inodoro-portatil-porta-pottis-qube-335,2026-03-28
https://evacaravan.com/en-nl/products/inversor-12v-onda-pura-1000w,en-nl,nl-nl,/products/inversor-12v-onda-pura-1000w,301,https://evacaravan.com/nl-nl/products/inversor-12v-onda-pura-1000w,2026-05-08
https://evacaravan.com/en-nl/products/kit-thetford-lavabo-fresh-up-set-c250-260,en-nl,nl-nl,/products/kit-thetford-lavabo-fresh-up-set-c250-260,301,https://evacaravan.com/nl-nl/products/kit-thetford-lavabo-fresh-up-set-c250-260,2026-02-12
https://evacaravan.com/en-nl/products/kit-thetford-toilet-fresh-up-set-c2-c3-c4-right,en-nl,nl-nl,/products/kit-thetford-toilet-fresh-up-set-c2-c3-c4-right,301,https://evacaravan.com/nl-nl/products/kit-thetford-toilet-fresh-up-set-c2-c3-c4-right,2026-04-13
https://evacaravan.com/en-nl/products/portabicis-fiamma-pro,en-nl,nl-nl,/products/portabicis-fiamma-pro,301,https://evacaravan.com/nl-nl/products/portabicis-fiamma-pro,2026-02-19
https://evacaravan.com/en-nl/products/van-lock,en-nl,nl-nl,/products/van-lock,301,https://evacaravan.com/nl-nl/products/van-lock,2026-05-07
https://evacaravan.com/en-nl/search,en-nl,nl-nl,/search,301,https://evacaravan.com/nl-nl/search,2026-01-31
https://evacaravan.com/en-pt/collections/accesorios-gas,en-pt,pt-pt,/collections/accesorios-gas,301,https://evacaravan.com/pt-pt/collections/accesorios-gas,2026-03-21
https://evacaravan.com/en-pt/collections/alarma,en-pt,pt-pt,/collections/alarma,301,https://evacaravan.com/pt-pt/collections/alarma,2026-04-25
https://evacaravan.com/en-pt/collections/all/products/claraboya-domestic-midi-heki-500x700-mm,en-pt,pt-pt,/collections/all/products/claraboya-domestic-midi-heki-500x700-mm,301,https://evacaravan.com/pt-pt/collections/all/products/claraboya-domestic-midi-heki-500x700-mm,2026-01-14
https://evacaravan.com/en-pt/collections/bases-giratorias,en-pt,pt-pt,/collections/bases-giratorias,301,https://evacaravan.com/pt-pt/collections/bases-giratorias,2026-02-18
https://evacaravan.com/en-pt/collections/cocina,en-pt,pt-pt,/collections/cocina,301,https://evacaravan.com/pt-pt/collections/cocina,2026-01-28
https://evacaravan.com/en-pt/collections/escalones-electricos,en-pt,pt-pt,/collections/escalones-electricos,301,https://evacaravan.com/pt-pt/collections/escalones-electricos,2026-04-03
https://evacaravan.com/en-pt/collections/glaziar-ac-06,en-pt,pt-pt,/collections/glaziar-ac-06,301,https://evacaravan.com/pt-pt/collections/glaziar-ac-06,2026-05-08
https://evacaravan.com/en-pt/collections/kits-solares-deep-power,en-pt,pt-pt,/collections/kits-solares-deep-power,301,https://evacaravan.com/pt-pt/collections/kits-solares-deep-power,2026-02-16
https://evacaravan.com/en-pt/pages/condiciones-de-compra,en-pt,pt-pt,/pages/condiciones-de-compra,301,https://evacaravan.com/pt-pt/pages/condiciones-de-compra,2026-05-07
https://evacaravan.com/en-pt/pages/gastos-de-envio,en-pt,pt-pt,/pages/gastos-de-envio,301,https://evacaravan.com/pt-pt/pages/gastos-de-envio,2026-03-27
https://evacaravan.com/en-pt/pages/politica-de-privacidad,en-pt,pt-pt,/pages/politica-de-privacidad,301,https://evacaravan.com/pt-pt/pages/politica-de-privacidad,2026-04-25
https://evacaravan.com/en-pt/products/3-bloqueadores-de-puerta-thule-door-frame-lock,en-pt,pt-pt,/products/3-bloqueadores-de-puerta-thule-door-frame-lock,301,https://evacaravan.com/pt-pt/products/3-bloqueadores-de-puerta-thule-door-frame-lock,2026-03-18
https://evacaravan.com/en-pt/products/antena-terrestre-omnidireccional-tonna,en-pt,pt-pt,/products/antena-terrestre-omnidireccional-tonna,301,https://evacaravan.com/pt-pt/products/antena-terrestre-omnidireccional-tonna,2026-03-06
https://evacaravan.com/en-pt/products/caldera-truma-therme,en-pt,pt-pt,/products/caldera-truma-therme,301,https://evacaravan.com/pt-pt/products/caldera-truma-therme,2026-03-31
https://evacaravan.com/en-pt/products/campana-extractora-12v,en-pt,pt-pt,/products/campana-extractora-12v,301,https://evacaravan.com/pt-pt/products/campana-extractora-12v,2026-01-26
https://evacaravan.com/en-pt/products/claraboya-fiamma-turbovent-blanco-con-termostato,en-pt,pt-pt,/products/claraboya-fiamma-turbovent-blanco-con-termostato,301,https://evacaravan.com/pt-pt/products/claraboya-fiamma-turbovent-blanco-con-termostato,2026-05-08
https://evacaravan.com/en-pt/products/claraboya-fiamma-vent-40-blanca,en-pt,pt-pt,/products/claraboya-fiamma-vent-40-blanca,301,https://evacaravan.com/pt-pt/products/claraboya-fiamma-vent-40-blanca,2026-02-17
https://evacaravan.com/en-pt/products/escalon-electrico-thule-peldano-simple-550-mm,en-pt,pt-pt,/products/escalon-electrico-thule-peldano-simple-550-mm,301,https://evacaravan.com/pt-pt/products/escalon-electrico-thule-peldano-simple-550-mm,2026-03-04
https://evacaravan.com/en-pt/products/inversor-12v-onda-modificada-1000w,en-pt,pt-pt,/products/inversor-12v-onda-modificada-1000w,301,https://evacaravan.com/pt-pt/products/inversor-12v-onda-modificada-1000w,2026-03-15
https://evacaravan.com/en-pt/products/inversor-12v-onda-pura-1000w,en-pt,pt-pt,/products/inversor-12v-onda-pura-1000w,301,https://evacaravan.com/pt-pt/products/inversor-12v-onda-pura-1000w,2026-05-07
https://evacaravan.com/en-pt/products/kit-thetford-lavabo-fresh-up-set-c200-con-ruedas,en-pt,pt-pt,/products/kit-thetford-lavabo-fresh-up-set-c200-con-ruedas,301,https://evacaravan.com/pt-pt/products/kit-thetford-lavabo-fresh-up-set-c200-con-ruedas,2026-01-28
https://evacaravan.com/en-pt/products/kit-thetford-lavabo-fresh-up-set-c220,en-pt,pt-pt,/products/kit-thetford-lavabo-fresh-up-set-c220,301,https://evacaravan.com/pt-pt/products/kit-thetford-lavabo-fresh-up-set-c220,2026-04-09
https://evacaravan.com/en-pt/products/kit-thetford-toilet-fresh-up-set-c2-c3-c4-right,en-pt,pt-pt,/products/kit-thetford-toilet-fresh-up-set-c2-c3-c4-right,301,https://evacaravan.com/pt-pt/products/kit-thetford-toilet-fresh-up-set-c2-c3-c4-right,2026-04-24
https://evacaravan.com/en-pt/products/regulador-truma-monocontrol-cs,en-pt,pt-pt,/products/regulador-truma-monocontrol-cs,301,https://evacaravan.com/pt-pt/products/regulador-truma-monocontrol-cs,2026-01-20
https://evacaravan.com/en-pt/products/thule-bloqueador-puerta,en-pt,pt-pt,/products/thule-bloqueador-puerta,301,https://evacaravan.com/pt-pt/products/thule-bloqueador-puerta,2026-04-18
https://evacaravan.com/en-pt/products/van-lock,en-pt,pt-pt,/products/van-lock,301,https://evacaravan.com/pt-pt/products/van-lock,2026-04-11
