url,ultimo_rastreo
https://evacaravan.com/collections/asa-seguridad.atom,2026-05-09
https://evacaravan.com/it-it/collections/climatizacion-frio-calefaccion-electrica.atom,2026-04-11
https://evacaravan.com/it-it/blogs/news.atom,2026-04-10
https://evacaravan.com/nl-nl/collections/productos-teleco.atom,2026-04-10
https://evacaravan.com/it-it/collections/agua-saneamiento-depositos-agua-limpia.atom,2026-04-09
https://evacaravan.com/de-at/collections/cerraduras-meroni-serrature.atom,2026-04-09
https://evacaravan.com/es-eu/collections/tv-antenas.atom,2026-04-01
https://evacaravan.com/de-at/collections/productos-alko.atom,2026-04-01
https://evacaravan.com/de-de/collections/productos-alko.atom,2026-03-31
https://evacaravan.com/de-de/collections/cerraduras-meroni-serrature.atom,2026-03-31
https://evacaravan.com/es-eu/collections/climatizacion-frio-ventilacion-caravanas.atom,2026-03-27
https://evacaravan.com/es-eu/collections/cocina-gas-hornos-grills-caravana.atom,2026-03-27
https://evacaravan.com/pt-pt/collections/acceso-movilidad-exterior-escalones-manuales.atom,2026-03-19
https://evacaravan.com/en-eu/collections/remolque-chasis-nivelacion-estabilizadores-remolque.atom,2026-03-15
https://evacaravan.com/it-it/collections/accesorios-y-filtrado-de-gas-autocaravana.atom,2025-12-23
https://evacaravan.com/pt-pt/collections/cerraduras-para-vehiculos-comerciales.atom,2025-12-09
https://evacaravan.com/it-it/collections/enganches-de-remolque-al-ko.atom,2025-12-09
https://evacaravan.com/de-de/collections/calzos-de-nivelacion-autocaravana.atom,2025-12-09
https://evacaravan.com/fr/collections/cerraduras-para-vehiculos-comerciales.atom,2025-12-09
https://evacaravan.com/en/collections/calentadores-de-agua.atom,2025-12-08
https://evacaravan.com/it/collections/calzos-de-nivelacion-autocaravana.atom,2025-12-08
https://evacaravan.com/en-eu/collections/frontpage.atom,2025-11-25
https://evacaravan.com/it/collections/cerraduras-para-vehiculos-comerciales.atom,2025-11-25
https://evacaravan.com/de-at/blogs/news.atom,2025-11-24
https://evacaravan.com/en/collections/cerraduras-para-vehiculos-comerciales.atom,2025-11-24
https://evacaravan.com/es-eu/collections/cerraduras-para-vehiculos-comerciales.atom,2025-11-24
