título,id,enlace,marca,idioma
Mover Enduro EM313A: Manejo automático y preciso,shopify_ES_9231242428758_49025094287702,https://evacaravan.com/products/mover-enduro-em313a-asistente-maniobra-caravana-doble-eje?variant=49025094287702&country=ES&currency=EUR&utm_medium=product_sync&utm_source=google&utm_content=sag_organic&utm_campaign=sag_organic,Enduro Technology,es
Cerradura Daken Saturn Go Black para furgoneta | Eva Caravan Doble,shopify_ES_10360221270358_53204343193942,https://evacaravan.com/products/cerradura-antirrobo-daken-saturn-go-black-furgoneta?variant=53204343193942&country=ES&currency=EUR&utm_medium=product_sync&utm_source=google&utm_content=sag_organic&utm_campaign=sag_organic,Daken,es
Dometic Mini Heki 43-60 mm sin ventilación forzada,shopify_ES_9224981479766_49001972236630,https://evacaravan.com/products/dometic-mini-heki-43-60-mm-sin-ventilacion-forzada?variant=49001972236630&country=ES&currency=EUR&utm_medium=product_sync&utm_source=google&utm_content=sag_organic&utm_campaign=sag_organic,Dometic,es
Acoplamiento AL-KO AK 301: Conexión Firme para Tu Remolque,shopify_ES_9223542702422_48995630547286,https://evacaravan.com/products/acoplamiento-al-ko-ak-301?variant=48995630547286&country=ES&currency=EUR&utm_medium=product_sync&utm_source=google&utm_content=sag_organic&utm_campaign=sag_organic,AL-KO,es
Reich Caravan Weight Control CWC: Pesaje Rápido y Fiable,shopify_ES_9230563279190_49023523750230,https://evacaravan.com/products/reich-caravan-weight-control-cwc-bascula-portatil-vehiculos-caravanas-1000kg?variant=49023523750230&country=ES&currency=EUR&utm_medium=product_sync&utm_source=google&utm_content=sag_organic&utm_campaign=sag_organic,Reich,es
Rueda Jockey Automática 400 kg 60 mm para remolques,shopify_ES_9230583267670_49023552749910,https://evacaravan.com/products/rueda-jockey-automatica-400kg-60mm?variant=49023552749910&country=ES&currency=EUR&utm_medium=product_sync&utm_source=google&utm_content=sag_organic&utm_campaign=sag_organic,AL-KO,es
Bomba Shurflo 10 litros 12V 30 PSI de Alta Presión,shopify_ES_9223620919638_48995896721750,https://evacaravan.com/products/bomba-shurflo-10-litros-12v-30psi?variant=48995896721750&country=ES&currency=EUR&utm_medium=product_sync&utm_source=google&utm_content=sag_organic&utm_campaign=sag_organic,Pentair,es
Fiamma Vent 50 Cristal | Claraboya para Caravana,shopify_ES_7518105141410_42207437455522,https://evacaravan.com/products/claraboya-fiamma-vent-50-cristal?variant=42207437455522&country=ES&currency=EUR&utm_medium=product_sync&utm_source=google&utm_content=sag_organic&utm_campaign=sag_organic,Fiamma,es
Thetford Fresh-Up Set C500 y Depósito de Residuos,shopify_ES_7529133637794_42237271048354,https://evacaravan.com/products/thetford-fresh-up-set-c500?variant=42237271048354&country=ES&currency=EUR&utm_medium=product_sync&utm_source=google&utm_content=sag_organic&utm_campaign=sag_organic,Thetford,es
Rueda jockey AL-KO Profi 500: Resistencia y Estabilidad,shopify_ES_9223577862486_48995776725334,https://evacaravan.com/products/rueda-jockey-al-ko-profi-500?variant=48995776725334&country=ES&currency=EUR&utm_medium=product_sync&utm_source=google&utm_content=sag_organic&utm_campaign=sag_organic,AL-KO,es
Cerradura comercial para volante antirrobo Milenco,shopify_ES_9927339770198_51722426483030,https://evacaravan.com/products/cerradura-comercial-para-volante-antirrobo-milenco?variant=51722426483030&country=ES&currency=EUR&utm_medium=product_sync&utm_source=google&utm_content=sag_organic&utm_campaign=sag_organic,Milenco,es
Cerradura Daken Noval Simple para furgoneta | Eva Caravan Doble,shopify_ES_10291383009622_52928534905174,https://evacaravan.com/products/daken-noval-simple-cerradura-furgoneta?variant=52928534905174&country=ES&currency=EUR&utm_medium=product_sync&utm_source=google&utm_content=sag_organic&utm_campaign=sag_organic,Daken,es
Thetford Bolsa Transporte Porta Potti 165 365 565,shopify_ES_10148728078678_52444586279254,https://evacaravan.com/products/bolsa-transporte-inodoro-portatil-thetford-porta-potti-165-365-565?variant=52444586279254&country=ES&currency=EUR&utm_medium=product_sync&utm_source=google&utm_content=sag_organic&utm_campaign=sag_organic,Thetford,es
Cargador de Batería Fijo 16A CBE 516 60-200ah Seguro 10 Ah,shopify_ES_7515044413602_42199862313122,https://evacaravan.com/products/cargador-de-bateria-fijo-16a-cbe-516-60-200ah?variant=42199862313122&country=ES&currency=EUR&utm_medium=product_sync&utm_source=google&utm_content=sag_organic&utm_campaign=sag_organic,CBE,es
Cargador Batería CTEK MXS 5A – Carga Inteligente,shopify_ES_9230552891734_49023494979926,https://evacaravan.com/products/cargador-bateria-ctek-mxs-5a?variant=49023494979926&country=ES&currency=EUR&utm_medium=product_sync&utm_source=google&utm_content=sag_organic&utm_campaign=sag_organic,CTEK,es
Fiamma Bike Block Pro 4 | Blocaje para Portabicis,shopify_ES_7528354283682_42234268909730,https://evacaravan.com/products/sistema-de-blocaje-bicicletas-fiamma-bike-block-pro-4?variant=42234268909730&country=ES&currency=EUR&utm_medium=product_sync&utm_source=google&utm_content=sag_organic&utm_campaign=sag_organic,Fiamma,es
Inversor 12V Onda Modificada 600W para Electrodomésticos,shopify_ES_7587136110754_42384639361186,https://evacaravan.com/products/inversor-12v-onda-modificada-600w?variant=42384639361186&country=ES&currency=EUR&utm_medium=product_sync&utm_source=google&utm_content=sag_organic&utm_campaign=sag_organic,DCU Tecnologic,es
Pastillas de fricción AL-KO AKS 1300 para remolques,shopify_ES_9223535001942_48995581624662,https://evacaravan.com/products/pastillas-friccion-al-ko-aks-1300?variant=48995581624662&country=ES&currency=EUR&utm_medium=product_sync&utm_source=google&utm_content=sag_organic&utm_campaign=sag_organic,AL-KO,es
"Televisor Seeview LED HD 21,5"" 12V Full HD para Caravana",shopify_ES_7527084884130_42230579757218,https://evacaravan.com/products/tv-ledhd-seeview-21-5?variant=42230579757218&country=ES&currency=EUR&utm_medium=product_sync&utm_source=google&utm_content=sag_organic&utm_campaign=sag_organic,Seeview,es
Truma cartucho de repuesto para filtro de gas | Original,shopify_ES_9231200256342_49024861405526,https://evacaravan.com/products/truma-cartucho-de-repuesto-para-filtro-de-gas?variant=49024861405526&country=ES&currency=EUR&utm_medium=product_sync&utm_source=google&utm_content=sag_organic&utm_campaign=sag_organic,Truma,es
Dometic WC 976: Sanitario Portátil Moderno y Funcional,shopify_ES_9224972337494_49001936781654,https://evacaravan.com/products/dometic-wc-976-sanitario-portatil?variant=49001936781654&country=ES&currency=EUR&utm_medium=product_sync&utm_source=google&utm_content=sag_organic&utm_campaign=sag_organic,Dometic,es
Thule Universal Lock x1 Blanco | Cerradura Camper,shopify_ES_9224641511766_49001106440534,https://evacaravan.com/products/cerradura-thule-universal-lock-para-camper?variant=49001106440534&country=ES&currency=EUR&utm_medium=product_sync&utm_source=google&utm_content=sag_organic&utm_campaign=sag_organic,Thule,es
Fiamma Roll Tank 40F: Depósito de Agua Potable,shopify_ES_9223624917334_48995918971222,https://evacaravan.com/products/fiamma-roll-tank-40f-tanque-agua-potable?variant=48995918971222&country=ES&currency=EUR&utm_medium=product_sync&utm_source=google&utm_content=sag_organic&utm_campaign=sag_organic,Fiamma,es
Claraboya TF-40 40x40 cm Blanca con Mosquitera Universal,shopify_ES_9230540013910_49023468699990,https://evacaravan.com/products/tf-40?variant=49023468699990&country=ES&currency=EUR&utm_medium=product_sync&utm_source=google&utm_content=sag_organic&utm_campaign=sag_organic,SIFI,es
Acoplamiento AL-KO 270: Seguridad y Estabilidad,shopify_ES_9223541162326_48995623666006,https://evacaravan.com/products/acoplamiento-al-ko-270?variant=48995623666006&country=ES&currency=EUR&utm_medium=product_sync&utm_source=google&utm_content=sag_organic&utm_campaign=sag_organic,AL-KO,es
Thule Slide Out 400 mm: Acceso Seguro a Caravanas,shopify_ES_7516393701538_42203603239074,https://evacaravan.com/products/escalon-electrico-thule-slide-out-400-mm?variant=42203603239074&country=ES&currency=EUR&utm_medium=product_sync&utm_source=google&utm_content=sag_organic&utm_campaign=sag_organic,Thule,es
Victron Orion 30A Aislado | Cargador CC-CC BT,shopify_ES_9223440073046_48995295363414,https://evacaravan.com/products/victron-energy-orion-30a-aislado-cargador-bluetooth?variant=48995295363414&country=ES&currency=EUR&utm_medium=product_sync&utm_source=google&utm_content=sag_organic&utm_campaign=sag_organic,Victron Energy,es
Victron Energy 800VA 12V: Inversor de Onda Sinusoidal,shopify_ES_9933642891606_51748639572310,https://evacaravan.com/products/victron-energy-800va-12-voltios-230v-ca-inversor-de-onda-sinusoidal-pura-schuko?variant=51748639572310&country=ES&currency=EUR&utm_medium=product_sync&utm_source=google&utm_content=sag_organic&utm_campaign=sag_organic,Victron Energy,es
Fiamma Safe Door Magnum con Instalación Fácil y Eficaz,shopify_ES_9224672772438_49001246163286,https://evacaravan.com/products/fiamma-safe-door-magnum-cerradura-seguridad?variant=49001246163286&country=ES&currency=EUR&utm_medium=product_sync&utm_source=google&utm_content=sag_organic&utm_campaign=sag_organic,Fiamma,es
HeoSafe | Cerradura Adicional Seguridad Caravana,shopify_ES_9927315489110_51722340532566,https://evacaravan.com/products/cerradura-adicional-heo-safe-blanca?variant=51722340532566&country=ES&currency=EUR&utm_medium=product_sync&utm_source=google&utm_content=sag_organic&utm_campaign=sag_organic,HEOSolution,es
Thetford Mecanismo de Deslizamiento C400 Izquierda para WC,shopify_ES_10026703389014_52059201929558,https://evacaravan.com/products/thetford-mecanismo-de-deslizamiento-c400-izquierda?variant=52059201929558&country=ES&currency=EUR&utm_medium=product_sync&utm_source=google&utm_content=sag_organic&utm_campaign=sag_organic,Thetford,es
Cerradura Meroni UFO Plus: Seguridad y Durabilidad Juego de 2 Cerraduras,shopify_ES_8717298205014_47662540816726,https://evacaravan.com/products/cerradura-meroni-ufo-plus?variant=47662540816726&country=ES&currency=EUR&utm_medium=product_sync&utm_source=google&utm_content=sag_organic&utm_campaign=sag_organic,MERONI,es
Thetford puerta servicio 7 Negro: Acceso exterior rápido,shopify_ES_10035315704150_52087252648278,https://evacaravan.com/products/thetford-puerta-servicio-7-negro?variant=52087252648278&country=ES&currency=EUR&utm_medium=product_sync&utm_source=google&utm_content=sag_organic&utm_campaign=sag_organic,Thetford,es
inversor Victron Energy 24V 250VA Con Salida Sinusoidal,shopify_ES_9934215250262_51750752518486,https://evacaravan.com/products/inversor-victron-energy-24v-250va-230v-ve-direct-schuko?variant=51750752518486&country=ES&currency=EUR&utm_medium=product_sync&utm_source=google&utm_content=sag_organic&utm_campaign=sag_organic,Victron Energy,es
Claraboya Dometic Mini Heki 500x700 mm para Ventilación,shopify_ES_7518142496930_42207575933090,https://evacaravan.com/products/claraboya-dometic-mini-heki-500x700-mm?variant=42207575933090&country=ES&currency=EUR&utm_medium=product_sync&utm_source=google&utm_content=sag_organic&utm_campaign=sag_organic,Dometic,es
Truma juego de filtros de gas: alta eficiencia garantizada,shopify_ES_9231206482262_49024895975766,https://evacaravan.com/products/truma-juego-de-filtros-de-gas-2-piezas?variant=49024895975766&country=ES&currency=EUR&utm_medium=product_sync&utm_source=google&utm_content=sag_organic&utm_campaign=sag_organic,Truma,es
Thetford Grey Water Fresh Concentrado para Aguas Grises,shopify_ES_10025207857494_52051514753366,https://evacaravan.com/products/thetford-grey-water-fresh-concentrado?variant=52051514753366&country=ES&currency=EUR&utm_medium=product_sync&utm_source=google&utm_content=sag_organic&utm_campaign=sag_organic,Thetford,es
Victron MK2 | Sistema Control MultiPlus y Quattro,shopify_ES_9933671694678_51748691312982,https://evacaravan.com/products/victron-energy-mk2-controlador-monitor?variant=51748691312982&country=ES&currency=EUR&utm_medium=product_sync&utm_source=google&utm_content=sag_organic&utm_campaign=sag_organic,Victron Energy,es
Thetford Aqua Kem Blue: Fórmula Concentrada Superior,shopify_ES_10026072834390_52057012961622,https://evacaravan.com/products/thetford-aqua-kem-blue-concentrado?variant=52057012961622&country=ES&currency=EUR&utm_medium=product_sync&utm_source=google&utm_content=sag_organic&utm_campaign=sag_organic,Thetford,es
HEOSafe 12656 + 1958: Cierre Seguro para Puertas Exteriores,shopify_ES_10029506462038_52069440422230,https://evacaravan.com/products/heosafe-doble-cierre-seguridad-camper-y-caravana?variant=52069440422230&country=ES&currency=EUR&utm_medium=product_sync&utm_source=google&utm_content=sag_organic&utm_campaign=sag_organic,HEOSolution,es
Thule Van Lock | Pack 2 Cerraduras de Seguridad,shopify_ES_7516231729314_42203360952482,https://evacaravan.com/products/pack-2-cerraduras-de-seguridad-thule-van-lock?variant=42203360952482&country=ES&currency=EUR&utm_medium=product_sync&utm_source=google&utm_content=sag_organic&utm_campaign=sag_organic,Thule,es
Victron Phoenix 12/500 Schuko: Eficiencia Óptima,shopify_ES_8748927254870_47698500780374,https://evacaravan.com/products/convertidor-victron-energy-phoenix-12-500-ve-direct-schuko?variant=47698500780374&country=ES&currency=EUR&utm_medium=product_sync&utm_source=google&utm_content=sag_organic&utm_campaign=sag_organic,Victron Energy,es
Truma AK3 | Chimenea para Calefacciones S 3002 S 3004,shopify_ES_9064958820694_48542403952982,https://evacaravan.com/products/chimenea-truma-ak3-caravanas-salida-humos?variant=48542403952982&country=ES&currency=EUR&utm_medium=product_sync&utm_source=google&utm_content=sag_organic&utm_campaign=sag_organic,Truma,es
Fiamma Aqua 8 10 Litros 12V: Bomba de Agua Inteligente,shopify_ES_9224651112790_49001137963350,https://evacaravan.com/products/fiamma-aqua-8-10-litros-12v?variant=49001137963350&country=ES&currency=EUR&utm_medium=product_sync&utm_source=google&utm_content=sag_organic&utm_campaign=sag_organic,Fiamma,es
Dometic Mini Heki S | Claraboya 43-60 Sin Ventil.,shopify_ES_9224988950870_49001982067030,https://evacaravan.com/products/dometic-mini-heki-s-43-60-sin-ventilacion-forzada?variant=49001982067030&country=ES&currency=EUR&utm_medium=product_sync&utm_source=google&utm_content=sag_organic&utm_campaign=sag_organic,Dometic,es
Regulador de gas Truma DuoControl CS Vertical para Caravanas,shopify_ES_7522159394978_42216299954338,https://evacaravan.com/products/regulador-gas-truma-duocontrol-cs-vertical?variant=42216299954338&country=ES&currency=EUR&utm_medium=product_sync&utm_source=google&utm_content=sag_organic&utm_campaign=sag_organic,Truma,es
Claraboya Dometic Mini Heki con ventilación forzada 25–42 mm,shopify_ES_9224980234582_49001969877334,https://evacaravan.com/products/dometic-mini-heki-25-42-mm-con-ventilacion-forzada?variant=49001969877334&country=ES&currency=EUR&utm_medium=product_sync&utm_source=google&utm_content=sag_organic&utm_campaign=sag_organic,Dometic,es
Dometic Mini Heki S | Claraboya 23-42 Ventilación,shopify_ES_9224987443542_49001979511126,https://evacaravan.com/products/dometic-mini-heki-s-23-42-con-ventilacion-forzada?variant=49001979511126&country=ES&currency=EUR&utm_medium=product_sync&utm_source=google&utm_content=sag_organic&utm_campaign=sag_organic,Dometic,es
Indicador de gas GASLOCK GASLEVEL para bombonas GLP,shopify_ES_9223384826198_48995159966038,https://evacaravan.com/products/gaslock-indicador-gas?variant=48995159966038&country=ES&currency=EUR&utm_medium=product_sync&utm_source=google&utm_content=sag_organic&utm_campaign=sag_organic,Gaslock,es
Thule Deslizante 400 mm: Diseño Compacto y Práctico,shopify_ES_7528451834018_42234437992610,https://evacaravan.com/products/escalon-manual-thule-deslizante-400-mm?variant=42234437992610&country=ES&currency=EUR&utm_medium=product_sync&utm_source=google&utm_content=sag_organic&utm_campaign=sag_organic,Thule,es
Antirrobo AL-KO Safety AKS 1300 para caravana y remolque,shopify_ES_9223547781462_48995662954838,https://evacaravan.com/products/al-ko-antirrobo-safety-1300?variant=48995662954838&country=ES&currency=EUR&utm_medium=product_sync&utm_source=google&utm_content=sag_organic&utm_campaign=sag_organic,AL-KO,es
Thule Slide Out 700 mm: Escalón Eléctrico Práctico,shopify_ES_7516404580514_42203621097634,https://evacaravan.com/products/escalon-electrico-thule-slide-out-700-mm?variant=42203621097634&country=ES&currency=EUR&utm_medium=product_sync&utm_source=google&utm_content=sag_organic&utm_campaign=sag_organic,Thule,es
Milenco Aero Twin Pack | Espejos Retrovisores para Caravana,shopify_ES_9223517045078_48995502883158,https://evacaravan.com/products/milenco-aero-twin-pack?variant=48995502883158&country=ES&currency=EUR&utm_medium=product_sync&utm_source=google&utm_content=sag_organic&utm_campaign=sag_organic,Milenco,es
Milenco WS3000 | Antirrobo Estabilizador Caravana,shopify_ES_9223526154582_48995534831958,https://evacaravan.com/products/milenco-antirrobo-estabilizador-ws3000?variant=48995534831958&country=ES&currency=EUR&utm_medium=product_sync&utm_source=google&utm_content=sag_organic&utm_campaign=sag_organic,Milenco,es
Thule Escalera Telescópica 9 Peldaños Furgoneta,shopify_ES_9223630684502_48995942433110,https://evacaravan.com/products/escalera-telescopica-thule-9-peldanos?variant=48995942433110&country=ES&currency=EUR&utm_medium=product_sync&utm_source=google&utm_content=sag_organic&utm_campaign=sag_organic,Thule,es
Dometic LS 300 con Ventilación Eficiente y Segura,shopify_ES_9224975548758_49001947431254,https://evacaravan.com/products/dometic-ls-300?variant=49001947431254&country=ES&currency=EUR&utm_medium=product_sync&utm_source=google&utm_content=sag_organic&utm_campaign=sag_organic,Dometic,es
Fiamma Bike Cover S 4: Ideal para Autocaravanas y Campers,shopify_ES_9927283442006_51722219848022,https://evacaravan.com/products/fiamma-bike-cover-s-4-funda-protectora-bicicletas?variant=51722219848022&country=ES&currency=EUR&utm_medium=product_sync&utm_source=google&utm_content=sag_organic&utm_campaign=sag_organic,Fiamma,es
"Televisor Seeview LED HD 18,5"" 12V para Caravana y Camper",shopify_ES_7527055327394_42230533816482,https://evacaravan.com/products/tv-ledhd-seeview-18-5?variant=42230533816482&country=ES&currency=EUR&utm_medium=product_sync&utm_source=google&utm_content=sag_organic&utm_campaign=sag_organic,Seeview,es
Victron SmartShunt IP65 500A | Monitor Batería BT,shopify_ES_10105897812310_52269348815190,https://evacaravan.com/products/victron-smartshunt-ip65-500a-monitor-inteligente-de-bateria?variant=52269348815190&country=ES&currency=EUR&utm_medium=product_sync&utm_source=google&utm_content=sag_organic&utm_campaign=sag_organic,Victron Energy,es
Cocina Smev 958 blanca | Placa de gas para caravanas,shopify_ES_10146165555542_52434672943446,https://evacaravan.com/products/cocina-smev-958-blanca?variant=52434672943446&country=ES&currency=EUR&utm_medium=product_sync&utm_source=google&utm_content=sag_organic&utm_campaign=sag_organic,Dometic,es
Baraldi 12V Negro | Campana Extractora para Camper,shopify_ES_7545682919586_42282561372322,https://evacaravan.com/products/campana-extractora-baraldi-12v-especial-campers-negro?variant=42282561372322&country=ES&currency=EUR&utm_medium=product_sync&utm_source=google&utm_content=sag_organic&utm_campaign=sag_organic,Baraldi,es
Aire acondicionado Telair Silent 3 8100H para caravanas,shopify_ES_7520130007202_42211867754658,https://evacaravan.com/products/aire-acondicionado-telair-silent-3-8100h?variant=42211867754658&country=ES&currency=EUR&utm_medium=product_sync&utm_source=google&utm_content=sag_organic&utm_campaign=sag_organic,Teleco,es
Protectores Retrovisores Milenco Brazo Largo para Furgonetas,shopify_ES_9927347306838_51722441916758,https://evacaravan.com/products/protectores-retrovisores-milenco-brazo-largo-blanco?variant=51722441916758&country=ES&currency=EUR&utm_medium=product_sync&utm_source=google&utm_content=sag_organic&utm_campaign=sag_organic,Milenco,es
AL-KO Octagon Negro | Amortiguador Caravana 4000kg,shopify_ES_9223616102742_48995869557078,https://evacaravan.com/products/amortiguador-al-ko-octagon-negro?variant=48995869557078&country=ES&currency=EUR&utm_medium=product_sync&utm_source=google&utm_content=sag_organic&utm_campaign=sag_organic,AL-KO,es
Victron Energy Phoenix 12V 1200W – Inversor Onda Pura,shopify_ES_9223480082774_48995401236822,https://evacaravan.com/products/victron-energy-phoenix-inversor-12v-1200w-onda-senoidal?variant=48995401236822&country=ES&currency=EUR&utm_medium=product_sync&utm_source=google&utm_content=sag_organic&utm_campaign=sag_organic,Victron Energy,es
Thetford Sistema de ventilación de válvulas C200 original,shopify_ES_10026635493718_52058946306390,https://evacaravan.com/products/thetford-sistema-automatico-de-ventilacion-de-valvulas-c200?variant=52058946306390&country=ES&currency=EUR&utm_medium=product_sync&utm_source=google&utm_content=sag_organic&utm_campaign=sag_organic,Thetford,es
Puerta de servicio Thetford 5 blanca para caravana,shopify_ES_10049513193814_52144869704022,https://evacaravan.com/products/puerta-de-servicio-thetford-5?variant=52144869704022&country=ES&currency=EUR&utm_medium=product_sync&utm_source=google&utm_content=sag_organic&utm_campaign=sag_organic,Thetford,es
Cerradura Meroni UFO Plus: Seguridad y Durabilidad Juego de 3 Cerraduras,shopify_ES_8717298205014_47662540849494,https://evacaravan.com/products/cerradura-meroni-ufo-plus?variant=47662540849494&country=ES&currency=EUR&utm_medium=product_sync&utm_source=google&utm_content=sag_organic&utm_campaign=sag_organic,MERONI,es
Amortiguador AL-KO Octagon Azul para Remolques Estables,shopify_ES_9223614366038_48995863167318,https://evacaravan.com/products/amortiguador-al-ko-octagon-azul?variant=48995863167318&country=ES&currency=EUR&utm_medium=product_sync&utm_source=google&utm_content=sag_organic&utm_campaign=sag_organic,AL-KO,es
Alfombra de Avancé Brunner Kinetic Veranda 600 – 250x300 cm,shopify_ES_9934195622230_51750632849750,https://evacaravan.com/products/alfombra-avance-brunner-kinetic-veranda-600-250x300?variant=51750632849750&country=ES&currency=EUR&utm_medium=product_sync&utm_source=google&utm_content=sag_organic&utm_campaign=sag_organic,Brunner,es
Fiamma Roll Tank 23 con Ruedas y Asa Ergonómica,shopify_ES_9927303070038_51722313793878,https://evacaravan.com/products/fiamma-roll-tank-23-deposito-agua-potable?variant=51722313793878&country=ES&currency=EUR&utm_medium=product_sync&utm_source=google&utm_content=sag_organic&utm_campaign=sag_organic,Fiamma,es
Claraboya Dometic Mini Heki Style: Luz y Comodidad Total,shopify_ES_7518083023010_42207353340066,https://evacaravan.com/products/claraboya-dometic-mini-heki-style?variant=42207353340066&country=ES&currency=EUR&utm_medium=product_sync&utm_source=google&utm_content=sag_organic&utm_campaign=sag_organic,Dometic,es
Cerradura antirrobo Meroni UFO3 Smart Duo para furgoneta,shopify_ES_9224578138454_49000950694230,https://evacaravan.com/products/meroni-ufo3-smart-duo-negro-x1?variant=49000950694230&country=ES&currency=EUR&utm_medium=product_sync&utm_source=google&utm_content=sag_organic&utm_campaign=sag_organic,MERONI,es
Milenco Antirrobo Estabilizador AKS 3004 reforzado,shopify_ES_9223522156886_48995518120278,https://evacaravan.com/products/milenco-antirrobo-estabilizador-als-3004?variant=48995518120278&country=ES&currency=EUR&utm_medium=product_sync&utm_source=google&utm_content=sag_organic&utm_campaign=sag_organic,Milenco,es
Cerraduras Meroni UFO3 Comfort Negro para Furgonetas,shopify_ES_8735940280662_47671689412950,https://evacaravan.com/products/cerraduras-meroni-ufo3-comfort-negro?variant=47671689412950&country=ES&currency=EUR&utm_medium=product_sync&utm_source=google&utm_content=sag_organic&utm_campaign=sag_organic,MERONI,es
Heo Safe Ducato Cerraduras Antirrobo Puertas Conductor,shopify_ES_9230545846614_49023483347286,https://evacaravan.com/products/heo-safe-ducato-cerraduras-antirrobo-puertas-conductor?variant=49023483347286&country=ES&currency=EUR&utm_medium=product_sync&utm_source=google&utm_content=sag_organic&utm_campaign=sag_organic,HEOSolution,es
Fiamma Turbo Kit: Ventilación Eficiente para Autocaravanas,shopify_ES_9224675295574_49001257468246,https://evacaravan.com/products/fiamma-turbo-kit-ventilador-techo-autocaravana?variant=49001257468246&country=ES&currency=EUR&utm_medium=product_sync&utm_source=google&utm_content=sag_organic&utm_campaign=sag_organic,Fiamma,es
Thule Peldaño 460 mm: Aluminio Anodizado y Resistente,shopify_ES_7518032887970_42207126126754,https://evacaravan.com/products/escalon-electrico-thule-peldano-460-mm?variant=42207126126754&country=ES&currency=EUR&utm_medium=product_sync&utm_source=google&utm_content=sag_organic&utm_campaign=sag_organic,Thule,es
Medidor Peso Lanza Milenco 2691 130 kg Preciso,shopify_ES_9223527596374_48995543712086,https://evacaravan.com/products/milenco-precision-calibre?variant=48995543712086&country=ES&currency=EUR&utm_medium=product_sync&utm_source=google&utm_content=sag_organic&utm_campaign=sag_organic,Milenco,es
Fiamma Converglass XL Ducato: Aislante térmico exterior,shopify_ES_9224659108182_49001181217110,https://evacaravan.com/products/fiamma-converglass-xl-ducato?variant=49001181217110&country=ES&currency=EUR&utm_medium=product_sync&utm_source=google&utm_content=sag_organic&utm_campaign=sag_organic,Fiamma,es
Victron SmartShunt IP65 300A | Monitor Batería BT,shopify_ES_10115306357078_52284147499350,https://evacaravan.com/products/victron-energy-smartshunt-ip65-300-amperios-monitor-de-bateria?variant=52284147499350&country=ES&currency=EUR&utm_medium=product_sync&utm_source=google&utm_content=sag_organic&utm_campaign=sag_organic,Victron Energy,es
Cerradura Meroni UFO3 Smart Duo Blanco Máxima Seguridad 1 cerradura,shopify_ES_8735886278998_47671604314454,https://evacaravan.com/products/cerradura-meroni-ufo3-smart-duo-blanco?variant=47671604314454&country=ES&currency=EUR&utm_medium=product_sync&utm_source=google&utm_content=sag_organic&utm_campaign=sag_organic,MERONI,es
Fiamma Carry-Bike PRO CN | Portabicis para Autocaravana,shopify_ES_7516317188258_42203475607714,https://evacaravan.com/products/portabicis-fiamma-pro-c?variant=42203475607714&country=ES&currency=EUR&utm_medium=product_sync&utm_source=google&utm_content=sag_organic&utm_campaign=sag_organic,Fiamma,es
Thetford Válvula automática para Casete: Repuesto Original,shopify_ES_10026667508054_52059072069974,https://evacaravan.com/products/thetford-valvula-automatica-para-casete?variant=52059072069974&country=ES&currency=EUR&utm_medium=product_sync&utm_source=google&utm_content=sag_organic&utm_campaign=sag_organic,Thetford,es
Milenco Cepo Compacto: Dispositivo antirrobo eficaz y fiable,shopify_ES_9934140604758_51750429688150,https://evacaravan.com/products/milenco-cepo-compacto?variant=51750429688150&country=ES&currency=EUR&utm_medium=product_sync&utm_source=google&utm_content=sag_organic&utm_campaign=sag_organic,Milenco,es
Bomba de agua Reich Twin 19 litros para autocaravana,shopify_ES_9230521991510_49023389139286,https://evacaravan.com/products/reich-twin-19-litros?variant=49023389139286&country=ES&currency=EUR&utm_medium=product_sync&utm_source=google&utm_content=sag_organic&utm_campaign=sag_organic,Reich,es
Remis Remitop Vario II con manivela - Ventilación Eficaz,shopify_ES_9247836930390_49115008303446,https://evacaravan.com/products/remis-remitop-vario-ii-manivela-claraboya-caravana-40x40?variant=49115008303446&country=ES&currency=EUR&utm_medium=product_sync&utm_source=google&utm_content=sag_organic&utm_campaign=sag_organic,Remis,es
Rueda AL-KO de soporte de remolque 48 mm con abrazadera,shopify_ES_9934158201174_51750476513622,https://evacaravan.com/products/rueda-soporte-remolque-48mm-con-abrazadera?variant=51750476513622&country=ES&currency=EUR&utm_medium=product_sync&utm_source=google&utm_content=sag_organic&utm_campaign=sag_organic,AL-KO,es
Fiamma Roll Tank 40W: Capacidad de 40 Litros,shopify_ES_9223626981718_48995930800470,https://evacaravan.com/products/fiamma-roll-tank-40w-gris?variant=48995930800470&country=ES&currency=EUR&utm_medium=product_sync&utm_source=google&utm_content=sag_organic&utm_campaign=sag_organic,Fiamma,es
Thetford Porta Potti Qube 165 | Inodoro Portátil,shopify_ES_9230534279510_49023450317142,https://evacaravan.com/products/thetford-porta-potti-qube-165?variant=49023450317142&country=ES&currency=EUR&utm_medium=product_sync&utm_source=google&utm_content=sag_organic&utm_campaign=sag_organic,Thetford,es
Pack 3 Fiamma Safe Door Frame - Cierres de Seguridad,shopify_ES_7516185854114_42203279556770,https://evacaravan.com/products/pack-3-cierres-seguridad-fiamma-safe-door-frame?variant=42203279556770&country=ES&currency=EUR&utm_medium=product_sync&utm_source=google&utm_content=sag_organic&utm_campaign=sag_organic,Fiamma,es
Victron SmartShunt 500A | Monitor Batería BT,shopify_ES_9933658882390_51748663853398,https://evacaravan.com/products/victron-energy-smartshunt-500a-monitor-bateria-bluetooth?variant=51748663853398&country=ES&currency=EUR&utm_medium=product_sync&utm_source=google&utm_content=sag_organic&utm_campaign=sag_organic,Victron Energy,es
Victron VE.Bus Smart Mochila Bluetooth para inversores,shopify_ES_10061411189078_52196966302038,https://evacaravan.com/products/victron-energy-ve-bus-smart-mochila?variant=52196966302038&country=ES&currency=EUR&utm_medium=product_sync&utm_source=google&utm_content=sag_organic&utm_campaign=sag_organic,Victron Energy,es
Pomo Cerradura Thule con Llave (2 uds) para Portabicicletas,shopify_ES_9224645804374_49001113846102,https://evacaravan.com/products/thule-kit-2-pomos?variant=49001113846102&country=ES&currency=EUR&utm_medium=product_sync&utm_source=google&utm_content=sag_organic&utm_campaign=sag_organic,Thule,es
Dometic Aireador GY20: Solución Silenciosa de Ventilación,shopify_ES_9224977744214_49001960898902,https://evacaravan.com/products/dometic-aireador-gy20?variant=49001960898902&country=ES&currency=EUR&utm_medium=product_sync&utm_source=google&utm_content=sag_organic&utm_campaign=sag_organic,Dometic,es
Victron Energy Phoenix 24/800 – Inversor Onda Pura SCHUKO,shopify_ES_9934202536278_51750664765782,https://evacaravan.com/products/victron-energy-phoenix-24-800-inversor-onda-sinusoidal-schuko?variant=51750664765782&country=ES&currency=EUR&utm_medium=product_sync&utm_source=google&utm_content=sag_organic&utm_campaign=sag_organic,Victron Energy,es
Cubierta de Protección AL-KO AKS 1300 / 3004 / 3504,shopify_ES_9223533298006_48995573367126,https://evacaravan.com/products/al-ko-funda-cubierta-aks?variant=48995573367126&country=ES&currency=EUR&utm_medium=product_sync&utm_source=google&utm_content=sag_organic&utm_campaign=sag_organic,AL-KO,es
AL-KO Antirrobo Safety Premium 2004/3004 Ø50 mm,shopify_ES_9223550763350_48995686383958,https://evacaravan.com/products/al-ko-antirrobo-safety-premium-2004-3004-o50mm?variant=48995686383958&country=ES&currency=EUR&utm_medium=product_sync&utm_source=google&utm_content=sag_organic&utm_campaign=sag_organic,AL-KO,es
Base Giratoria Fiat Ducato 2006 Conductor,shopify_ES_7516078932130_42203103428770,https://evacaravan.com/products/base-giratoria-fiat-ducato-2006-conductor?variant=42203103428770&country=ES&currency=EUR&utm_medium=product_sync&utm_source=google&utm_content=sag_organic&utm_campaign=sag_organic,Nuova Mapa,es
Victron Energy Blue Smart IP22 12V 20A Monitoreo Remoto,shopify_ES_9223476805974_48995390816598,https://evacaravan.com/products/victron-energy-blue-smart-ip22-12v-20a-cargador-bateria-bluetooth?variant=48995390816598&country=ES&currency=EUR&utm_medium=product_sync&utm_source=google&utm_content=sag_organic&utm_campaign=sag_organic,Victron Energy,es
Teleco Wing | Antena TV Omnidireccional Terrestre,shopify_ES_9940866564438_51769094275414,https://evacaravan.com/products/antena-tv-terrestre-omnidireccional-wing-teleco?variant=51769094275414&country=ES&currency=EUR&utm_medium=product_sync&utm_source=google&utm_content=sag_organic&utm_campaign=sag_organic,Teleco,es
Victron Digital Multi Control GX | Panel 200A,shopify_ES_9927363428694_51722517872982,https://evacaravan.com/products/victron-energy-digital-multi-control-gx-panel-control-remoto-200a?variant=51722517872982&country=ES&currency=EUR&utm_medium=product_sync&utm_source=google&utm_content=sag_organic&utm_campaign=sag_organic,Victron Energy,es
Calzos Thule Levelers para caravanas con bolsa de transporte,shopify_ES_9230543847766_49023479513430,https://evacaravan.com/products/calzos-thule-levelers?variant=49023479513430&country=ES&currency=EUR&utm_medium=product_sync&utm_source=google&utm_content=sag_organic&utm_campaign=sag_organic,Thule,es
Cerradura Daken Saturn Go blanca furgoneta | Eva Caravan Doble,shopify_ES_10291075350870_52927284347222,https://evacaravan.com/products/daken-saturn-go-blanca-cerradura-furgoneta?variant=52927284347222&country=ES&currency=EUR&utm_medium=product_sync&utm_source=google&utm_content=sag_organic&utm_campaign=sag_organic,Daken,es
Dometic CK 500: Extractor de Cocina Compacto y Eficaz,shopify_ES_9223379976534_48995147186518,https://evacaravan.com/products/dometic-ck-500-campana-extractora?variant=48995147186518&country=ES&currency=EUR&utm_medium=product_sync&utm_source=google&utm_content=sag_organic&utm_campaign=sag_organic,Dometic,es
Antirrobo AL-KO PROSAFE para Caravana | Protección de Rueda,shopify_ES_9927057998166_51721251946838,https://evacaravan.com/products/al-ko-prosafe-antirrobo-para-caravanas-y-remolques-de-maxima-seguridad?variant=51721251946838&country=ES&currency=EUR&utm_medium=product_sync&utm_source=google&utm_content=sag_organic&utm_campaign=sag_organic,AL-KO,es
Regulador de gas Truma DuoControl CS Horizontal con Sensor,shopify_ES_7522180759714_42216391049378,https://evacaravan.com/products/regulador-gas-truma-duocontrol-cs-horizontal?variant=42216391049378&country=ES&currency=EUR&utm_medium=product_sync&utm_source=google&utm_content=sag_organic&utm_campaign=sag_organic,Truma,es
Soplair Sillón Major | Sillón Plegable Caravana,shopify_ES_9230596079958_49023569363286,https://evacaravan.com/products/soplair-sillon-major?variant=49023569363286&country=ES&currency=EUR&utm_medium=product_sync&utm_source=google&utm_content=sag_organic&utm_campaign=sag_organic,Soplair,es
Fiamma Bike Block Pro 2 | Blocaje para Portabicis,shopify_ES_7528345796770_42234252558498,https://evacaravan.com/products/bike-block-pro-2?variant=42234252558498&country=ES&currency=EUR&utm_medium=product_sync&utm_source=google&utm_content=sag_organic&utm_campaign=sag_organic,Fiamma,es
Thule Universal Lock x2 Negro | Cerradura Camper,shopify_ES_9224636596566_49001092546902,https://evacaravan.com/products/thule-universal-look-thule-x2-negro?variant=49001092546902&country=ES&currency=EUR&utm_medium=product_sync&utm_source=google&utm_content=sag_organic&utm_campaign=sag_organic,Thule,es
Calzos Fiamma Level Up Premium S para caravanas y campers,shopify_ES_9224671494486_49001235153238,https://evacaravan.com/products/calzos-fiamma-kit-level-up-premium-s?variant=49001235153238&country=ES&currency=EUR&utm_medium=product_sync&utm_source=google&utm_content=sag_organic&utm_campaign=sag_organic,Fiamma,es
"Thetford Aqua Kem Blue Lavanda | Líquido WC 1,5L",shopify_ES_10025105850710_52051180224854,https://evacaravan.com/products/thetford-aqua-kem-blue-concentrado-lavanda?variant=52051180224854&country=ES&currency=EUR&utm_medium=product_sync&utm_source=google&utm_content=sag_organic&utm_campaign=sag_organic,Thetford,es
Victron Energy Blue Smart IP22 12V 15A Monitoreo Bluetooth,shopify_ES_9927440761174_51722897916246,https://evacaravan.com/products/victron-energy-blue-smart-ip22-12v-15a-cargador-bateria-bluetooth-3-salidas?variant=51722897916246&country=ES&currency=EUR&utm_medium=product_sync&utm_source=google&utm_content=sag_organic&utm_campaign=sag_organic,Victron Energy,es
Thetford Porta Potti 565E | Inodoro Portátil Eléct,shopify_ES_9230537359702_49023461523798,https://evacaravan.com/products/porta-potti-565e-thetford-electrico?variant=49023461523798&country=ES&currency=EUR&utm_medium=product_sync&utm_source=google&utm_content=sag_organic&utm_campaign=sag_organic,Thetford,es
Truma LevelControl: Controla el Gas desde tu Smartphone,shopify_ES_9225007104342_49002041934166,https://evacaravan.com/products/truma-levelcontrol-indicador-digital-nivel-gas-app-sms?variant=49002041934166&country=ES&currency=EUR&utm_medium=product_sync&utm_source=google&utm_content=sag_organic&utm_campaign=sag_organic,Truma,es
"EZA Cargador Smart Lithium 3,5A | Baterías Litio",shopify_ES_9231193407830_49024814022998,https://evacaravan.com/products/eza-cargador-smart-lithium-3-5a?variant=49024814022998&country=ES&currency=EUR&utm_medium=product_sync&utm_source=google&utm_content=sag_organic&utm_campaign=sag_organic,EZA,es
Thetford Bolsa Cassette C2 C3 C4 C400 C500 iNDUS,shopify_ES_10290694390102_52926211162454,https://evacaravan.com/products/bolsa-cassette-thetford-c2-c3-c4-c400-c500-indus?variant=52926211162454&country=ES&currency=EUR&utm_medium=product_sync&utm_source=google&utm_content=sag_organic&utm_campaign=sag_organic,Thetford,es
Aire acondicionado de techo RTA 2500 L Blanco Silencioso,shopify_ES_9942073606486_51774264639830,https://evacaravan.com/products/aire-acondicionado-techo-rta-2500-l-blanco?variant=51774264639830&country=ES&currency=EUR&utm_medium=product_sync&utm_source=google&utm_content=sag_organic&utm_campaign=sag_organic,Mestic,es
Asa de Seguridad Fiamma Security 46: Protección y Comodidad,shopify_ES_7527185973410_42230778560674,https://evacaravan.com/products/asa-de-seguridad-fiamma-security-46?variant=42230778560674&country=ES&currency=EUR&utm_medium=product_sync&utm_source=google&utm_content=sag_organic&utm_campaign=sag_organic,Fiamma,es
Cargador Victron Blue 24v 16a para Baterías 24V,shopify_ES_9934205878614_51750694224214,https://evacaravan.com/products/cargador-victron-blue-24v-16a?variant=51750694224214&country=ES&currency=EUR&utm_medium=product_sync&utm_source=google&utm_content=sag_organic&utm_campaign=sag_organic,Victron Energy,es
Cerradura Thule Van Lock: Instalación fácil y eficaz,shopify_ES_7516221833378_42203345387682,https://evacaravan.com/products/cerradura-thule-van-lock?variant=42203345387682&country=ES&currency=EUR&utm_medium=product_sync&utm_source=google&utm_content=sag_organic&utm_campaign=sag_organic,Thule,es
Portabicis Autocaravana Fiamma Carry-Bike PRO | 2-4 Bicis,shopify_ES_7516273836194_42203420754082,https://evacaravan.com/products/portabicis-fiamma-pro?variant=42203420754082&country=ES&currency=EUR&utm_medium=product_sync&utm_source=google&utm_content=sag_organic&utm_campaign=sag_organic,Fiamma,es
Cerradura Meroni UFO3 Smart Duo Blanco Máxima Seguridad 2 cerraduras,shopify_ES_8735886278998_47671604347222,https://evacaravan.com/products/cerradura-meroni-ufo3-smart-duo-blanco?variant=47671604347222&country=ES&currency=EUR&utm_medium=product_sync&utm_source=google&utm_content=sag_organic&utm_campaign=sag_organic,MERONI,es
Cerradura Daken Blackstone Silver furgoneta | Eva Caravan Doble,shopify_ES_10360307908950_53204611596630,https://evacaravan.com/products/daken-blackstone-silver-combo-cerradura-furgoneta?variant=53204611596630&country=ES&currency=EUR&utm_medium=product_sync&utm_source=google&utm_content=sag_organic&utm_campaign=sag_organic,Daken,es
"Cerradura Meroni UFO Auto Classic, Resistente y Eficaz 1 cerradura",shopify_ES_8735675482454_47671225385302,https://evacaravan.com/products/cerradura-meroni-ufo-auto-classic?variant=47671225385302&country=ES&currency=EUR&utm_medium=product_sync&utm_source=google&utm_content=sag_organic&utm_campaign=sag_organic,MERONI,es
Acoplamiento AL-KO 161 con base blanda – Conexión Estable,shopify_ES_9223539818838_48995614687574,https://evacaravan.com/products/acoplamiento-al-ko-161-base-blanda?variant=48995614687574&country=ES&currency=EUR&utm_medium=product_sync&utm_source=google&utm_content=sag_organic&utm_campaign=sag_organic,AL-KO,es
Nevera compresor Thetford T1090 con 90 Litros de Capacidad,shopify_ES_9959617069398_51841171521878,https://evacaravan.com/products/nevera-compresor-thetford-t1090-de-90-l?variant=51841171521878&country=ES&currency=EUR&utm_medium=product_sync&utm_source=google&utm_content=sag_organic&utm_campaign=sag_organic,Thetford,es
Thetford Fresh-up Set C220: Kit Completo de Renovación,shopify_ES_7529133047970_42237268689058,https://evacaravan.com/products/thetford-fresh-up-set-c220?variant=42237268689058&country=ES&currency=EUR&utm_medium=product_sync&utm_source=google&utm_content=sag_organic&utm_campaign=sag_organic,Thetford,es
Thetford Fresh-up C2 C3 C4 Izquierdo Kit Renovador,shopify_ES_7528500134050_42234533871778,https://evacaravan.com/products/thetford-fresh-up-c2-c3-c4-izquierdo?variant=42234533871778&country=ES&currency=EUR&utm_medium=product_sync&utm_source=google&utm_content=sag_organic&utm_campaign=sag_organic,Thetford,es
Thule Door Frame Lock | Pack 3 Bloqueadores de Puerta,shopify_ES_7516135915682_42203197440162,https://evacaravan.com/products/pack-3-bloqueadores-puerta-thule-door-frame-lock?variant=42203197440162&country=ES&currency=EUR&utm_medium=product_sync&utm_source=google&utm_content=sag_organic&utm_campaign=sag_organic,Thule,es
Claraboya Fiamma Vent 50 Blanca: Ventilación y Estilo,shopify_ES_7518098653346_42207411306658,https://evacaravan.com/products/claraboya-fiamma-vent-50?variant=42207411306658&country=ES&currency=EUR&utm_medium=product_sync&utm_source=google&utm_content=sag_organic&utm_campaign=sag_organic,Fiamma,es
Thetford Fresh-up C200: Renueva Tu Sanitario Fácilmente,shopify_ES_7528530608290_42234609467554,https://evacaravan.com/products/thetford-fresh-up-c200?variant=42234609467554&country=ES&currency=EUR&utm_medium=product_sync&utm_source=google&utm_content=sag_organic&utm_campaign=sag_organic,Thetford,es
Thetford Duo Tank Cleaner Concentrado: Adiós Malos Olores,shopify_ES_10025216803158_52051576619350,https://evacaravan.com/products/thetford-duo-tank-cleaner-concentrado?variant=52051576619350&country=ES&currency=EUR&utm_medium=product_sync&utm_source=google&utm_content=sag_organic&utm_campaign=sag_organic,Thetford,es
Cerradura Antirrobo MERONI UFO3 Comfort para Furgonetas,shopify_ES_10291458408790_52928918061398,https://evacaravan.com/products/cerradura-antirrobo-meroni-ufo3-comfort-para-furgonetas-blanco?variant=52928918061398&country=ES&currency=EUR&utm_medium=product_sync&utm_source=google&utm_content=sag_organic&utm_campaign=sag_organic,MERONI,es
Fiamma Cover Top gris para caravanas y autocaravanas,shopify_ES_9223628718422_48995937780054,https://evacaravan.com/products/fiamma-cover-top?variant=48995937780054&country=ES&currency=EUR&utm_medium=product_sync&utm_source=google&utm_content=sag_organic&utm_campaign=sag_organic,Fiamma,es
Milenco Grand Aero Platinum: Visibilidad y Estabilidad,shopify_ES_9223530185046_48995558490454,https://evacaravan.com/products/milenco-grand-aero-platinum-espejos-retrovisores?variant=48995558490454&country=ES&currency=EUR&utm_medium=product_sync&utm_source=google&utm_content=sag_organic&utm_campaign=sag_organic,Milenco,es
Dometic LS 100 con Kit de Ventilación para Frigoríficos,shopify_ES_9224973549910_49001938878806,https://evacaravan.com/products/dometic-ls-100?variant=49001938878806&country=ES&currency=EUR&utm_medium=product_sync&utm_source=google&utm_content=sag_organic&utm_campaign=sag_organic,Dometic,es
AL-KO Antirrobo Safety 160/300: Fácil instalación y uso,shopify_ES_9223546077526_48995654828374,https://evacaravan.com/products/al-ko-antirrobo-safety-160-300-o50mm?variant=48995654828374&country=ES&currency=EUR&utm_medium=product_sync&utm_source=google&utm_content=sag_organic&utm_campaign=sag_organic,AL-KO,es
Victron Energy Orion-TR 24/24 – Cargador 17A No Aislado,shopify_ES_9933610287446_51748581441878,https://evacaravan.com/products/victron-energy-orion-tr-smart-24-24?variant=51748581441878&country=ES&currency=EUR&utm_medium=product_sync&utm_source=google&utm_content=sag_organic&utm_campaign=sag_organic,Victron Energy,es
Fiamma Level Up | Calzos Nivelación Autocaravana,shopify_ES_9223125598550_48993519862102,https://evacaravan.com/products/calzos-de-nivelacion-fiamma-level-up?variant=48993519862102&country=ES&currency=EUR&utm_medium=product_sync&utm_source=google&utm_content=sag_organic&utm_campaign=sag_organic,Fiamma,es
Ducasa EL-LC 500W: Calor Eficiente y Ahorro Energético,shopify_ES_9927322665302_51722381427030,https://evacaravan.com/products/ducasa-el-lc-500w-convector-mural-electronico?variant=51722381427030&country=ES&currency=EUR&utm_medium=product_sync&utm_source=google&utm_content=sag_organic&utm_campaign=sag_organic,DUCASA,es
Calzos Fiamma Level System Magnum para autocaravana,shopify_ES_9224669561174_49001221718358,https://evacaravan.com/products/calzos-fiamma-level-system-magnum?variant=49001221718358&country=ES&currency=EUR&utm_medium=product_sync&utm_source=google&utm_content=sag_organic&utm_campaign=sag_organic,Fiamma,es
Pack 6 botellas Thetford Aqua Kem Blue para Baños,shopify_ES_9082433503574_48582465323350,https://evacaravan.com/products/pack-6-botellas-thetford-aqua-kem-blue?variant=48582465323350&country=ES&currency=EUR&utm_medium=product_sync&utm_source=google&utm_content=sag_organic&utm_campaign=sag_organic,Thetford,es
Victron Energy SmartSolar MPPT 100/50 12/24V – 50A,shopify_ES_10061374095702_52196898668886,https://evacaravan.com/products/victron-energy-smartsolar-mppt-100v-50-amperios-12-24-voltios?variant=52196898668886&country=ES&currency=EUR&utm_medium=product_sync&utm_source=google&utm_content=sag_organic&utm_campaign=sag_organic,Victron Energy,es
Reich Tandem 19L | Bomba Agua Sumergible 12V,shopify_ES_9230525170006_49023407194454,https://evacaravan.com/products/reich-tandem-19-litros?variant=49023407194454&country=ES&currency=EUR&utm_medium=product_sync&utm_source=google&utm_content=sag_organic&utm_campaign=sag_organic,Reich,es
Fiamma Safe Door Guardian Standard para caravanas,shopify_ES_9224674017622_49001253175638,https://evacaravan.com/products/fiamma-safe-door-guardiand-standard?variant=49001253175638&country=ES&currency=EUR&utm_medium=product_sync&utm_source=google&utm_content=sag_organic&utm_campaign=sag_organic,Fiamma,es
Inversor 12V Onda Pura 2000W: Potencia y Seguridad,shopify_ES_7550916034722_42294828269730,https://evacaravan.com/products/inversor-12v-onda-pura-2000w?variant=42294828269730&country=ES&currency=EUR&utm_medium=product_sync&utm_source=google&utm_content=sag_organic&utm_campaign=sag_organic,DCU Tecnologic,es
Claraboya MPK 40x40 con tirador: Fácil Instalación y Uso,shopify_ES_9231184691542_49024753336662,https://evacaravan.com/products/mpk-claraboya-40x40-con-tirador?variant=49024753336662&country=ES&currency=EUR&utm_medium=product_sync&utm_source=google&utm_content=sag_organic&utm_campaign=sag_organic,MPK,es
Porta Potti 565P Thetford portátil: Comodidad y Estilo,shopify_ES_9230535786838_49023454052694,https://evacaravan.com/products/porta-potti-565p-thetford-portatil?variant=49023454052694&country=ES&currency=EUR&utm_medium=product_sync&utm_source=google&utm_content=sag_organic&utm_campaign=sag_organic,Thetford,es
AL-KO 2004/3004 | Pastillas Fricción para Remolque,shopify_ES_9223536247126_48995591586134,https://evacaravan.com/products/pastillas-friccion-al-ko-2004-3004?variant=48995591586134&country=ES&currency=EUR&utm_medium=product_sync&utm_source=google&utm_content=sag_organic&utm_campaign=sag_organic,AL-KO,es
Estabilizador para remolques y caravanas AL-KO AKS 3004,shopify_ES_7516351824034_42203516502178,https://evacaravan.com/products/estabilizador-remolques-caravanas-al-ko-aks-3004?variant=42203516502178&country=ES&currency=EUR&utm_medium=product_sync&utm_source=google&utm_content=sag_organic&utm_campaign=sag_organic,AL-KO,es
Sistema de Maniobra Manual EM313: Potencia y Control,shopify_ES_7518036426914_42207142871202,https://evacaravan.com/products/sistema-maniobra-manual-em313?variant=42207142871202&country=ES&currency=EUR&utm_medium=product_sync&utm_source=google&utm_content=sag_organic&utm_campaign=sag_organic,Enduro Technology,es
Fiamma Turbo Vent Premium Blanca 12V para autocaravana,shopify_ES_10036442726742_52092667887958,https://evacaravan.com/products/fiamma-turbo-vent-premium-blanca?variant=52092667887958&country=ES&currency=EUR&utm_medium=product_sync&utm_source=google&utm_content=sag_organic&utm_campaign=sag_organic,Fiamma,es
Claraboya Dometic Heki 2 para Caravana y Autocaravana,shopify_ES_7518149640354_42207608340642,https://evacaravan.com/products/claraboya-dometic-heki-2?variant=42207608340642&country=ES&currency=EUR&utm_medium=product_sync&utm_source=google&utm_content=sag_organic&utm_campaign=sag_organic,Dometic,es
"Fiamma Patio-Mat 390 | Alfombra Toldo 3,90x2,50m",shopify_ES_9224655700310_49001161949526,https://evacaravan.com/products/fiamma-alfombra-patio-mat-390-3-90x2-50?variant=49001161949526&country=ES&currency=EUR&utm_medium=product_sync&utm_source=google&utm_content=sag_organic&utm_campaign=sag_organic,Fiamma,es
Victron Smart BatteryProtect 220A | Protector 12/24V,shopify_ES_9927400522070_51722568139094,https://evacaravan.com/products/victron-energy-smart-batteryprotect-220a-12-24v?variant=51722568139094&country=ES&currency=EUR&utm_medium=product_sync&utm_source=google&utm_content=sag_organic&utm_campaign=sag_organic,Victron Energy,es
Cerradura Daken Blackstone Slam para furgoneta | Eva Caravan Doble,shopify_ES_10291361972566_53204534133078,https://evacaravan.com/products/daken-blackstone-slam-cerradura-furgoneta?variant=53204534133078&country=ES&currency=EUR&utm_medium=product_sync&utm_source=google&utm_content=sag_organic&utm_campaign=sag_organic,Daken,es
Convertidor Victron Energy Phoenix 12V 250W Onda Sinusoidal,shopify_ES_9223472415062_48995371974998,https://evacaravan.com/products/victron-energy-phoenix-inversor-12v-250w-onda-senoidal?variant=48995371974998&country=ES&currency=EUR&utm_medium=product_sync&utm_source=google&utm_content=sag_organic&utm_campaign=sag_organic,Victron Energy,es
Sistema de Maniobra Semiautomático EM203 para caravanas,shopify_ES_7518075584674_42207310381218,https://evacaravan.com/products/sistema-maniobra-semiautomatico-em203?variant=42207310381218&country=ES&currency=EUR&utm_medium=product_sync&utm_source=google&utm_content=sag_organic&utm_campaign=sag_organic,Enduro Technology,es
Antena TV Terrestre Omnidireccional Wing 22 para viajes,shopify_ES_7515161198754_42200120164514,https://evacaravan.com/products/antena-tv-terrestre-omnidireccional-wing-22?variant=42200120164514&country=ES&currency=EUR&utm_medium=product_sync&utm_source=google&utm_content=sag_organic&utm_campaign=sag_organic,Teleco,es
Antirrobo AL-KO Safety Premium 300/1300 Ø50mm para Caravana,shopify_ES_9223553220950_48995696345430,https://evacaravan.com/products/al-ko-antirrobo-safety-premium-300-1300-o50mm?variant=48995696345430&country=ES&currency=EUR&utm_medium=product_sync&utm_source=google&utm_content=sag_organic&utm_campaign=sag_organic,AL-KO,es
Thule Peldaño 550 mm: Escalón Eléctrico Resistente,shopify_ES_7518033805474_42207132352674,https://evacaravan.com/products/escalon-electrico-thule-peldano-550-mm?variant=42207132352674&country=ES&currency=EUR&utm_medium=product_sync&utm_source=google&utm_content=sag_organic&utm_campaign=sag_organic,Thule,es
DAKEN Saturn Evo | Cerradura Inox Furgoneta Cierre Manual Doble,shopify_ES_10291006734678_52927079547222,https://evacaravan.com/products/cerradura-antirrobo-daken-saturn-evo-inox-para-vehiculos-comerciales?variant=52927079547222&country=ES&currency=EUR&utm_medium=product_sync&utm_source=google&utm_content=sag_organic&utm_campaign=sag_organic,Daken,es
Thetford Fresh-up C2 C3 C4 Derecho y Depósito de Residuos,shopify_ES_7528518484130_42234558906530,https://evacaravan.com/products/thetford-fresh-up-c2-c3-c4-derecho?variant=42234558906530&country=ES&currency=EUR&utm_medium=product_sync&utm_source=google&utm_content=sag_organic&utm_campaign=sag_organic,Thetford,es
AL-KO kit cerradura + Safety Ball AK 161/AK 270,shopify_ES_10036493091158_52092889334102,https://evacaravan.com/products/al-ko-kit-cerradura-safety-ball-ak1617ak270?variant=52092889334102&country=ES&currency=EUR&utm_medium=product_sync&utm_source=google&utm_content=sag_organic&utm_campaign=sag_organic,AL-KO,es
Cerradura Daken Blackstone Slam para furgoneta | Eva Caravan Individual,shopify_ES_10291361972566_52928423461206,https://evacaravan.com/products/daken-blackstone-slam-cerradura-furgoneta?variant=52928423461206&country=ES&currency=EUR&utm_medium=product_sync&utm_source=google&utm_content=sag_organic&utm_campaign=sag_organic,Daken,es
Brunner Kinetic 250x400 | Alfombra Camping Gris,shopify_ES_9934186840406_51750589923670,https://evacaravan.com/products/alfombra-camping-brunner-kinetic-250x400-gris?variant=51750589923670&country=ES&currency=EUR&utm_medium=product_sync&utm_source=google&utm_content=sag_organic&utm_campaign=sag_organic,Brunner,es
Thetford Aqua Kem Blue | 90 Bolsas WC Químico,shopify_ES_9082425540950_48582444286294,https://evacaravan.com/products/thetford-aqua-kem-blue-90-bolsas?variant=48582444286294&country=ES&currency=EUR&utm_medium=product_sync&utm_source=google&utm_content=sag_organic&utm_campaign=sag_organic,Thetford,es
Cargador Victron Orion-Tr 24/12V 30A: Silencioso y Compacto,shopify_ES_9934229799254_51750828343638,https://evacaravan.com/products/cargador-cc-cc-inteligente-victron-energy-orion-tr-24-12v-30a-bluetooth?variant=51750828343638&country=ES&currency=EUR&utm_medium=product_sync&utm_source=google&utm_content=sag_organic&utm_campaign=sag_organic,Victron Energy,es
Thetford Fresh-up Set C400: Kit Renovador Completo,shopify_ES_7529130590370_42237264494754,https://evacaravan.com/products/thetford-fresh-up-set-c400?variant=42237264494754&country=ES&currency=EUR&utm_medium=product_sync&utm_source=google&utm_content=sag_organic&utm_campaign=sag_organic,Thetford,es
Soporte escalera Thule para camper: Práctico y Ergonómico,shopify_ES_9223632617814_48995950461270,https://evacaravan.com/products/soporte-escalera-thule-para-camper?variant=48995950461270&country=ES&currency=EUR&utm_medium=product_sync&utm_source=google&utm_content=sag_organic&utm_campaign=sag_organic,Thule,es
Fiamma Patio Mat 440: Comodidad al Aire Libre,shopify_ES_9224656945494_49001171550550,https://evacaravan.com/products/fiamma-patio-mat-440-alfombra?variant=49001171550550&country=ES&currency=EUR&utm_medium=product_sync&utm_source=google&utm_content=sag_organic&utm_campaign=sag_organic,Fiamma,es
RTA 2500L Negro | Aire Acondicionado Techo Camper,shopify_ES_9942064955734_51774221746518,https://evacaravan.com/products/aire-acondicionado-techo-rta-2500-l-negro?variant=51774221746518&country=ES&currency=EUR&utm_medium=product_sync&utm_source=google&utm_content=sag_organic&utm_campaign=sag_organic,Mestic,es
Thetford Toilet Bowl Cleaner: Limpieza Eficaz y Profunda,shopify_ES_10025225322838_52051607355734,https://evacaravan.com/products/thetford-toilet-bowl-cleaner?variant=52051607355734&country=ES&currency=EUR&utm_medium=product_sync&utm_source=google&utm_content=sag_organic&utm_campaign=sag_organic,Thetford,es
Fiamma Roll Tank 23W con Mango Extensible y Funcional,shopify_ES_9223622623574_48995905306966,https://evacaravan.com/products/fiamma-roll-tank-23w-reservorio-aguas-residuales?variant=48995905306966&country=ES&currency=EUR&utm_medium=product_sync&utm_source=google&utm_content=sag_organic&utm_campaign=sag_organic,Fiamma,es
Horno-Grill Thetford Duplex 36 L: Cocina Móvil Ideal,shopify_ES_9958828015958_51837038166358,https://evacaravan.com/products/horno-grill-thetford-duplex-36-l?variant=51837038166358&country=ES&currency=EUR&utm_medium=product_sync&utm_source=google&utm_content=sag_organic&utm_campaign=sag_organic,Thetford,es
CTEK PRO25S 12V 25A – Cargador Profesional y Fuente,shopify_ES_9230551548246_49023491113302,https://evacaravan.com/products/cargador-bateria-ctek-pro-25s?variant=49023491113302&country=ES&currency=EUR&utm_medium=product_sync&utm_source=google&utm_content=sag_organic&utm_campaign=sag_organic,CTEK,es
Fiamma Bike Block Pro 3 | Blocaje para Portabicis,shopify_ES_7528350449826_42234261799074,https://evacaravan.com/products/sistema-de-blocaje-bicicletas-fiamma-bike-block-pro-3?variant=42234261799074&country=ES&currency=EUR&utm_medium=product_sync&utm_source=google&utm_content=sag_organic&utm_campaign=sag_organic,Fiamma,es
Fiamma A20 vaso de expansión para viajes sin preocupaciones,shopify_ES_9224649703766_49001130033494,https://evacaravan.com/products/fiamma-a20-vaso-expansion?variant=49001130033494&country=ES&currency=EUR&utm_medium=product_sync&utm_source=google&utm_content=sag_organic&utm_campaign=sag_organic,Fiamma,es
Thetford Aqua Kem Blue Sachet para Inodoros Químicos,shopify_ES_10026101440854_52057074925910,https://evacaravan.com/products/thetford-aqua-kem-blue-sachet?variant=52057074925910&country=ES&currency=EUR&utm_medium=product_sync&utm_source=google&utm_content=sag_organic&utm_campaign=sag_organic,Thetford,es
Fiamma Patio-Mat 340 Alfombra de Polipropileno Transpirable,shopify_ES_9224652128598_49001142747478,https://evacaravan.com/products/fiamma-alfombra-patio-mat-340-3-40x2-50?variant=49001142747478&country=ES&currency=EUR&utm_medium=product_sync&utm_source=google&utm_content=sag_organic&utm_campaign=sag_organic,Fiamma,es
"Cerradura Meroni UFO Auto Classic, Resistente y Eficaz Pack 2 cerraduras",shopify_ES_8735675482454_47671225418070,https://evacaravan.com/products/cerradura-meroni-ufo-auto-classic?variant=47671225418070&country=ES&currency=EUR&utm_medium=product_sync&utm_source=google&utm_content=sag_organic&utm_campaign=sag_organic,MERONI,es
Inversor 12V Onda Pura 1000W con Protección Avanzada,shopify_ES_7550903582882_42294809788578,https://evacaravan.com/products/inversor-12v-onda-pura-1000w?variant=42294809788578&country=ES&currency=EUR&utm_medium=product_sync&utm_source=google&utm_content=sag_organic&utm_campaign=sag_organic,DCU Tecnologic,es
Thetford Bathroom Cleaner: Fórmula No Abrasiva y Brillante,shopify_ES_10026000810326_52056780013910,https://evacaravan.com/products/thetford-bathroom-cleaner?variant=52056780013910&country=ES&currency=EUR&utm_medium=product_sync&utm_source=google&utm_content=sag_organic&utm_campaign=sag_organic,Thetford,es
Victron Energy BMV-712 Smart: Monitor Inteligente y Avanzado,shopify_ES_9331647283542_49386014409046,https://evacaravan.com/products/victron-energy-bmv-712-smart-monitor-bateria-negro?variant=49386014409046&country=ES&currency=EUR&utm_medium=product_sync&utm_source=google&utm_content=sag_organic&utm_campaign=sag_organic,Victron Energy,es
Thetford Aqua Kem Green | Líquido WC Concentrado,shopify_ES_10025182298454_52051452395862,https://evacaravan.com/products/thetford-aqua-kem-green-concetrado?variant=52051452395862&country=ES&currency=EUR&utm_medium=product_sync&utm_source=google&utm_content=sag_organic&utm_campaign=sag_organic,Thetford,es
Fiamma Vent 28 Blanca | Claraboya Techo 28x28cm,shopify_ES_9224666710358_49001213854038,https://evacaravan.com/products/fiamma-vent-28-blanca?variant=49001213854038&country=ES&currency=EUR&utm_medium=product_sync&utm_source=google&utm_content=sag_organic&utm_campaign=sag_organic,Fiamma,es
"Acoplamiento AL-KO AK 351 para Remolques de 3,500 kg",shopify_ES_9223544930646_48995649323350,https://evacaravan.com/products/acoplamiento-al-ko-ak-351?variant=48995649323350&country=ES&currency=EUR&utm_medium=product_sync&utm_source=google&utm_content=sag_organic&utm_campaign=sag_organic,AL-KO,es
Thule Slide Out 550 mm: Acceso Cómodo y Seguro,shopify_ES_7516403171490_42203619328162,https://evacaravan.com/products/escalon-electrico-thule-slide-out-550-mm?variant=42203619328162&country=ES&currency=EUR&utm_medium=product_sync&utm_source=google&utm_content=sag_organic&utm_campaign=sag_organic,Thule,es
Cerradura Meroni UFO Plus: Seguridad y Durabilidad 1 Cerradura,shopify_ES_8717298205014_47662540783958,https://evacaravan.com/products/cerradura-meroni-ufo-plus?variant=47662540783958&country=ES&currency=EUR&utm_medium=product_sync&utm_source=google&utm_content=sag_organic&utm_campaign=sag_organic,MERONI,es
Victron Energy Llave Bluetooth – Control inalámbrico Victron,shopify_ES_9223460716886_48995346055510,https://evacaravan.com/products/victron-energy-llave-bluetooth?variant=48995346055510&country=ES&currency=EUR&utm_medium=product_sync&utm_source=google&utm_content=sag_organic&utm_campaign=sag_organic,Victron Energy,es
Calzos Fiamma Jumbo Level System para autocaravana,shopify_ES_9224668938582_49001219064150,https://evacaravan.com/products/calzos-fiamma-jumbo-level-system?variant=49001219064150&country=ES&currency=EUR&utm_medium=product_sync&utm_source=google&utm_content=sag_organic&utm_campaign=sag_organic,Fiamma,es
Rueda Jockey AL-KO 200x50: Durabilidad y Estabilidad,shopify_ES_9934125564246_51750390038870,https://evacaravan.com/products/rueda-jockey-al-ko-200x50?variant=51750390038870&country=ES&currency=EUR&utm_medium=product_sync&utm_source=google&utm_content=sag_organic&utm_campaign=sag_organic,AL-KO,es
Cerradura Daken Saturn Go Gris para furgoneta | Eva Caravan Doble,shopify_ES_10360300339542_53204593410390,https://evacaravan.com/products/daken-saturn-go-gris-cerradura-furgoneta?variant=53204593410390&country=ES&currency=EUR&utm_medium=product_sync&utm_source=google&utm_content=sag_organic&utm_campaign=sag_organic,Daken,es
Puerta de servicio Thetford 4 blanca para caravana,shopify_ES_9230526185814_49023412830550,https://evacaravan.com/products/puerta-servicio-thetford-4-blanca?variant=49023412830550&country=ES&currency=EUR&utm_medium=product_sync&utm_source=google&utm_content=sag_organic&utm_campaign=sag_organic,Thetford,es
Aire acondicionado Openair Plus: Eficiencia y Silencio,shopify_ES_9942120071510_51774432280918,https://evacaravan.com/products/aire-acondicionado-openair-plus?variant=51774432280918&country=ES&currency=EUR&utm_medium=product_sync&utm_source=google&utm_content=sag_organic&utm_campaign=sag_organic,Mestic,es
Dometic HSG 3436 | Combinado 3 quemadores con fregadero,shopify_ES_10146125218134_52434394054998,https://evacaravan.com/products/dometic-combinado-3-quemadores-fregadero-hsg-3436?variant=52434394054998&country=ES&currency=EUR&utm_medium=product_sync&utm_source=google&utm_content=sag_organic&utm_campaign=sag_organic,Dometic,es
Aire acondicionado de ventana Spa 3100: Eficiencia y Confort,shopify_ES_9942108307798_51774358028630,https://evacaravan.com/products/aire-acondicionado-ventana-spa-3100?variant=51774358028630&country=ES&currency=EUR&utm_medium=product_sync&utm_source=google&utm_content=sag_organic&utm_campaign=sag_organic,Mestic,es
Victron Energy BatteryProtect 65 A para Cargas Seguras,shopify_ES_9927412482390_51722651500886,https://evacaravan.com/products/victron-energy-batteryprotect-protector-de-bateria-12-24-v-65-a?variant=51722651500886&country=ES&currency=EUR&utm_medium=product_sync&utm_source=google&utm_content=sag_organic&utm_campaign=sag_organic,Victron Energy,es
Tapa chimenea Truma AK-3 y AK-5 para caravanas – prot,shopify_ES_9054475583830_48522609525078,https://evacaravan.com/products/tapa-chimenea-truma-ak3-ak5-caravanas?variant=48522609525078&country=ES&currency=EUR&utm_medium=product_sync&utm_source=google&utm_content=sag_organic&utm_campaign=sag_organic,Truma,es
Thule Universal Lock x1 Negro | Cerradura Camper,shopify_ES_9224583610710_49000962261334,https://evacaravan.com/products/cerradura-thule-universal-lock-para-camper-negro?variant=49000962261334&country=ES&currency=EUR&utm_medium=product_sync&utm_source=google&utm_content=sag_organic&utm_campaign=sag_organic,Thule,es
Victron SmartSolar MPPT 100/30 | Controlador 30A,shopify_ES_9927352746326_51722473308502,https://evacaravan.com/products/victron-energy-smartsolar-mppt-100-30-controlador-carga-solar?variant=51722473308502&country=ES&currency=EUR&utm_medium=product_sync&utm_source=google&utm_content=sag_organic&utm_campaign=sag_organic,Victron Energy,es
Fiamma Aqua 8 7 litros 12V con Silent Plate Antivibración,shopify_ES_9224650752342_49001135767894,https://evacaravan.com/products/fiamma-aqua-8-7-litros-12v?variant=49001135767894&country=ES&currency=EUR&utm_medium=product_sync&utm_source=google&utm_content=sag_organic&utm_campaign=sag_organic,Fiamma,es
Thetford puerta servicio 7 Blanco: Acceso exterior rápido,shopify_ES_9230527234390_49023417975126,https://evacaravan.com/products/thetford-puerta-servicio-7?variant=49023417975126&country=ES&currency=EUR&utm_medium=product_sync&utm_source=google&utm_content=sag_organic&utm_campaign=sag_organic,Thetford,es
Campana Extractora 12V Baraldi Inox Camper | Eva Caravan,shopify_ES_7520462405794_42212571709602,https://evacaravan.com/products/campana-extractora-baraldi-12v-especial-campers-inox?variant=42212571709602&country=ES&currency=EUR&utm_medium=product_sync&utm_source=google&utm_content=sag_organic&utm_campaign=sag_organic,Baraldi,es
"Bomba Sumergible Barwig 12V 10 l/min 0,6 bar",shopify_ES_9231190950230_49024797573462,https://evacaravan.com/products/barwig-bomba-agua-naranja?variant=49024797573462&country=ES&currency=EUR&utm_medium=product_sync&utm_source=google&utm_content=sag_organic&utm_campaign=sag_organic,Barwig,es
Kit Estabilizador caravana ALKO AKS3004 + Sistema Antirrobo,shopify_ES_7516370829474_42203546845346,https://evacaravan.com/products/kit-estabilizador-alko-aks-3004-con-antirrobo?variant=42203546845346&country=ES&currency=EUR&utm_medium=product_sync&utm_source=google&utm_content=sag_organic&utm_campaign=sag_organic,AL-KO,es
Cerradura Daken Blackstone Silver furgoneta | Eva Caravan Individual,shopify_ES_10360307908950_53204611563862,https://evacaravan.com/products/daken-blackstone-silver-combo-cerradura-furgoneta?variant=53204611563862&country=ES&currency=EUR&utm_medium=product_sync&utm_source=google&utm_content=sag_organic&utm_campaign=sag_organic,Daken,es
Fiamma Level Up Jumbo | Calzos Nivelación Caravana,shopify_ES_9223127499094_48993539522902,https://evacaravan.com/products/fiamma-level-up-jumbo-calzos?variant=48993539522902&country=ES&currency=EUR&utm_medium=product_sync&utm_source=google&utm_content=sag_organic&utm_campaign=sag_organic,Fiamma,es
Amortiguador AL-KO Octagon Verde: Estabilidad en el Camino,shopify_ES_9223613481302_48995856056662,https://evacaravan.com/products/amortiguador-al-ko-octagon-verde?variant=48995856056662&country=ES&currency=EUR&utm_medium=product_sync&utm_source=google&utm_content=sag_organic&utm_campaign=sag_organic,AL-KO,es
Calzos Fiamma Kit Level Up: nivela tu autocaravana,shopify_ES_9223126122838_48993525858646,https://evacaravan.com/products/calzos-fiamma-kit-level-up?variant=48993525858646&country=ES&currency=EUR&utm_medium=product_sync&utm_source=google&utm_content=sag_organic&utm_campaign=sag_organic,Fiamma,es
Dometic LS 200: Ventilación Eficiente para Frigoríficos,shopify_ES_9224974565718_49001942417750,https://evacaravan.com/products/dometic-ls-200?variant=49001942417750&country=ES&currency=EUR&utm_medium=product_sync&utm_source=google&utm_content=sag_organic&utm_campaign=sag_organic,Dometic,es
Milenco Calzo Quattro | Calzos Nivelación Caravana,shopify_ES_9223512588630_48995490955606,https://evacaravan.com/products/milenco-calzo-quattro-calzos-nivelacion?variant=48995490955606&country=ES&currency=EUR&utm_medium=product_sync&utm_source=google&utm_content=sag_organic&utm_campaign=sag_organic,Milenco,es
Señal Portabicicletas Fiamma 50x50 cm Panel Carga Saliente,shopify_ES_7528319877282_42234200948898,https://evacaravan.com/products/senal-portabicicletas-aluminio-fiamma?variant=42234200948898&country=ES&currency=EUR&utm_medium=product_sync&utm_source=google&utm_content=sag_organic&utm_campaign=sag_organic,Fiamma,es
Amortiguador AL-KO Octagon Rojo: Conducción Suave y Segura,shopify_ES_9223615119702_48995865690454,https://evacaravan.com/products/amortiguador-al-ko-octagon-rojo?variant=48995865690454&country=ES&currency=EUR&utm_medium=product_sync&utm_source=google&utm_content=sag_organic&utm_campaign=sag_organic,AL-KO,es
Reich Power Jet 22 litros 12V: bomba de agua sumergible,shopify_ES_9230523924822_49023397429590,https://evacaravan.com/products/reich-power-jet-22-litros?variant=49023397429590&country=ES&currency=EUR&utm_medium=product_sync&utm_source=google&utm_content=sag_organic&utm_campaign=sag_organic,Reich,es
"Thetford Placa de Cubierta para Inodoros C2, C3 y C4",shopify_ES_10026614325590_52058858389846,https://evacaravan.com/products/thetford-placa-de-cubierta-gris?variant=52058858389846&country=ES&currency=EUR&utm_medium=product_sync&utm_source=google&utm_content=sag_organic&utm_campaign=sag_organic,Thetford,es
Bomba Shurflo 12V 7 l 20 PSI: Suministro Estable de Agua,shopify_ES_9223618036054_48995880370518,https://evacaravan.com/products/bomba-shurflo-12v-7-l-20-psi?variant=48995880370518&country=ES&currency=EUR&utm_medium=product_sync&utm_source=google&utm_content=sag_organic&utm_campaign=sag_organic,Pentair,es
Victron Blue Smart IP22 24V 8A | Cargador BT,shopify_ES_9933596131670_51748556636502,https://evacaravan.com/products/victron-energy-blue-smart-ip22-24v-8a-cargador-bateria-bluetooth?variant=51748556636502&country=ES&currency=EUR&utm_medium=product_sync&utm_source=google&utm_content=sag_organic&utm_campaign=sag_organic,Victron Energy,es
Cerradura Daken Saturn Go Black para furgoneta | Eva Caravan Individual,shopify_ES_10360221270358_53204343161174,https://evacaravan.com/products/cerradura-antirrobo-daken-saturn-go-black-furgoneta?variant=53204343161174&country=ES&currency=EUR&utm_medium=product_sync&utm_source=google&utm_content=sag_organic&utm_campaign=sag_organic,Daken,es
Cerradura Daken Saturn Go Gris para furgoneta | Eva Caravan Individual,shopify_ES_10360300339542_53204593377622,https://evacaravan.com/products/daken-saturn-go-gris-cerradura-furgoneta?variant=53204593377622&country=ES&currency=EUR&utm_medium=product_sync&utm_source=google&utm_content=sag_organic&utm_campaign=sag_organic,Daken,es
Truma Calentador Eléctrico 14L | Agua Caliente Caravana,shopify_ES_9942124691798_51774468063574,https://evacaravan.com/products/kit-truma-calentador-electrico-14-l-set-conexion-agua?variant=51774468063574&country=ES&currency=EUR&utm_medium=product_sync&utm_source=google&utm_content=sag_organic&utm_campaign=sag_organic,Truma,es
Remitop Vario 2 40x40 con compases para camper,shopify_ES_9230568063318_49023532335446,https://evacaravan.com/products/remitop-vario-2-40x40-con-compases?variant=49023532335446&country=ES&currency=EUR&utm_medium=product_sync&utm_source=google&utm_content=sag_organic&utm_campaign=sag_organic,Remis,es
Base Giratoria Fiat Ducato 2006 Pasajero,shopify_ES_7522215395490_42216558657698,https://evacaravan.com/products/base-giratoria-fiat-ducato-2006-pasajero?variant=42216558657698&country=ES&currency=EUR&utm_medium=product_sync&utm_source=google&utm_content=sag_organic&utm_campaign=sag_organic,Nuova Mapa,es
Aire acondicionado Telair Clima E-Van 7400H para caravanas,shopify_ES_7520182141090_42211971236002,https://evacaravan.com/products/aire-acondicionado-telair-clima-e-van-7400h?variant=42211971236002&country=ES&currency=EUR&utm_medium=product_sync&utm_source=google&utm_content=sag_organic&utm_campaign=sag_organic,Teleco,es
Cerradura Daken Noval Simple para furgoneta | Eva Caravan Individual,shopify_ES_10291383009622_52928534872406,https://evacaravan.com/products/daken-noval-simple-cerradura-furgoneta?variant=52928534872406&country=ES&currency=EUR&utm_medium=product_sync&utm_source=google&utm_content=sag_organic&utm_campaign=sag_organic,Daken,es
Heo Safe Ducato 2021 para Protección en Vehículos,shopify_ES_9230547583318_49023486034262,https://evacaravan.com/products/heo-safe-ducato-2021-cerraduras-seguridad-puertas-delanteras?variant=49023486034262&country=ES&currency=EUR&utm_medium=product_sync&utm_source=google&utm_content=sag_organic&utm_campaign=sag_organic,HEOSolution,es
Thetford Aqua Rinse Spray para Inodoros Impecables,shopify_ES_10025235710294_52051645890902,https://evacaravan.com/products/thetford-aqua-rinse-spray?variant=52051645890902&country=ES&currency=EUR&utm_medium=product_sync&utm_source=google&utm_content=sag_organic&utm_campaign=sag_organic,Thetford,es
Cargador Victron Orion XS 12/12 50a Eficiente y Compacto,shopify_ES_9934236123478_51750866420054,https://evacaravan.com/products/cargador-victron-orion-xs-12-12-50a?variant=51750866420054&country=ES&currency=EUR&utm_medium=product_sync&utm_source=google&utm_content=sag_organic&utm_campaign=sag_organic,Victron Energy,es
Meroni UFO3 Smart DUO Negro | Cerradura Furgoneta x2,shopify_ES_9224579711318_49000953708886,https://evacaravan.com/products/meroni-ufo3-smart-duo-negro-x2?variant=49000953708886&country=ES&currency=EUR&utm_medium=product_sync&utm_source=google&utm_content=sag_organic&utm_campaign=sag_organic,MERONI,es
Vajilla Brunner Midday Tuscany 12 Piezas para Camping,shopify_ES_9934172291414_51750511313238,https://evacaravan.com/products/vajilla-brunner-midday-tuscany-12-piezas?variant=51750511313238&country=ES&currency=EUR&utm_medium=product_sync&utm_source=google&utm_content=sag_organic&utm_campaign=sag_organic,Brunner,es
Fiamma Vent 28F Cristal 28x28 cm Transparente,shopify_ES_9224665399638_49001208381782,https://evacaravan.com/products/fiamma-vent-28f-cristal?variant=49001208381782&country=ES&currency=EUR&utm_medium=product_sync&utm_source=google&utm_content=sag_organic&utm_campaign=sag_organic,Fiamma,es
Fiamma Patio 290 alfombra para viajes cómodos,shopify_ES_9224651506006_49001140715862,https://evacaravan.com/products/fiamma-alfombra-patio-290-2-90x2-50?variant=49001140715862&country=ES&currency=EUR&utm_medium=product_sync&utm_source=google&utm_content=sag_organic&utm_campaign=sag_organic,Fiamma,es
Cerradura Daken Saturn Go blanca furgoneta | Eva Caravan Individual,shopify_ES_10291075350870_52927284314454,https://evacaravan.com/products/daken-saturn-go-blanca-cerradura-furgoneta?variant=52927284314454&country=ES&currency=EUR&utm_medium=product_sync&utm_source=google&utm_content=sag_organic&utm_campaign=sag_organic,Daken,es
Cerradura Meroni UFO2: Seguridad para Furgonetas 2 cerraduras,shopify_ES_8735773491542_47671379984726,https://evacaravan.com/products/cerradura-meroni-ufo2?variant=47671379984726&country=ES&currency=EUR&utm_medium=product_sync&utm_source=google&utm_content=sag_organic&utm_campaign=sag_organic,MERONI,es
Aire acondicionado de techo RTA 2000 Openair para Caravanas,shopify_ES_9942113878358_51774392041814,https://evacaravan.com/products/aire-acondicionado-techo-rta-2000-openair?variant=51774392041814&country=ES&currency=EUR&utm_medium=product_sync&utm_source=google&utm_content=sag_organic&utm_campaign=sag_organic,Mestic,es
Spa 5100 | Aire Acondicionado Ventana para Camper,shopify_ES_9942103589206_51774322901334,https://evacaravan.com/products/aire-acondicionado-ventana-spa-5100?variant=51774322901334&country=ES&currency=EUR&utm_medium=product_sync&utm_source=google&utm_content=sag_organic&utm_campaign=sag_organic,Mestic,es
Thetford Porta Potti 135/335/345 | Bolsa Transporte,shopify_ES_9933864534358_51749247811926,https://evacaravan.com/products/bolsa-transporte-porta-potti-thetford?variant=51749247811926&country=ES&currency=EUR&utm_medium=product_sync&utm_source=google&utm_content=sag_organic&utm_campaign=sag_organic,Thetford,es
DAKEN Saturn Evo | Cerradura Inox Furgoneta Cierre Manual Individual,shopify_ES_10291006734678_52927079514454,https://evacaravan.com/products/cerradura-antirrobo-daken-saturn-evo-inox-para-vehiculos-comerciales?variant=52927079514454&country=ES&currency=EUR&utm_medium=product_sync&utm_source=google&utm_content=sag_organic&utm_campaign=sag_organic,Daken,es
Kit de bloqueo de seguridad Fiamma Security 31/46,shopify_ES_9224676245846_49001261760854,https://evacaravan.com/products/fiamma-kit-security-lock?variant=49001261760854&country=ES&currency=EUR&utm_medium=product_sync&utm_source=google&utm_content=sag_organic&utm_campaign=sag_organic,Fiamma,es
Thule Peldaño Simple 550mm | Escalón para Furgón,shopify_ES_7528434565282_42234404765858,https://evacaravan.com/products/escalon-manual-thule-peldano-simple-550-mm?variant=42234404765858&country=ES&currency=EUR&utm_medium=product_sync&utm_source=google&utm_content=sag_organic&utm_campaign=sag_organic,Thule,es
Cargador de Batería Fijo 16A CBE 516 60-200ah Seguro 16 Ah,shopify_ES_7515044413602_42199862345890,https://evacaravan.com/products/cargador-de-bateria-fijo-16a-cbe-516-60-200ah?variant=42199862345890&country=ES&currency=EUR&utm_medium=product_sync&utm_source=google&utm_content=sag_organic&utm_campaign=sag_organic,CBE,es
Nano Cafetera Espresso | Cafetera Portátil USB-C,shopify_ES_10035457720662_52087546020182,https://evacaravan.com/products/nano-cafetera-espresso-portatil-verde-bosque?variant=52087546020182&country=ES&currency=EUR&utm_medium=product_sync&utm_source=google&utm_content=sag_organic&utm_campaign=sag_organic,Outln,es
Aire acondicionado Telair Dual Clima 8400H para Caravanas,shopify_ES_7520146260130_42211903799458,https://evacaravan.com/products/aire-acondicionado-telair-dual-clima-8400h?variant=42211903799458&country=ES&currency=EUR&utm_medium=product_sync&utm_source=google&utm_content=sag_organic&utm_campaign=sag_organic,Teleco,es
Victron Blue Smart IP22 12V 30A | 3 Salidas BT,shopify_ES_9927420772694_51722702455126,https://evacaravan.com/products/victron-energy-blue-smart-ip22-12v-30a-cargador-bateria-bluetooth-3-salidas?variant=51722702455126&country=ES&currency=EUR&utm_medium=product_sync&utm_source=google&utm_content=sag_organic&utm_campaign=sag_organic,Victron Energy,es
Thetford Aqua Rinse Concentrado: limpieza eficaz garantizada,shopify_ES_10025116860758_52051275907414,https://evacaravan.com/products/thetford-aqua-rinse-concentrado?variant=52051275907414&country=ES&currency=EUR&utm_medium=product_sync&utm_source=google&utm_content=sag_organic&utm_campaign=sag_organic,Thetford,es
Bloqueador de puerta Thule Door Frame Lock Seguro,shopify_ES_7516124774562_42203176206498,https://evacaravan.com/products/bloqueador-de-puerta-thule-door-frame-lock?variant=42203176206498&country=ES&currency=EUR&utm_medium=product_sync&utm_source=google&utm_content=sag_organic&utm_campaign=sag_organic,Thule,es
Thetford Fresh-up Set C250 260: Kit Completo de Renovación,shopify_ES_7529130164386_42237263577250,https://evacaravan.com/products/thetford-fresh-up-set-c250-260?variant=42237263577250&country=ES&currency=EUR&utm_medium=product_sync&utm_source=google&utm_content=sag_organic&utm_campaign=sag_organic,Thetford,es
Milenco Bloqueador Patas | Cerradura Caravana,shopify_ES_9223525040470_48995526738262,https://evacaravan.com/products/milenco-bloqueador-patas-caravana-y-remolque?variant=48995526738262&country=ES&currency=EUR&utm_medium=product_sync&utm_source=google&utm_content=sag_organic&utm_campaign=sag_organic,Milenco,es
Victron Phoenix 12/375 Schuko: Protección y Eficiencia,shopify_ES_8754933137750_47718889619798,https://evacaravan.com/products/convertidor-victron-phoenix-12-375-schuko?variant=47718889619798&country=ES&currency=EUR&utm_medium=product_sync&utm_source=google&utm_content=sag_organic&utm_campaign=sag_organic,Victron Energy,es
Fiamma Turbo Vent Premium Cristal 12V para autocaravana,shopify_ES_10036469727574_52092807250262,https://evacaravan.com/products/fiamma-turbo-vent-premium-cristal?variant=52092807250262&country=ES&currency=EUR&utm_medium=product_sync&utm_source=google&utm_content=sag_organic&utm_campaign=sag_organic,Fiamma,es
Retrocámara Visio Evo Vechline: Visión Amplia 120°,shopify_ES_9940898611542_51769193890134,https://evacaravan.com/products/retrocamara-visio-evo-vechline?variant=51769193890134&country=ES&currency=EUR&utm_medium=product_sync&utm_source=google&utm_content=sag_organic&utm_campaign=sag_organic,Vechline,es
Victron Energy BMV-712 Smart Gris con Conectividad Bluetooth,shopify_ES_9927430635862_51722768744790,https://evacaravan.com/products/victron-energy-bmv-712-smart-monitor-inteligente-de-bateria-color-gris?variant=51722768744790&country=ES&currency=EUR&utm_medium=product_sync&utm_source=google&utm_content=sag_organic&utm_campaign=sag_organic,Victron Energy,es
Soporte de rueda 48 mm para remolque: Fácil Instalación,shopify_ES_9933878690134_51749576212822,https://evacaravan.com/products/soporte-rueda-48mm-para-remolque?variant=51749576212822&country=ES&currency=EUR&utm_medium=product_sync&utm_source=google&utm_content=sag_organic&utm_campaign=sag_organic,AL-KO,es
Repuesto Truma Therme para el sistema de agua,shopify_ES_9927277773142_51722209952086,https://evacaravan.com/products/repuesto-truma-therme-para-termosifon?variant=51722209952086&country=ES&currency=EUR&utm_medium=product_sync&utm_source=google&utm_content=sag_organic&utm_campaign=sag_organic,Truma,es
Victron Energy 24/1200 | Inversor 24V Autocaravana,shopify_ES_9934210203990_51750720569686,https://evacaravan.com/products/inversor-victron-energy-24-1200-24v?variant=51750720569686&country=ES&currency=EUR&utm_medium=product_sync&utm_source=google&utm_content=sag_organic&utm_campaign=sag_organic,Eva Caravan,es
Señal Portabicicletas Fiamma 50x50 cm Panel Carga Saliente,shopify_ES_7528308736162_42234179780770,https://evacaravan.com/products/panel-senal-portabicicletas-fiamma?variant=42234179780770&country=ES&currency=EUR&utm_medium=product_sync&utm_source=google&utm_content=sag_organic&utm_campaign=sag_organic,Fiamma,es
Victron Energy Blue Smart IP22 12V 30A – Carga inteligente,shopify_ES_9223430111574_48995267707222,https://evacaravan.com/products/victron-energy-blue-smart-ip22-12v-30a-cargador-bateria-bluetooth?variant=48995267707222&country=ES&currency=EUR&utm_medium=product_sync&utm_source=google&utm_content=sag_organic&utm_campaign=sag_organic,Victron Energy,es
Kit de extensión Thule 3 bicicletas Sport G2 para portabicis,shopify_ES_10115369042262_52284540977494,https://evacaravan.com/products/thule-kit-de-extension-3-bicicletas-sport-garaje-g2?variant=52284540977494&country=ES&currency=EUR&utm_medium=product_sync&utm_source=google&utm_content=sag_organic&utm_campaign=sag_organic,Thule,es
Milenco Calzo Triple: Solución de Nivelación Eficaz,shopify_ES_9223503413590_48995462250838,https://evacaravan.com/products/milenco-calzo-triple-calzos-nivelacion-autocaravanas?variant=48995462250838&country=ES&currency=EUR&utm_medium=product_sync&utm_source=google&utm_content=sag_organic&utm_campaign=sag_organic,Milenco,es
Victron Energy Orion 30A No Aislado – Cargador Inteligente,shopify_ES_9223435059542_48995280814422,https://evacaravan.com/products/victron-energy-cargador-orion-30-no-aislado?variant=48995280814422&country=ES&currency=EUR&utm_medium=product_sync&utm_source=google&utm_content=sag_organic&utm_campaign=sag_organic,Victron Energy,es
Victron Energy 500VA 24V: Inversor Compacto y Potente,shopify_ES_9933629456726_51748614603094,https://evacaravan.com/products/victron-energy-500va-24-voltios-230v-ca-inversor-de-onda-sinusoidal-pura-schuko?variant=51748614603094&country=ES&currency=EUR&utm_medium=product_sync&utm_source=google&utm_content=sag_organic&utm_campaign=sag_organic,Victron Energy,es
AL-KO Safety 2004/3004 | Antirrobo para Remolque,shopify_ES_9223548928342_48995671441750,https://evacaravan.com/products/antirrobo-al-ko-safety-2004-3004?variant=48995671441750&country=ES&currency=EUR&utm_medium=product_sync&utm_source=google&utm_content=sag_organic&utm_campaign=sag_organic,AL-KO,es
Antena Teleplus 3G: Calidad de Señal Estable,shopify_ES_9230555611478_49023500910934,https://evacaravan.com/products/antena-teleplus-3g-microondas-direccional?variant=49023500910934&country=ES&currency=EUR&utm_medium=product_sync&utm_source=google&utm_content=sag_organic&utm_campaign=sag_organic,Teleco,es
Cerradura Thule Inside-Out Lock G2 para autocaravana,shopify_ES_9224524824918_49000645984598,https://evacaravan.com/products/thule-inside-out-lock-g2?variant=49000645984598&country=ES&currency=EUR&utm_medium=product_sync&utm_source=google&utm_content=sag_organic&utm_campaign=sag_organic,Thule,es
Fiamma Fresh Water Tank 70 Litros: Alta Capacidad y Calidad,shopify_ES_9927308476758_51722325492054,https://evacaravan.com/products/fiamma-fresh-water-tank-70-litros?variant=51722325492054&country=ES&currency=EUR&utm_medium=product_sync&utm_source=google&utm_content=sag_organic&utm_campaign=sag_organic,Fiamma,es
Cerradura Meroni UFO2: Seguridad para Furgonetas 1 cerradura,shopify_ES_8735773491542_47671379951958,https://evacaravan.com/products/cerradura-meroni-ufo2?variant=47671379951958&country=ES&currency=EUR&utm_medium=product_sync&utm_source=google&utm_content=sag_organic&utm_campaign=sag_organic,MERONI,es
Truma LevelCheck: Medidor de Gas Ultrasonido,shopify_ES_9223390658902_48995171959126,https://evacaravan.com/products/truma-levelcheck-indicador-nivel-botellas-gas-medidor?variant=48995171959126&country=ES&currency=EUR&utm_medium=product_sync&utm_source=google&utm_content=sag_organic&utm_campaign=sag_organic,Truma,es
Inversor 12V Onda Pura 3000W y Carga USB 2A,shopify_ES_7550919213218_42294834397346,https://evacaravan.com/products/inversor-12v-onda-pura-3000w?variant=42294834397346&country=ES&currency=EUR&utm_medium=product_sync&utm_source=google&utm_content=sag_organic&utm_campaign=sag_organic,DCU Tecnologic,es
Antena Maxview Omnimax Camping: Señal Estable 360°,shopify_ES_9230553907542_49023496683862,https://evacaravan.com/products/antena-maxview-omnimax-camping-tdt-12-24v?variant=49023496683862&country=ES&currency=EUR&utm_medium=product_sync&utm_source=google&utm_content=sag_organic&utm_campaign=sag_organic,Omnimax,es
Victron Cerbo-S GX Centro de monitoreo del sistema,shopify_ES_10105231638870_52268598034774,https://evacaravan.com/products/victron-energy-cerbo-s-gx-monitoreo-del-sistema?variant=52268598034774&country=ES&currency=EUR&utm_medium=product_sync&utm_source=google&utm_content=sag_organic&utm_campaign=sag_organic,Victron Energy,es
Thetford Mecanismo de Deslizamiento C400 Derecha Repuesto,shopify_ES_10026586538326_52058735378774,https://evacaravan.com/products/thetford-mecanismo-de-deslizamiento-c400-derecha?variant=52058735378774&country=ES&currency=EUR&utm_medium=product_sync&utm_source=google&utm_content=sag_organic&utm_campaign=sag_organic,Thetford,es
Victron Blue Smart IP22 12V 15A | Cargador BT,shopify_ES_9223424704854_48995251618134,https://evacaravan.com/products/victron-energy-blue-smart-ip22-12v-15a-cargador-bateria-bluetooth?variant=48995251618134&country=ES&currency=EUR&utm_medium=product_sync&utm_source=google&utm_content=sag_organic&utm_campaign=sag_organic,Victron Energy,es
Fiamma Carry-Bike PRO M | Portabicis para Autocaravana,shopify_ES_7516306079906_42203462205602,https://evacaravan.com/products/portabicis-fiamma-pro-m?variant=42203462205602&country=ES&currency=EUR&utm_medium=product_sync&utm_source=google&utm_content=sag_organic&utm_campaign=sag_organic,Fiamma,es
Truma Filtro de Gas: Filtrado Avanzado y Fácil Mantenimiento,shopify_ES_9231203303766_49024881787222,https://evacaravan.com/products/truma-filtro-de-gas?variant=49024881787222&country=ES&currency=EUR&utm_medium=product_sync&utm_source=google&utm_content=sag_organic&utm_campaign=sag_organic,Truma,es
Victron Energy BatteryProtect 100 A para Baterías Seguras,shopify_ES_9927406256470_51722589274454,https://evacaravan.com/products/victron-energy-batteryprotect-protector-de-bateria-12-24-v-100-a?variant=51722589274454&country=ES&currency=EUR&utm_medium=product_sync&utm_source=google&utm_content=sag_organic&utm_campaign=sag_organic,Victron Energy,es
Fiamma Safe Door Frame | Cierre Seguridad Caravana,shopify_ES_7516183789730_42203275985058,https://evacaravan.com/products/cierre-seguridad-fiamma-safe-door-frame?variant=42203275985058&country=ES&currency=EUR&utm_medium=product_sync&utm_source=google&utm_content=sag_organic&utm_campaign=sag_organic,Fiamma,es
Dometic Micro Heki 280x280 con mosquitera ( sin ventilación),shopify_ES_9224978858326_49001964437846,https://evacaravan.com/products/dometic-micro-heki-sin-ventilacion-con-oscurecedor-y-mosquitera?variant=49001964437846&country=ES&currency=EUR&utm_medium=product_sync&utm_source=google&utm_content=sag_organic&utm_campaign=sag_organic,Dometic,es
Victron Orion-Tr 24/12V 30A | Cargador CC-CC BT,shopify_ES_9934220099926_51750773490006,https://evacaravan.com/products/cargador-victron-orion-tr-24-12v-30a-no-aislado?variant=51750773490006&country=ES&currency=EUR&utm_medium=product_sync&utm_source=google&utm_content=sag_organic&utm_campaign=sag_organic,Victron Energy,es
Inversor Victron Energy 24/375 24V: Control y Flexibilidad,shopify_ES_9934212202838_51750735151446,https://evacaravan.com/products/inversor-victron-energy-24-375-24v?variant=51750735151446&country=ES&currency=EUR&utm_medium=product_sync&utm_source=google&utm_content=sag_organic&utm_campaign=sag_organic,Victron Energy,es
Inversor 12V Onda Modificada 300W: Eficiencia y Seguridad,shopify_ES_7550943264930_42294874046626,https://evacaravan.com/products/inversor-12v-onda-modificada-300w?variant=42294874046626&country=ES&currency=EUR&utm_medium=product_sync&utm_source=google&utm_content=sag_organic&utm_campaign=sag_organic,DCU Tecnologic,es
Fiamma Safe Door Magnum Frame: Seguridad Avanzada,shopify_ES_9224673526102_49001250226518,https://evacaravan.com/products/fiamma-safe-door-magnum-frame-cerradura-seguridad?variant=49001250226518&country=ES&currency=EUR&utm_medium=product_sync&utm_source=google&utm_content=sag_organic&utm_campaign=sag_organic,Fiamma,es
Thetford Porta Potti Qube 145 | Inodoro Portátil,shopify_ES_9230531559766_49023438651734,https://evacaravan.com/products/thetford-porta-potti-qube-145?variant=49023438651734&country=ES&currency=EUR&utm_medium=product_sync&utm_source=google&utm_content=sag_organic&utm_campaign=sag_organic,Thetford,es
Cocina SMEV 913 INOX | 3 fuegos para caravanas,shopify_ES_10146172043606_52434703909206,https://evacaravan.com/products/cocina-913-smev-3-fuegos-inox?variant=52434703909206&country=ES&currency=EUR&utm_medium=product_sync&utm_source=google&utm_content=sag_organic&utm_campaign=sag_organic,Dometic,es
Inversor 12V Onda Pura 1500W y Puerto USB 2A,shopify_ES_7550896570530_42294797009058,https://evacaravan.com/products/inversor-12v-onda-pura-1500w?variant=42294797009058&country=ES&currency=EUR&utm_medium=product_sync&utm_source=google&utm_content=sag_organic&utm_campaign=sag_organic,DCU Tecnologic,es
Cargador Victron Orion-Tr 12/24v 10a Aislado Bluetooth,shopify_ES_9934222819670_51750786564438,https://evacaravan.com/products/cargador-victron-orion-tr-12-24v-10a-aislado?variant=51750786564438&country=ES&currency=EUR&utm_medium=product_sync&utm_source=google&utm_content=sag_organic&utm_campaign=sag_organic,Victron Energy,es
Victron SmartSolar MPPT 100/20 – Controlador Solar Bluetooth,shopify_ES_9927360315734_51722505421142,https://evacaravan.com/products/victron-energy-smartsolar-mppt-100-20-controlador-carga-solar?variant=51722505421142&country=ES&currency=EUR&utm_medium=product_sync&utm_source=google&utm_content=sag_organic&utm_campaign=sag_organic,Victron Energy,es
Calzos Fiamma Kit Level Up Premium: 3 niveles | 17 cm,shopify_ES_9224670249302_49001227944278,https://evacaravan.com/products/calzos-fiamma-kit-level-up-premium?variant=49001227944278&country=ES&currency=EUR&utm_medium=product_sync&utm_source=google&utm_content=sag_organic&utm_campaign=sag_organic,Fiamma,es
Victron Blue Smart IP65 12V 7A | Cargador BT,shopify_ES_9927437582678_51722862035286,https://evacaravan.com/products/victron-energy-blue-smart-ip65-12v-7a-cargador-bateria-bluetooth?variant=51722862035286&country=ES&currency=EUR&utm_medium=product_sync&utm_source=google&utm_content=sag_organic&utm_campaign=sag_organic,Victron Energy,es
Victron Energy MPPT 75/15 – Eficiencia solar máxima,shopify_ES_9223466058070_48995358146902,https://evacaravan.com/products/victron-energy-regulador-solar-mppt-75-15?variant=48995358146902&country=ES&currency=EUR&utm_medium=product_sync&utm_source=google&utm_content=sag_organic&utm_campaign=sag_organic,Victron Energy,es
Rueda Jockey AL-KO Premium 48 mm 300 kg con suspensión,shopify_ES_9082470695254_48582559170902,https://evacaravan.com/products/rueda-jockey-al-ko-premium-48mm-300kg?variant=48582559170902&country=ES&currency=EUR&utm_medium=product_sync&utm_source=google&utm_content=sag_organic&utm_campaign=sag_organic,AL-KO,es
Power Line AGM 100Ah | Batería Auxiliar Caravana,shopify_ES_9364356202838_49492205764950,https://evacaravan.com/products/bateria-auxiliar-power-line-agm-100-amperios?variant=49492205764950&country=ES&currency=EUR&utm_medium=product_sync&utm_source=google&utm_content=sag_organic&utm_campaign=sag_organic,EZA,es
Inversor 12V Onda Modificada 1000W: Potente y Eficiente,shopify_ES_7600303046818_42437120589986,https://evacaravan.com/products/inversor-12v-onda-modificada-1000w?variant=42437120589986&country=ES&currency=EUR&utm_medium=product_sync&utm_source=google&utm_content=sag_organic&utm_campaign=sag_organic,DCU Tecnologic,es
Power Line AGM 80Ah | Batería Auxiliar Caravana,shopify_ES_9082698793302_48583089553750,https://evacaravan.com/products/bateria-auxiliar-power-line-agm-80-amperios?variant=48583089553750&country=ES&currency=EUR&utm_medium=product_sync&utm_source=google&utm_content=sag_organic&utm_campaign=sag_organic,EZA,es
Milenco Calzo Trident: Estabilidad y Sujeción Garantizada,shopify_ES_9223508066646_48995474866518,https://evacaravan.com/products/milenco-calzo-trident-calzos-nivelacion-autocaravanas?variant=48995474866518&country=ES&currency=EUR&utm_medium=product_sync&utm_source=google&utm_content=sag_organic&utm_campaign=sag_organic,Milenco,es
Brunner Balmat Premium | Alfombra Tienda Campaña,shopify_ES_9934179631446_51750544802134,https://evacaravan.com/products/alfombra-tienda-campana-brunner-balmat-premium?variant=51750544802134&country=ES&currency=EUR&utm_medium=product_sync&utm_source=google&utm_content=sag_organic&utm_campaign=sag_organic,Brunner,es
Thule Universal Lock x2 Blanco | Cerradura Camper,shopify_ES_9224643608918_49001109553494,https://evacaravan.com/products/thule-universal-look-thule-x2-blanco?variant=49001109553494&country=ES&currency=EUR&utm_medium=product_sync&utm_source=google&utm_content=sag_organic&utm_campaign=sag_organic,Thule,es
Fiamma Patio Mat 490: Perfecta para Camping y Terrazas,shopify_ES_9224657731926_49001174663510,https://evacaravan.com/products/fiamma-patio-mat-490-alfombra?variant=49001174663510&country=ES&currency=EUR&utm_medium=product_sync&utm_source=google&utm_content=sag_organic&utm_campaign=sag_organic,Fiamma,es
Ducasa EL-LC 1000W: Calor Eficiente y Rápido,shopify_ES_9927327547734_51722389946710,https://evacaravan.com/products/ducasa-el-lc-1000w-convector-mural-electronico?variant=51722389946710&country=ES&currency=EUR&utm_medium=product_sync&utm_source=google&utm_content=sag_organic&utm_campaign=sag_organic,DUCASA,es
