título,id,enlace,marca,idioma,etiqueta de feed
DCU12V Modifizierter Sinus-Wechselrichter 600 W,dcu600mo,https://evacaravan.com/de/products/dcu-12v-modifizierter-wellen-wechselrichter-600-w,DCU Tecnologic,de,DE
Rueda Jockey Automática 400 kg 60 mm para remolques,shopify_ES_9230583267670_49023552749910,https://evacaravan.com/products/rueda-jockey-automatica-400kg-60mm?variant=49023552749910&country=ES&currency=EUR&utm_medium=product_sync&utm_source=google&utm_content=sag_organic&utm_campaign=sag_organic,AL-KO,es,ES
Thetford Fresh-Up Set C500 y Depósito de Residuos,shopify_ES_7529133637794_42237271048354,https://evacaravan.com/products/thetford-fresh-up-set-c500?variant=42237271048354&country=ES&currency=EUR&utm_medium=product_sync&utm_source=google&utm_content=sag_organic&utm_campaign=sag_organic,Thetford,es,ES
Truma Abgaskaminkappe für AK-3 und AK-5,3559747028302136604,https://evacaravan.com/de-at/products/tapa-chimenea-truma-ak3-ak5-caravanas,Truma,de,AT
Rueda jockey AL-KO Profi 500: Resistencia y Estabilidad,shopify_ES_9223577862486_48995776725334,https://evacaravan.com/products/rueda-jockey-al-ko-profi-500?variant=48995776725334&country=ES&currency=EUR&utm_medium=product_sync&utm_source=google&utm_content=sag_organic&utm_campaign=sag_organic,AL-KO,es,ES
Baraldi 12V Dunstabzugshaube aus Edelstahl – Leise und kompakt für Wohnmobile und Wohnwagen,15939713,https://evacaravan.com/de/products/baraldi-12v-dunstabzugshaube-aus-edelstahl-leise-und-kompakt-fuer-wohnmobile-und-wohnwagen,Baraldi,de,DE
Amortiguador AL-KO Octagon Azul para Remolques Estables,shopify_ES_9223614366038_48995863167318,https://evacaravan.com/products/amortiguador-al-ko-octagon-azul?variant=48995863167318&country=ES&currency=EUR&utm_medium=product_sync&utm_source=google&utm_content=sag_organic&utm_campaign=sag_organic,,es,ES
Onduleur DCU12V Onde Modifiée 600w,2300369995156354479,https://evacaravan.com/fr-be/products/inversor-12v-onda-modificada-600w,DCU Tecnologic,fr,BE
Rueda AL-KO de soporte de remolque 48 mm con abrazadera,shopify_ES_9934158201174_51750476513622,https://evacaravan.com/products/rueda-soporte-remolque-48mm-con-abrazadera?variant=51750476513622&country=ES&currency=EUR&utm_medium=product_sync&utm_source=google&utm_content=sag_organic&utm_campaign=sag_organic,,es,ES
Indicador de gas GASLOCK GASLEVEL para bombonas GLP,shopify_ES_9223384826198_48995159966038,https://evacaravan.com/products/gaslock-indicador-gas?variant=48995159966038&country=ES&currency=EUR&utm_medium=product_sync&utm_source=google&utm_content=sag_organic&utm_campaign=sag_organic,,es,ES
Fiamma Bike Block Pro 4 | Blocaje para Portabicis,shopify_ES_7528354283682_42234268909730,https://evacaravan.com/products/sistema-de-blocaje-bicicletas-fiamma-bike-block-pro-4?variant=42234268909730&country=ES&currency=EUR&utm_medium=product_sync&utm_source=google&utm_content=sag_organic&utm_campaign=sag_organic,Fiamma,es,ES
Inversor 12V Onda Modificada 600W para Electrodomésticos,shopify_ES_7587136110754_42384639361186,https://evacaravan.com/products/inversor-12v-onda-modificada-600w?variant=42384639361186&country=ES&currency=EUR&utm_medium=product_sync&utm_source=google&utm_content=sag_organic&utm_campaign=sag_organic,DCU Tecnologic,es,ES
"Televisor Seeview LED HD 21,5"" 12V Full HD para Caravana",shopify_ES_7527084884130_42230579757218,https://evacaravan.com/products/tv-ledhd-seeview-21-5?variant=42230579757218&country=ES&currency=EUR&utm_medium=product_sync&utm_source=google&utm_content=sag_organic&utm_campaign=sag_organic,Seeview,es,ES
Truma cartucho de repuesto para filtro de gas | Original,shopify_ES_9231200256342_49024861405526,https://evacaravan.com/products/truma-cartucho-de-repuesto-para-filtro-de-gas?variant=49024861405526&country=ES&currency=EUR&utm_medium=product_sync&utm_source=google&utm_content=sag_organic&utm_campaign=sag_organic,Truma,es,ES
Truma cartucho de repuesto para filtro de gas | Original,shopify_ES_9231200256342_49024861405526,https://evacaravan.com/products/truma-cartucho-de-repuesto-para-filtro-de-gas?variant=49024861405526&country=ES&currency=EUR&utm_medium=product_sync&utm_source=google&utm_content=sag_organic&utm_campaign=sag_organic,,es,ES
Base Giratoria Fiat Ducato 2006 Conductor,shopify_ES_7516078932130_42203103428770,https://evacaravan.com/products/base-giratoria-fiat-ducato-2006-conductor?variant=42203103428770&country=ES&currency=EUR&utm_medium=product_sync&utm_source=google&utm_content=sag_organic&utm_campaign=sag_organic,,es,ES
Fiamma Pro C Motorhome Bike Rack,919557,https://evacaravan.com/en/products/portabicis-fiamma-pro-c,Fiamma,en,ES
Calzos Fiamma Kit Level Up Premium,15942015,https://evacaravan.com/fr-fr/products/calzos-fiamma-kit-level-up-premium,Fiamma,fr,FR
"AL-KO - Roue de support de remorque standard 48 mm, incluant support",20531810_1222433,https://evacaravan.com/fr-fr/collections/remolque-chasis-nivelacion/products/rueda-soporte-remolque-48mm-con-abrazadera,AL-KO,fr,FR
AL-KO Octagon Blue – Stoßdämpfer (bis 1350 kg),17502758232946054590,https://evacaravan.com/de-at/products/al-ko-octagon-blue-stossdaempfer-bis-1350-kg,AL-KO,de,AT
DCU-Wechselrichter 12V Modifizierte Welle 1000W,4600730925227720728,https://evacaravan.com/de-at/products/dcu-12v-modifizierter-wellen-wechselrichter-1000-w,DCU Tecnologic,de,AT
Victron Energy 800VA 12V: Inversor de Onda Sinusoidal,shopify_ES_9933642891606_51748639572310,https://evacaravan.com/products/victron-energy-800va-12-voltios-230v-ca-inversor-de-onda-sinusoidal-pura-schuko?variant=51748639572310&country=ES&currency=EUR&utm_medium=product_sync&utm_source=google&utm_content=sag_organic&utm_campaign=sag_organic,Victron Energy,es,ES
Hotte Aspirante Baraldi 12V Spéciale Campers Noir,4021570749096348077,https://evacaravan.com/fr-be/products/campana-extractora-baraldi-12v-especial-campers-negro,Baraldi,fr,BE
DCU Inverter 12V Pure Wave 3000w,dcu3000pu,https://evacaravan.com/en/products/inverter-12v-pure-sine-wave-3000w,DCU Tecnologic,en,ES
AL-KO Octagon Green – Stoßdämpfer für Anhänger (900 kg),7135441573560922231,https://evacaravan.com/de-at/products/al-ko-octagon-green-stossdaempfer-fuer-anhaenger-900-kg,AL-KO,de,AT
Porte-vélos Autocaravane Fiamma Carry-Bike PRO M,15936522,https://evacaravan.com/fr-fr/products/portabicis-fiamma-pro-m,Fiamma,fr,FR
Visio Evo VechLine Safety Rearview Camera,15936311,https://evacaravan.com/en/products/reversing-camera-visio-evo-vechline,Vechline,en,ES
DCU12V Modifizierter Wellen-Wechselrichter 300 W,dcu300mo,https://evacaravan.com/de/products/dcu-12v-modifizierter-wellen-wechselrichter-300-w,DCU Tecnologic,de,DE
Base Pivotante Fiat Ducato 2006 Conducteur,7964493986493791875,https://evacaravan.com/fr-be/products/plaque-pivotante-fiat-ducato-2006-conducteur,Nuova Mapa,fr,BE
Indicador de gas GASLOCK GASLEVEL para bombonas GLP,shopify_ES_9223384826198_48995159966038,https://evacaravan.com/products/gaslock-indicador-gas?variant=48995159966038&country=ES&currency=EUR&utm_medium=product_sync&utm_source=google&utm_content=sag_organic&utm_campaign=sag_organic,Gaslock,es,ES
Campana Extractora 12V Baraldi Inox Camper | Eva Caravan,shopify_ES_7520462405794_42212571709602,https://evacaravan.com/products/campana-extractora-baraldi-12v-especial-campers-inox?variant=42212571709602&country=ES&currency=EUR&utm_medium=product_sync&utm_source=google&utm_content=sag_organic&utm_campaign=sag_organic,,es,ES
Réfrigérateur Thetford T1152,1860705709920008071,https://evacaravan.com/fr-be/products/frigorifico-thetford-t2152?_fid=8ee10667b&_pos=1&_ss=c,Thetford,fr,BE
Panneau Porte-Vélos Plastique Fiamma,919740,https://evacaravan.com/fr-fr/products/panel-senal-portabicicletas-fiamma,Fiamma,fr,FR
"Televisor Seeview LED HD 18,5"" 12V para Caravana y Camper",shopify_ES_7527055327394_42230533816482,https://evacaravan.com/products/tv-ledhd-seeview-18-5?variant=42230533816482&country=ES&currency=EUR&utm_medium=product_sync&utm_source=google&utm_content=sag_organic&utm_campaign=sag_organic,Seeview,es,ES
Truma Abgaskaminkappe für AK-3 und AK-5,910636,https://evacaravan.com/de/products/tapa-chimenea-truma-ak3-ak5-caravanas,Truma,de,ES
Indicateur de gaz GASLOCK,11010225231727754212,https://evacaravan.com/fr/products/gaslock-indicador-gas,Gaslock,fr,ES
Cocina Smev 958 blanca | Placa de gas para caravanas,shopify_ES_10146165555542_52434672943446,https://evacaravan.com/products/cocina-smev-958-blanca?variant=52434672943446&country=ES&currency=EUR&utm_medium=product_sync&utm_source=google&utm_content=sag_organic&utm_campaign=sag_organic,Dometic,es,ES
Fiamma Pro C Wohnmobil-Fahrradträger,10550301678068702025,https://evacaravan.com/de-at/products/portabicis-fiamma-pro-c?_fid=4e3eedc02&_pos=2&_ss=c,Fiamma,de,AT
Baraldi 12V Negro | Campana Extractora para Camper,shopify_ES_7545682919586_42282561372322,https://evacaravan.com/products/campana-extractora-baraldi-12v-especial-campers-negro?variant=42282561372322&country=ES&currency=EUR&utm_medium=product_sync&utm_source=google&utm_content=sag_organic&utm_campaign=sag_organic,Baraldi,es,ES
Milenco Antirrobo Estabilizador AKS 3004 reforzado,shopify_ES_9223522156886_48995518120278,https://evacaravan.com/products/milenco-antirrobo-estabilizador-als-3004?variant=48995518120278&country=ES&currency=EUR&utm_medium=product_sync&utm_source=google&utm_content=sag_organic&utm_campaign=sag_organic,,es,ES
Fiamma Bike Block Pro 3 Fahrradschlosssystem,15939311,https://evacaravan.com/de-de/collections/acampada-exteriores/products/sistema-de-blocaje-bicicletas-fiamma-bike-block-pro-3,Fiamma,de,DE
AL-KO Octagon Blue – Stoßdämpfer (bis 1350 kg),15938538,https://evacaravan.com/de/products/al-ko-octagon-blue-stossdaempfer-bis-1350-kg,AL-KO,de,ES
AL-KO Octagon Negro | Amortiguador Caravana 4000kg,shopify_ES_9223616102742_48995869557078,https://evacaravan.com/products/amortiguador-al-ko-octagon-negro?variant=48995869557078&country=ES&currency=EUR&utm_medium=product_sync&utm_source=google&utm_content=sag_organic&utm_campaign=sag_organic,AL-KO,es,ES
AL-KO Octagon Rouge – Amortisseur pour Remorque et Caravane (jusqu'à 1800 kg) - 2 Pcs.,10322636906290520044,https://evacaravan.com/fr/products/amortiguador-al-ko-octagon-rojo?variant=48995865690454,AL-KO,fr,ES
Porte-vélos Autocaravane Fiamma Carry-Bike PRO M,7017627108052358535,https://evacaravan.com/fr-be/products/portabicis-fiamma-pro-m,Fiamma,fr,BE
Amortiguador AL-KO Octagon Azul para Remolques Estables,shopify_ES_9223614366038_48995863167318,https://evacaravan.com/products/amortiguador-al-ko-octagon-azul?variant=48995863167318&country=ES&currency=EUR&utm_medium=product_sync&utm_source=google&utm_content=sag_organic&utm_campaign=sag_organic,AL-KO,es,ES
Alfombra de Avancé Brunner Kinetic Veranda 600 – 250x300 cm,shopify_ES_9934195622230_51750632849750,https://evacaravan.com/products/alfombra-avance-brunner-kinetic-veranda-600-250x300?variant=51750632849750&country=ES&currency=EUR&utm_medium=product_sync&utm_source=google&utm_content=sag_organic&utm_campaign=sag_organic,Brunner,es,ES
Cerradura antirrobo Meroni UFO3 Smart Duo para furgoneta,shopify_ES_9224578138454_49000950694230,https://evacaravan.com/products/meroni-ufo3-smart-duo-negro-x1?variant=49000950694230&country=ES&currency=EUR&utm_medium=product_sync&utm_source=google&utm_content=sag_organic&utm_campaign=sag_organic,MERONI,es,ES
Milenco Antirrobo Estabilizador AKS 3004 reforzado,shopify_ES_9223522156886_48995518120278,https://evacaravan.com/products/milenco-antirrobo-estabilizador-als-3004?variant=48995518120278&country=ES&currency=EUR&utm_medium=product_sync&utm_source=google&utm_content=sag_organic&utm_campaign=sag_organic,Milenco,es,ES
Thetford T1152 | Frigorífico 150L para Autocaravana,shopify_ES_7719981547682_42794085679266,https://evacaravan.com/products/frigorifico-thetford-t2152?variant=42794085679266&country=ES&currency=EUR&utm_medium=product_sync&utm_source=google&utm_content=sag_organic&utm_campaign=sag_organic,,es,ES
Portabicis Autocaravana Fiamma Carry-Bike PRO | 2-4 Bicis,shopify_ES_7516273836194_42203420754082,https://evacaravan.com/products/portabicis-fiamma-pro?variant=42203420754082&country=ES&currency=EUR&utm_medium=product_sync&utm_source=google&utm_content=sag_organic&utm_campaign=sag_organic,,es,ES
Fiamma Pro C Wohnmobil-Fahrradträger,7017627108052358535,https://evacaravan.com/de-at/products/portabicis-fiamma-pro-m?_fid=a40bd8562&_pos=48&_ss=c,Fiamma,de,AT
"AL-KO – Standard-Anhängerstützrad 48 mm, inklusive Klemme",20531810_1222433,https://evacaravan.com/de/products/al-ko-standard-anhaengerstuetzrad-48-mm-inklusive-klemme,AL-KO,de,DE
AL-KO Octagon Blue – Shock Absorber (up to 1350 kg),15938538,https://evacaravan.com/en/products/al-ko-octagon-blue-shock-absorber,AL-KO,en,ES
Fiamma Carry-Bike PRO CN | Portabicis para Autocaravana,shopify_ES_7516317188258_42203475607714,https://evacaravan.com/products/portabicis-fiamma-pro-c?variant=42203475607714&country=ES&currency=EUR&utm_medium=product_sync&utm_source=google&utm_content=sag_organic&utm_campaign=sag_organic,Fiamma,es,ES
Cocina SMEV 913 INOX | 3 fuegos para caravanas,shopify_ES_10146172043606_52434703909206,https://evacaravan.com/products/cocina-913-smev-3-fuegos-inox?variant=52434703909206&country=ES&currency=EUR&utm_medium=product_sync&utm_source=google&utm_content=sag_organic&utm_campaign=sag_organic,,es,ES
Fiamma Aluminium-Fahrradständer-Schild,2563387956932727666,https://evacaravan.com/de-at/collections/acampada-exteriores/products/senal-portabicicletas-aluminio-fiamma,Fiamma,de,AT
Fiamma Bike Block Pro 2 | Blocaje para Portabicis,shopify_ES_7528345796770_42234252558498,https://evacaravan.com/products/bike-block-pro-2?variant=42234252558498&country=ES&currency=EUR&utm_medium=product_sync&utm_source=google&utm_content=sag_organic&utm_campaign=sag_organic,,es,ES
Meroni UFO3 SMART DUO Noir x1,806379790803184231,https://evacaravan.com/fr-be/products/meroni-ufo3-smart-duo-negro-x1,MERONI,fr,BE
Schwenkfuß Fiat Ducato 2006 Fahrer,932685,https://evacaravan.com/de/products/schwenkfuss-fiat-ducato-2006-fahrer?variant=42203103428770,Nuova Mapa,de,DE
Fiamma Bike Block Pro 3 | Blocaje para Portabicis,shopify_ES_7528350449826_42234261799074,https://evacaravan.com/products/sistema-de-blocaje-bicicletas-fiamma-bike-block-pro-3?variant=42234261799074&country=ES&currency=EUR&utm_medium=product_sync&utm_source=google&utm_content=sag_organic&utm_campaign=sag_organic,,es,ES
Antenne TV terrestre Omnidirectionnelle Wing Teleco,16464536554599437176,https://evacaravan.com/fr-be/collections/productos-teleco/products/antena-tv-terrestre-omnidireccional-wing-teleco?_pos=5&_fid=4e964923e&_ss=c,Teleco,fr,BE
Rueda AL-KO de soporte de remolque 48 mm con abrazadera,shopify_ES_9934158201174_51750476513622,https://evacaravan.com/products/rueda-soporte-remolque-48mm-con-abrazadera?variant=51750476513622&country=ES&currency=EUR&utm_medium=product_sync&utm_source=google&utm_content=sag_organic&utm_campaign=sag_organic,AL-KO,es,ES
Thetford Porta Potti Qube 165 | Inodoro Portátil,shopify_ES_9230534279510_49023450317142,https://evacaravan.com/products/thetford-porta-potti-qube-165?variant=49023450317142&country=ES&currency=EUR&utm_medium=product_sync&utm_source=google&utm_content=sag_organic&utm_campaign=sag_organic,Thetford,es,ES
Milenco AKS 3004 Anti-Theft Stabilizer,2004,https://evacaravan.com/en-eu/products/milenco-als-3004-stabilizer-anti-theft-lock,Milenco,en,ES
"Televisor Seeview LED HD 18,5"" 12V para Caravana y Camper",shopify_ES_7527055327394_42230533816482,https://evacaravan.com/products/tv-ledhd-seeview-18-5?variant=42230533816482&country=ES&currency=EUR&utm_medium=product_sync&utm_source=google&utm_content=sag_organic&utm_campaign=sag_organic,,es,ES
AL-KO Octagon Red – Stoßdämpfer für Anhänger und Wohnwagen (bis 1800 kg),15938539,https://evacaravan.com/de/products/al-ko-octagon-red-stossdaempfer-fuer-anhaenger-und-wohnwagen-bis-1800-kg,AL-KO,de,DE
Victron SmartShunt 500A | Monitor Batería BT,shopify_ES_9933658882390_51748663853398,https://evacaravan.com/products/victron-energy-smartshunt-500a-monitor-bateria-bluetooth?variant=51748663853398&country=ES&currency=EUR&utm_medium=product_sync&utm_source=google&utm_content=sag_organic&utm_campaign=sag_organic,Victron Energy,es,ES
Truma Abgaskaminkappe für AK-3 und AK-5,910636,https://evacaravan.com/de-de/products/tapa-chimenea-truma-ak3-ak5-caravanas,Truma,de,DE
Reich Tandem 19L | Bomba Agua Sumergible 12V,shopify_ES_9230525170006_49023407194454,https://evacaravan.com/products/reich-tandem-19-litros?variant=49023407194454&country=ES&currency=EUR&utm_medium=product_sync&utm_source=google&utm_content=sag_organic&utm_campaign=sag_organic,,es,ES
Dometic Aireador GY20: Solución Silenciosa de Ventilación,shopify_ES_9224977744214_49001960898902,https://evacaravan.com/products/dometic-aireador-gy20?variant=49001960898902&country=ES&currency=EUR&utm_medium=product_sync&utm_source=google&utm_content=sag_organic&utm_campaign=sag_organic,Dometic,es,ES
Victron Energy 800VA 12V: Inversor de Onda Sinusoidal,shopify_ES_9933642891606_51748639572310,https://evacaravan.com/products/victron-energy-800va-12-voltios-230v-ca-inversor-de-onda-sinusoidal-pura-schuko?variant=51748639572310&country=ES&currency=EUR&utm_medium=product_sync&utm_source=google&utm_content=sag_organic&utm_campaign=sag_organic,,es,ES
AL-KO Octagon Green – Trailer Shock Absorber (900 kg),15938537,https://evacaravan.com/en/products/al-ko-octagon-green-shock-absorber,AL-KO,en,ES
Hotte Aspirante 12V Baraldi Inox - Silencieuse et Compacte pour Camper et Caravane,17537316101568871496,https://evacaravan.com/fr/products/campana-extractora-baraldi-12v-especial-campers-inox?_fid=fd0742daa&_pos=55&_ss=c,Baraldi,fr,ES
Base Giratoria Fiat Ducato 2006 Conductor,shopify_ES_7516078932130_42203103428770,https://evacaravan.com/products/base-giratoria-fiat-ducato-2006-conductor?variant=42203103428770&country=ES&currency=EUR&utm_medium=product_sync&utm_source=google&utm_content=sag_organic&utm_campaign=sag_organic,Nuova Mapa,es,ES
Onduleur DCU 12V Onde Modifiée 1000w,1660658886940170367,https://evacaravan.com/fr-be/collections/electricidad-energia-inversores/products/inversor-12v-onda-modificada-1000w?_pos=3&_fid=7a57e9349&_ss=c,DCU Tecnologic,fr,BE
Teleco Wing | Antena TV Omnidireccional Terrestre,shopify_ES_9940866564438_51769094275414,https://evacaravan.com/products/antena-tv-terrestre-omnidireccional-wing-teleco?variant=51769094275414&country=ES&currency=EUR&utm_medium=product_sync&utm_source=google&utm_content=sag_organic&utm_campaign=sag_organic,Teleco,es,ES
Amortiguador AL-KO Octagon Rojo: Conducción Suave y Segura,shopify_ES_9223615119702_48995865690454,https://evacaravan.com/products/amortiguador-al-ko-octagon-rojo?variant=48995865690454&country=ES&currency=EUR&utm_medium=product_sync&utm_source=google&utm_content=sag_organic&utm_campaign=sag_organic,,es,ES
Victron Energy SmartShunt 500 Amp Battery Monitor (Bluetooth),nt-1308,https://evacaravan.com/en/products/victron-energy-smartshunt-500a-battery-monitor-bluetooth,Victron Energy,en,ES
Cocina Smev 958 blanca | Placa de gas para caravanas,shopify_ES_10146165555542_52434672943446,https://evacaravan.com/products/cocina-smev-958-blanca?variant=52434672943446&country=ES&currency=EUR&utm_medium=product_sync&utm_source=google&utm_content=sag_organic&utm_campaign=sag_organic,,es,ES
Thetford T1090 90L Kompressorkühlschrank,t1090,https://evacaravan.com/de/products/thetford-t1090-90l-kompressorkuehlschrank,Thetford,de,ES
Dometic HSG 3436 | Combinado 3 quemadores con fregadero,shopify_ES_10146125218134_52434394054998,https://evacaravan.com/products/dometic-combinado-3-quemadores-fregadero-hsg-3436?variant=52434394054998&country=ES&currency=EUR&utm_medium=product_sync&utm_source=google&utm_content=sag_organic&utm_campaign=sag_organic,,es,ES
Fiamma Pro C Wohnmobil-Fahrradträger,15936522,https://evacaravan.com/de/products/portabicis-fiamma-pro-m,Fiamma,de,ES
Réfrigérateur Compresseur Thetford T1090 de 90 L,t1090,https://evacaravan.com/fr-fr/products/nevera-compresor-thetford-t1090-de-90-l,Thetford,fr,FR
"Hitachi Smart TV 24"" Full HD Wi-Fi para Caravana",shopify_ES_7527112573090_42230624944290,https://evacaravan.com/products/smart-tv-hitachi-21-5-wi-fi-full-hd?variant=42230624944290&country=ES&currency=EUR&utm_medium=product_sync&utm_source=google&utm_content=sag_organic&utm_campaign=sag_organic,Hitachi,es,ES
Thetford Porta Potti Qube 165 | Inodoro Portátil,shopify_ES_9230534279510_49023450317142,https://evacaravan.com/products/thetford-porta-potti-qube-165?variant=49023450317142&country=ES&currency=EUR&utm_medium=product_sync&utm_source=google&utm_content=sag_organic&utm_campaign=sag_organic,,es,ES
Fiamma Bike Block Pro 2 | Blocaje para Portabicis,shopify_ES_7528345796770_42234252558498,https://evacaravan.com/products/bike-block-pro-2?variant=42234252558498&country=ES&currency=EUR&utm_medium=product_sync&utm_source=google&utm_content=sag_organic&utm_campaign=sag_organic,Fiamma,es,ES
Victron Energy SmartShunt 500 Amp Batteriemonitor (Bluetooth),nt-1308,https://evacaravan.com/de/products/victron-energy-smartshunt-500a-batteriemonitor-bluetooth,Victron Energy,de,ES
Wing Teleco Omnidirectional Terrestrial TV Antenna,928438,https://evacaravan.com/en/products/omnidirectional-terrestrial-tv-antenna-wing-teleco,Teleco,en,ES
Réfrigérateur Compresseur Thetford T1090 de 90 L,4247400943981691615,https://evacaravan.com/fr-be/products/nevera-compresor-thetford-t1090-de-90-l,Thetford,fr,BE
Teleco Wing | Antena TV Omnidireccional Terrestre,shopify_ES_9940866564438_51769094275414,https://evacaravan.com/products/antena-tv-terrestre-omnidireccional-wing-teleco?variant=51769094275414&country=ES&currency=EUR&utm_medium=product_sync&utm_source=google&utm_content=sag_organic&utm_campaign=sag_organic,,es,ES
Indicateur de gaz GASLOCK,15938458,https://evacaravan.com/fr-fr/products/gaslock-indicador-gas,Gaslock,fr,FR
Thetford T1090 90L Compressor Refrigerator,t1090,https://evacaravan.com/en-eu/products/thetford-t1090-compressor-fridge-90-l,Thetford,en,ES
Fiat Ducato 2006 Beifahrer-Drehbasis,13173877703965172397,https://evacaravan.com/de-at/products/drehbasis-fiat-ducato-2006-beifahrer,Nuova Mapa,de,AT
AL-KO Octagon Black – Shock Absorber for Trailer and Caravan (up to 4000 kg),15938540,https://evacaravan.com/en-eu/products/al-ko-octagon-black-shock-absorber,AL-KO,en,ES
Portabicis Autocaravana Fiamma Carry-Bike PRO | 2-4 Bicis,shopify_ES_7516273836194_42203420754082,https://evacaravan.com/products/portabicis-fiamma-pro?variant=42203420754082&country=ES&currency=EUR&utm_medium=product_sync&utm_source=google&utm_content=sag_organic&utm_campaign=sag_organic,Fiamma,es,ES
DCU12V Modified Wave Inverter 300w,dcu300mo,https://evacaravan.com/en/products/inverter-12v-modified-sine-wave-300w,DCU Tecnologic,en,ES
Fiamma Pro Motorhome Bike Rack,919556,https://evacaravan.com/en-eu/products/portabicis-fiamma-pro,Fiamma,en,ES
Porte-vélos Camping-car Fiamma Carry-Bike PRO,4364109956677671990,https://evacaravan.com/fr/products/portabicis-fiamma-pro?_fid=aebb70633&_pos=46&_ss=c,Fiamma,fr,ES
Nevera compresor Thetford T1090 con 90 Litros de Capacidad,shopify_ES_9959617069398_51841171521878,https://evacaravan.com/products/nevera-compresor-thetford-t1090-de-90-l?variant=51841171521878&country=ES&currency=EUR&utm_medium=product_sync&utm_source=google&utm_content=sag_organic&utm_campaign=sag_organic,Thetford,es,ES
DUCASA EL-LC 1000W – Convecteur Mural Électronique Numérique (1000 W),15440765887261718216,https://evacaravan.com/fr-be/products/ducasa-el-lc-1000w-convector-mural-electronico,DUCASA,fr,BE
Système de blocage vélos Fiamma Bike Block Pro 3,14409336172867874459,https://evacaravan.com/fr/collections/fundas-portabicicletas/products/sistema-de-blocaje-bicicletas-fiamma-bike-block-pro-3,Fiamma,fr,ES
Fiamma Kit Level Up Premium Chocks,15942015,https://evacaravan.com/en/products/fiamma-level-up-premium-kit-chocks?_fid=fa8dacffe&_pos=7&_ss=c,Fiamma,en,ES
CTEK PRO25S 12V 25A – Cargador Profesional y Fuente,shopify_ES_9230551548246_49023491113302,https://evacaravan.com/products/cargador-bateria-ctek-pro-25s?variant=49023491113302&country=ES&currency=EUR&utm_medium=product_sync&utm_source=google&utm_content=sag_organic&utm_campaign=sag_organic,,es,ES
Onduleur DCU 12V Onde Modifiée 300w,9766728525152829666,https://evacaravan.com/fr-be/products/inversor-12v-onda-modificada-300w,DCU Tecnologic,fr,BE
Calzos Fiamma Jumbo Level System para autocaravana,shopify_ES_9224668938582_49001219064150,https://evacaravan.com/products/calzos-fiamma-jumbo-level-system?variant=49001219064150&country=ES&currency=EUR&utm_medium=product_sync&utm_source=google&utm_content=sag_organic&utm_campaign=sag_organic,,es,ES
Truma Electric Water Heater Kit 14 L + Water Connection Set,a0004198,https://evacaravan.com/en/products/kit-truma-calentador-electrico-14-l-set-conexion-agua,Truma,en,ES
DUCASA EL-LC 1000W – Digital Electronic Wall Convector (1000 W),ducasa1000,https://evacaravan.com/en-eu/products/ducasa-el-lc-1000w-electronic-wall-convector,DUCASA,en,ES
Thetford Fresh-Up Set C500 y Depósito de Residuos,shopify_ES_7529133637794_42237271048354,https://evacaravan.com/products/thetford-fresh-up-set-c500?variant=42237271048354&country=ES&currency=EUR&utm_medium=product_sync&utm_source=google&utm_content=sag_organic&utm_campaign=sag_organic,,es,ES
Alfombra de Avancé Brunner Kinetic Veranda 600 – 250x300 cm,shopify_ES_9934195622230_51750632849750,https://evacaravan.com/products/alfombra-avance-brunner-kinetic-veranda-600-250x300?variant=51750632849750&country=ES&currency=EUR&utm_medium=product_sync&utm_source=google&utm_content=sag_organic&utm_campaign=sag_organic,,es,ES
Thetford Waschbecken-Auffrischungsset C500,15941697,https://evacaravan.com/de-de/products/thetford-waschbecken-auffrischungsset-c500,Thetford,de,DE
Fiamma Premium-Fahrradabdeckung,15934692,https://evacaravan.com/de-de/products/fiamma-bike-cover-premium-fahrradabdeckung,Fiamma,de,DE
AL-KO Octagon Black – Stoßdämpfer für Anhänger und Wohnwagen (bis 4000 kg),15938540,https://evacaravan.com/de/products/al-ko-octagon-black-stossdaempfer-fuer-anhaenger-und-wohnwagen-bis-4000-kg,AL-KO,de,DE
AL-KO Octagon Green – Stoßdämpfer für Anhänger (900 kg),15938537,https://evacaravan.com/de/products/al-ko-octagon-green-stossdaempfer-fuer-anhaenger-900-kg,AL-KO,de,DE
Visio Evo VechLine Sicherheits-Rückfahrkamera,14387698436358892066,https://evacaravan.com/de-at/products/visio-evo-vechline-sicherheits-rueckfahrkamera,Vechline,de,AT
Dometic Aireador GY20: Solución Silenciosa de Ventilación,shopify_ES_9224977744214_49001960898902,https://evacaravan.com/products/dometic-aireador-gy20?variant=49001960898902&country=ES&currency=EUR&utm_medium=product_sync&utm_source=google&utm_content=sag_organic&utm_campaign=sag_organic,,es,ES
Truma Exhaust Chimney Cap for AK-3 and AK-5,910636,https://evacaravan.com/en/products/tapa-chimenea-truma-ak3-ak5-caravanas,Truma,en,ES
"Hitachi Smart TV 24"" Full HD Wi-Fi para Caravana",shopify_ES_7527112573090_42230624944290,https://evacaravan.com/products/smart-tv-hitachi-21-5-wi-fi-full-hd?variant=42230624944290&country=ES&currency=EUR&utm_medium=product_sync&utm_source=google&utm_content=sag_organic&utm_campaign=sag_organic,,es,ES
Reich Tandem 19L | Bomba Agua Sumergible 12V,shopify_ES_9230525170006_49023407194454,https://evacaravan.com/products/reich-tandem-19-litros?variant=49023407194454&country=ES&currency=EUR&utm_medium=product_sync&utm_source=google&utm_content=sag_organic&utm_campaign=sag_organic,Reich,es,ES
Antenne TV terrestre Omnidirectionnelle Wing Teleco,928438,https://evacaravan.com/fr-fr/products/antena-tv-terrestre-omnidireccional-wing-teleco?variant=51769094275414,Teleco,fr,FR
Visio Evo VechLine Sicherheits-Rückfahrkamera,15936311,https://evacaravan.com/de/products/visio-evo-vechline-sicherheits-rueckfahrkamera,Vechline,de,DE
Inversor 12V Onda Modificada 600W para Electrodomésticos,shopify_ES_7587136110754_42384639361186,https://evacaravan.com/products/inversor-12v-onda-modificada-600w?variant=42384639361186&country=ES&currency=EUR&utm_medium=product_sync&utm_source=google&utm_content=sag_organic&utm_campaign=sag_organic,,es,ES
"Smart TV Hitachi 24"" Wi-Fi Full HD",3352541740681017548,https://evacaravan.com/fr-be/collections/tv-antenas/products/smart-tv-hitachi-21-5-wi-fi-full-hd,Hitachi,fr,BE
Chauffe-eau Électrique Truma 14L – Eau Chaude pour Caravane,10325232524118778414,https://evacaravan.com/fr-be/products/kit-truma-calentador-electrico-14-l-set-conexion-agua,Truma,fr,BE
Milenco Antivol Stabilisateur AKS 3004,5605811675056028578,https://evacaravan.com/fr/products/milenco-antirrobo-estabilizador-als-3004,Milenco,fr,ES
Fiamma Pro C Wohnmobil-Fahrradträger,15936522,https://evacaravan.com/de-de/products/portabicis-fiamma-pro-m,Fiamma,de,DE
AL-KO Octagon Vert – Amortisseur pour Remorque (900 kg) - 2 Pcs,15938537,https://evacaravan.com/fr-fr/products/amortiguador-al-ko-octagon-verde,AL-KO,fr,FR
Truma Cartouche de Remplacement pour Filtre à Gaz,15935241,https://evacaravan.com/fr-fr/products/truma-cartucho-de-repuesto-para-filtro-de-gas?variant=49024861405526,Truma,fr,FR
Victron Energy 800VA 12-Volt 230V AC Pure Sine Wave Inverter (Schuko),nt-1181,https://evacaravan.com/en-eu/products/victron-energy-800va-12-volt-230v-ac-pure-sine-wave-inverter-schuko,Victron Energy,en,ES
Housse Vélo Fiamma Bike Cover Premium,12212543157934486644,https://evacaravan.com/fr-be/products/cubrebicicletas-fiamma-bike-cover-premium,Fiamma,fr,BE
Fiamma Kit Level Up Premium Chocks,9451094010447658815,https://evacaravan.com/de-at/products/fiamma-kit-level-up-premium-keile,Fiamma,de,AT
Base Giratoria Fiat Ducato 2006 Pasajero,shopify_ES_7522215395490_42216558657698,https://evacaravan.com/products/base-giratoria-fiat-ducato-2006-pasajero?variant=42216558657698&country=ES&currency=EUR&utm_medium=product_sync&utm_source=google&utm_content=sag_organic&utm_campaign=sag_organic,,es,ES
Truma Calentador Eléctrico 14L | Agua Caliente Caravana,shopify_ES_9942124691798_51774468063574,https://evacaravan.com/products/kit-truma-calentador-electrico-14-l-set-conexion-agua?variant=51774468063574&country=ES&currency=EUR&utm_medium=product_sync&utm_source=google&utm_content=sag_organic&utm_campaign=sag_organic,,es,ES
Amortiguador AL-KO Octagon Verde: Estabilidad en el Camino,shopify_ES_9223613481302_48995856056662,https://evacaravan.com/products/amortiguador-al-ko-octagon-verde?variant=48995856056662&country=ES&currency=EUR&utm_medium=product_sync&utm_source=google&utm_content=sag_organic&utm_campaign=sag_organic,,es,ES
AL-KO Octagon Rouge – Amortisseur pour Remorque et Caravane (jusqu'à 1800 kg) - 2 Pcs.,15938539,https://evacaravan.com/fr-fr/products/amortiguador-al-ko-octagon-rojo,AL-KO,fr,FR
Fiat Ducato 2006 Beifahrer-Drehbasis,932686,https://evacaravan.com/de/products/drehbasis-fiat-ducato-2006-beifahrer,Nuova Mapa,de,DE
AL-KO Octagon Red – Shock Absorber for Trailer and Caravan (up to 1800 kg),15938539,https://evacaravan.com/en-eu/products/al-ko-octagon-red-shock-absorber,AL-KO,en,ES
AL-KO Profi 500 jockey wheel,1212382,https://evacaravan.com/en/products/jockey-wheel-al-ko-profi-500,AL-KO,en,ES
Inverseur DCU 12V Onde Pure 3000w,dcu3000pu,https://evacaravan.com/fr-fr/products/inversor-12v-onda-pura-3000w,DCU Tecnologic,fr,FR
Baraldi 12V Dunstabzugshaube aus Edelstahl – Leise und kompakt für Wohnmobile und Wohnwagen,10375188646243241886,https://evacaravan.com/de-at/products/baraldi-12v-dunstabzugshaube-aus-edelstahl-leise-und-kompakt-fuer-wohnmobile-und-wohnwagen,Baraldi,de,AT
Brunner Balmat Premium | Alfombra Tienda Campaña,shopify_ES_9934179631446_51750544802134,https://evacaravan.com/products/alfombra-tienda-campana-brunner-balmat-premium?variant=51750544802134&country=ES&currency=EUR&utm_medium=product_sync&utm_source=google&utm_content=sag_organic&utm_campaign=sag_organic,,es,ES
Fiamma Bike Block Pro 4 Fahrradschlosssystem,12812673457735741444,https://evacaravan.com/de-at/collections/productos-fiamma/products/sistema-de-blocaje-bicicletas-fiamma-bike-block-pro-4,Fiamma,de,AT
Fiamma Pro Wohnmobil-Fahrradträger,919556,https://evacaravan.com/de-de/products/portabicis-fiamma-pro,Fiamma,de,DE
Fiamma Bike Block Pro 2 Fahrradschlosssystem,7532684764507195886,https://evacaravan.com/de-at/products/bike-block-pro-2,Fiamma,de,AT
Cerradura antirrobo Meroni UFO3 Smart Duo para furgoneta,shopify_ES_9224578138454_49000950694230,https://evacaravan.com/products/meroni-ufo3-smart-duo-negro-x1?variant=49000950694230&country=ES&currency=EUR&utm_medium=product_sync&utm_source=google&utm_content=sag_organic&utm_campaign=sag_organic,,es,ES
AL-KO Octagon Noir – Amortisseur pour Remorque et Caravane (jusqu'à 4000 kg) - 2 Pcs.,4816714380296656603,https://evacaravan.com/fr-be/products/amortiguador-al-ko-octagon-negro?_fid=43b560edb&_pos=15&_ss=c,AL-KO,fr,BE
"AL-KO – Standard-Anhängerstützrad 48 mm, inklusive Klemme",17071111564160810836,https://evacaravan.com/de-at/products/al-ko-standard-anhaengerstuetzrad-48-mm-inklusive-klemme,AL-KO,de,AT
CTEK PRO25S 12V 25A – Cargador Profesional y Fuente,shopify_ES_9230551548246_49023491113302,https://evacaravan.com/products/cargador-bateria-ctek-pro-25s?variant=49023491113302&country=ES&currency=EUR&utm_medium=product_sync&utm_source=google&utm_content=sag_organic&utm_campaign=sag_organic,CTEK,es,ES
"Automatisches Stützrad – Tragfähigkeit 400 kg, 60 mm Rohr (1 Stück, Stahl)",jockey-fa860,https://evacaravan.com/de-de/products/automatisches-stuetzrad-tragfaehigkeit-400-kg-60-mm-rohr-1-stueck-stahl,AL-KO,de,DE
Fiamma Bike Block Pro 3 | Blocaje para Portabicis,shopify_ES_7528350449826_42234261799074,https://evacaravan.com/products/sistema-de-blocaje-bicicletas-fiamma-bike-block-pro-3?variant=42234261799074&country=ES&currency=EUR&utm_medium=product_sync&utm_source=google&utm_content=sag_organic&utm_campaign=sag_organic,Fiamma,es,ES
Milenco Antivol Stabilisateur AKS 3004,5605811675056028578,https://evacaravan.com/fr-be/products/milenco-antirrobo-estabilizador-als-3004,Milenco,fr,BE
DCU Inverter 12V Modified Wave 1000w,dcu1000mo,https://evacaravan.com/en-eu/products/inverter-12v-modified-sine-wave-1000w,DCU Tecnologic,en,ES
DCU12V Modified Sine Wave Inverter 600w,dcu600mo,https://evacaravan.com/en-eu/products/inverter-12v-modified-sine-wave-600w,DCU Tecnologic,en,ES
"Seeview 18,5"" LEDHD-Fernseher",tv19,https://evacaravan.com/de-de/products/tv-ledhd-seeview-18-5,Seeview,de,DE
Thetford Washbasin Kit Fresh-up Set C500,15941697,https://evacaravan.com/en/products/thetford-fresh-up-set-c500,Thetford,en,ES
Fiamma Bike Cover Premium: Protege Tu Bicicleta Fácilmente,shopify_ES_7528281899170_42234116866210,https://evacaravan.com/products/cubrebicicletas-fiamma-bike-cover-premium?variant=42234116866210&country=ES&currency=EUR&utm_medium=product_sync&utm_source=google&utm_content=sag_organic&utm_campaign=sag_organic,Fiamma,es,ES
"Seeview 21,5"" LEDHD-Fernseher",13301074097597060084,https://evacaravan.com/de-at/products/tv-ledhd-seeview-21-5,Seeview,de,AT
Fiamma Pro Wohnmobil-Fahrradträger,4364109956677671990,https://evacaravan.com/de-at/products/portabicis-fiamma-pro,Fiamma,de,AT
Victron SmartShunt 500A | Monitor Batería BT,shopify_ES_9933658882390_51748663853398,https://evacaravan.com/products/victron-energy-smartshunt-500a-monitor-bateria-bluetooth?variant=51748663853398&country=ES&currency=EUR&utm_medium=product_sync&utm_source=google&utm_content=sag_organic&utm_campaign=sag_organic,,es,ES
Thetford T1152 Refrigerator,t1152,https://evacaravan.com/en/products/frigorifico-thetford-t2152,Thetford,en,ES
Calzos Fiamma Kit Level Up Premium: 3 niveles | 17 cm,shopify_ES_9224670249302_49001227944278,https://evacaravan.com/products/calzos-fiamma-kit-level-up-premium?variant=49001227944278&country=ES&currency=EUR&utm_medium=product_sync&utm_source=google&utm_content=sag_organic&utm_campaign=sag_organic,,es,ES
Roue jockey AL-KO Profi 500,1212382,https://evacaravan.com/fr-fr/products/rueda-jockey-al-ko-profi-500,AL-KO,fr,FR
Señal Portabicicletas Fiamma 50x50 cm Panel Carga Saliente,shopify_ES_7528308736162_42234179780770,https://evacaravan.com/products/panel-senal-portabicicletas-fiamma?variant=42234179780770&country=ES&currency=EUR&utm_medium=product_sync&utm_source=google&utm_content=sag_organic&utm_campaign=sag_organic,,es,ES
Calzos Fiamma Jumbo Level System para autocaravana,shopify_ES_9224668938582_49001219064150,https://evacaravan.com/products/calzos-fiamma-jumbo-level-system?variant=49001219064150&country=ES&currency=EUR&utm_medium=product_sync&utm_source=google&utm_content=sag_organic&utm_campaign=sag_organic,Fiamma,es,ES
Dometic HSG 3436 | Combinado 3 quemadores con fregadero,shopify_ES_10146125218134_52434394054998,https://evacaravan.com/products/dometic-combinado-3-quemadores-fregadero-hsg-3436?variant=52434394054998&country=ES&currency=EUR&utm_medium=product_sync&utm_source=google&utm_content=sag_organic&utm_campaign=sag_organic,Dometic,es,ES
Thetford Waschbecken-Auffrischungsset C500,386185639700241232,https://evacaravan.com/de-at/products/thetford-waschbecken-auffrischungsset-c500,Thetford,de,AT
Porte-vélos Autocaravane Fiamma Carry-Bike PRO C N,10550301678068702025,https://evacaravan.com/fr/products/portabicis-fiamma-pro-c?_fid=aebb70633&_pos=47&_ss=c,Fiamma,fr,ES
DCU-Wechselrichter 12V Modifizierte Welle 1000W,dcu1000mo,https://evacaravan.com/de/products/dcu-12v-modifizierter-wellen-wechselrichter-1000-w,DCU Tecnologic,de,DE
"Stanline 15,6"" LEDHD-Fernseher",tv15,https://evacaravan.com/de/collections/tv-antenas/products/tv-ledhd-stanline-15-6,Stanline,de,ES
"Televisor Seeview LED HD 21,5"" 12V Full HD para Caravana",shopify_ES_7527084884130_42230579757218,https://evacaravan.com/products/tv-ledhd-seeview-21-5?variant=42230579757218&country=ES&currency=EUR&utm_medium=product_sync&utm_source=google&utm_content=sag_organic&utm_campaign=sag_organic,,es,ES
Brunner Balmat Premium Zeltmatte,9065644657156327739,https://evacaravan.com/de-at/products/brunner-balmat-premium-zeltmatte,Brunner,de,AT
AL-KO Octagon Black – Stoßdämpfer für Anhänger und Wohnwagen (bis 4000 kg),6420130042218499615,https://evacaravan.com/de-at/products/al-ko-octagon-black-stossdaempfer-fuer-anhaenger-und-wohnwagen-bis-4000-kg,AL-KO,de,AT
Système de blocage vélos Fiamma Bike Block Pro 4,15939312,https://evacaravan.com/fr/products/sistema-de-blocaje-bicicletas-fiamma-bike-block-pro-4,Fiamma,fr,FR
Tapa chimenea Truma AK-3 y AK-5 para caravanas – prot,shopify_ES_9054475583830_48522609525078,https://evacaravan.com/products/tapa-chimenea-truma-ak3-ak5-caravanas?variant=48522609525078&country=ES&currency=EUR&utm_medium=product_sync&utm_source=google&utm_content=sag_organic&utm_campaign=sag_organic,Truma,es,ES
Hotte Aspirante Baraldi 12V Spéciale Campers Noir,4021570749096348077,https://evacaravan.com/fr/products/campana-extractora-baraldi-12v-especial-campers-negro,Baraldi,fr,ES
Victron Energy 800VA 12-Volts 230V CA Onduleur Sinusoïdal Pur (Schuko),nt-1181,https://evacaravan.com/fr-fr/collections/electricidad-energia/products/victron-energy-800va-12-voltios-230v-ca-inversor-de-onda-sinusoidal-pura-schuko,Victron Energy,fr,FR
Campana Extractora 12V Baraldi Inox Camper | Eva Caravan,shopify_ES_7520462405794_42212571709602,https://evacaravan.com/products/campana-extractora-baraldi-12v-especial-campers-inox?variant=42212571709602&country=ES&currency=EUR&utm_medium=product_sync&utm_source=google&utm_content=sag_organic&utm_campaign=sag_organic,Baraldi,es,ES
Inversor 12V Onda Pura 3000W y Carga USB 2A,shopify_ES_7550919213218_42294834397346,https://evacaravan.com/products/inversor-12v-onda-pura-3000w?variant=42294834397346&country=ES&currency=EUR&utm_medium=product_sync&utm_source=google&utm_content=sag_organic&utm_campaign=sag_organic,,es,ES
Avancé Rug BRUNNER Kinetic Veranda 600 – 250 x 300 cm,br0201106n_c59,https://evacaravan.com/en-eu/products/brunner-kinetic-veranda-600-250x300-awning-carpet,Brunner,en,ES
DCU12V Modifizierter Sinus-Wechselrichter 600 W,569227596713369960,https://evacaravan.com/de-at/products/dcu-12v-modifizierter-wellen-wechselrichter-600-w,DCU Tecnologic,de,AT
Amortiguador AL-KO Octagon Verde: Estabilidad en el Camino,shopify_ES_9223613481302_48995856056662,https://evacaravan.com/products/amortiguador-al-ko-octagon-verde?variant=48995856056662&country=ES&currency=EUR&utm_medium=product_sync&utm_source=google&utm_content=sag_organic&utm_campaign=sag_organic,AL-KO,es,ES
Chargeur Batterie CTEK PRO 25S,15945624,https://evacaravan.com/fr-fr/products/cargador-bateria-ctek-pro-25s,CTEK,fr,FR
Fiamma Bike Block Pro 2 Fahrradschlosssystem,15939310,https://evacaravan.com/de/collections/productos-fiamma/products/bike-block-pro-2?_pos=40&_fid=886064376&_ss=c,Fiamma,de,ES
Señal Portabicicletas Fiamma 50x50 cm Panel Carga Saliente,shopify_ES_7528319877282_42234200948898,https://evacaravan.com/products/senal-portabicicletas-aluminio-fiamma?variant=42234200948898&country=ES&currency=EUR&utm_medium=product_sync&utm_source=google&utm_content=sag_organic&utm_campaign=sag_organic,Fiamma,es,ES
Fiamma Aluminium-Fahrradständer-Schild,922674,https://evacaravan.com/de-de/products/senal-portabicicletas-aluminio-fiamma,Fiamma,de,DE
Fiamma Carry-Bike PRO M | Portabicis para Autocaravana,shopify_ES_7516306079906_42203462205602,https://evacaravan.com/products/portabicis-fiamma-pro-m?variant=42203462205602&country=ES&currency=EUR&utm_medium=product_sync&utm_source=google&utm_content=sag_organic&utm_campaign=sag_organic,,es,ES
Amortiguador AL-KO Octagon Rojo: Conducción Suave y Segura,shopify_ES_9223615119702_48995865690454,https://evacaravan.com/products/amortiguador-al-ko-octagon-rojo?variant=48995865690454&country=ES&currency=EUR&utm_medium=product_sync&utm_source=google&utm_content=sag_organic&utm_campaign=sag_organic,AL-KO,es,ES
Fiamma Kunststoff-Fahrradständer-Schild,3863230603196144575,https://evacaravan.com/de-at/collections/acampada-exteriores/products/panel-senal-portabicicletas-fiamma?_pos=7&_fid=2491fca8a&_ss=c,Fiamma,de,AT
Caméra de recul Visio Evo VechLine,15936311,https://evacaravan.com/fr-fr/products/retrocamara-visio-evo-vechline,Vechline,fr,FR
Fiamma Bike Cover Premium: Protege Tu Bicicleta Fácilmente,shopify_ES_7528281899170_42234116866210,https://evacaravan.com/products/cubrebicicletas-fiamma-bike-cover-premium?variant=42234116866210&country=ES&currency=EUR&utm_medium=product_sync&utm_source=google&utm_content=sag_organic&utm_campaign=sag_organic,,es,ES
AL-KO Octagon Noir – Amortisseur pour Remorque et Caravane (jusqu'à 4000 kg) - 2 Pcs.,15938540,https://evacaravan.com/fr-fr/collections/remolque-chasis-nivelacion/products/amortiguador-al-ko-octagon-negro,AL-KO,fr,FR
Truma Calentador Eléctrico 14L | Agua Caliente Caravana,shopify_ES_9942124691798_51774468063574,https://evacaravan.com/products/kit-truma-calentador-electrico-14-l-set-conexion-agua?variant=51774468063574&country=ES&currency=EUR&utm_medium=product_sync&utm_source=google&utm_content=sag_organic&utm_campaign=sag_organic,Truma,es,ES
Fiat Ducato 2006 Swivel Base Driver,932685,https://evacaravan.com/en/products/swivel-base-fiat-ducato-2006-driver,Nuova Mapa,en,ES
Thetford T1152 | Frigorífico 150L para Autocaravana,shopify_ES_7719981547682_42794085679266,https://evacaravan.com/products/frigorifico-thetford-t2152?variant=42794085679266&country=ES&currency=EUR&utm_medium=product_sync&utm_source=google&utm_content=sag_organic&utm_campaign=sag_organic,Thetford,es,ES
Thetford Waschbecken-Auffrischungsset C500,15941697,https://evacaravan.com/de/products/thetford-waschbecken-auffrischungsset-c500,Thetford,de,ES
Nevera compresor Thetford T1090 con 90 Litros de Capacidad,shopify_ES_9959617069398_51841171521878,https://evacaravan.com/products/nevera-compresor-thetford-t1090-de-90-l?variant=51841171521878&country=ES&currency=EUR&utm_medium=product_sync&utm_source=google&utm_content=sag_organic&utm_campaign=sag_organic,,es,ES
Baraldi 12V Special Campers Extractor Hood Black,15939712,https://evacaravan.com/en/products/range-hood-baraldi-12v-special-campers-black,Baraldi,en,ES
Base Pivotante Fiat Ducato 2006 Conducteur,932685,https://evacaravan.com/fr/products/plaque-pivotante-fiat-ducato-2006-conducteur,Nuova Mapa,fr,FR
Base Giratoria Fiat Ducato 2006 Pasajero,shopify_ES_7522215395490_42216558657698,https://evacaravan.com/products/base-giratoria-fiat-ducato-2006-pasajero?variant=42216558657698&country=ES&currency=EUR&utm_medium=product_sync&utm_source=google&utm_content=sag_organic&utm_campaign=sag_organic,Nuova Mapa,es,ES
Milenco AKS 3004 Diebstahlsicherung,2004,https://evacaravan.com/de/products/milenco-aks-3004-diebstahlsicherung,Milenco,de,DE
Rueda jockey AL-KO Profi 500: Resistencia y Estabilidad,shopify_ES_9223577862486_48995776725334,https://evacaravan.com/products/rueda-jockey-al-ko-profi-500?variant=48995776725334&country=ES&currency=EUR&utm_medium=product_sync&utm_source=google&utm_content=sag_organic&utm_campaign=sag_organic,,es,ES
Inversor 12V Onda Modificada 300W: Eficiencia y Seguridad,shopify_ES_7550943264930_42294874046626,https://evacaravan.com/products/inversor-12v-onda-modificada-300w?variant=42294874046626&country=ES&currency=EUR&utm_medium=product_sync&utm_source=google&utm_content=sag_organic&utm_campaign=sag_organic,,es,ES
Inversor 12V Onda Modificada 1000W: Potente y Eficiente,shopify_ES_7600303046818_42437120589986,https://evacaravan.com/products/inversor-12v-onda-modificada-1000w?variant=42437120589986&country=ES&currency=EUR&utm_medium=product_sync&utm_source=google&utm_content=sag_organic&utm_campaign=sag_organic,,es,ES
"Televisor Stanline LED HD 15,6"" 12V para Caravana y Camper",shopify_ES_7527022723234_42230484730018,https://evacaravan.com/products/tv-ledhd-stanline-15-6?variant=42230484730018&country=ES&currency=EUR&utm_medium=product_sync&utm_source=google&utm_content=sag_organic&utm_campaign=sag_organic,Stanline,es,ES
Rueda Jockey Automática 400 kg 60 mm para remolques,shopify_ES_9230583267670_49023552749910,https://evacaravan.com/products/rueda-jockey-automatica-400kg-60mm?variant=49023552749910&country=ES&currency=EUR&utm_medium=product_sync&utm_source=google&utm_content=sag_organic&utm_campaign=sag_organic,,es,ES
Brunner Balmat Premium Zeltmatte,br0102064n_c20,https://evacaravan.com/de-de/products/brunner-balmat-premium-zeltmatte,Brunner,de,DE
Victron Cerbo-S GX Centro de monitoreo del sistema,shopify_ES_10105231638870_52268598034774,https://evacaravan.com/products/victron-energy-cerbo-s-gx-monitoreo-del-sistema?variant=52268598034774&country=ES&currency=EUR&utm_medium=product_sync&utm_source=google&utm_content=sag_organic&utm_campaign=sag_organic,,es,ES
Brunner Balmat Premium Zeltmatte,br0102064n_c20,https://evacaravan.com/de/products/brunner-balmat-premium-zeltmatte,Brunner,de,ES
Victron Energy SmartShunt 500 Amp Batteriemonitor (Bluetooth),6799823046872119942,https://evacaravan.com/de-at/products/victron-energy-smartshunt-500a-batteriemonitor-bluetooth,Victron Energy,de,AT
Victron Energy 800VA 12-Volt 230V AC Reiner Sinus-Wechselrichter (Schuko),4832787246590779401,https://evacaravan.com/de-at/products/victron-energy-800va-12-volt-230v-ac-reiner-sinus-wechselrichter-schuko,Victron Energy,de,AT
Fiamma Kit Level Up Premium Chocks,15942015,https://evacaravan.com/de/products/fiamma-kit-level-up-premium-keile,Fiamma,de,ES
Truma Elektro-Warmwasserbereiter-Set 14 l + Wasseranschluss-Set,a0004198,https://evacaravan.com/de/products/kit-truma-calentador-electrico-14-l-set-conexion-agua,Truma,de,ES
AL-KO Octagon Red – Stoßdämpfer für Anhänger und Wohnwagen (bis 1800 kg),17064688736642630941,https://evacaravan.com/de-at/products/al-ko-octagon-red-stossdaempfer-fuer-anhaenger-und-wohnwagen-bis-1800-kg,AL-KO,de,AT
Retrocámara Visio Evo Vechline: Visión Amplia 120°,shopify_ES_9940898611542_51769193890134,https://evacaravan.com/products/retrocamara-visio-evo-vechline?variant=51769193890134&country=ES&currency=EUR&utm_medium=product_sync&utm_source=google&utm_content=sag_organic&utm_campaign=sag_organic,Vechline,es,ES
AL-KO Octagon Blue – Stoßdämpfer (bis 1350 kg),15938538,https://evacaravan.com/de-de/products/al-ko-octagon-blue-stossdaempfer-bis-1350-kg,AL-KO,de,DE
Fiamma Pro C Motorhome Bike Rack,15936522,https://evacaravan.com/en/products/portabicis-fiamma-pro-m,Fiamma,en,ES
Thetford T1090 90L Kompressorkühlschrank,5489628852951900345,https://evacaravan.com/de-at/products/thetford-t1090-90l-kompressorkuehlschrank,Thetford,de,AT
AL-KO Profi 500 Stützrad,1212382,https://evacaravan.com/de-de/products/al-ko-profi-500-stuetzrad,AL-KO,de,DE
Tapa chimenea Truma AK-3 y AK-5 para caravanas – prot,shopify_ES_9054475583830_48522609525078,https://evacaravan.com/products/tapa-chimenea-truma-ak3-ak5-caravanas?variant=48522609525078&country=ES&currency=EUR&utm_medium=product_sync&utm_source=google&utm_content=sag_organic&utm_campaign=sag_organic,,es,ES
Avance Teppich BRUNNER Kinetic Veranda 600 – 250 x 300 cm,br0201106n_c59,https://evacaravan.com/de-de/products/brunner-kinetic-veranda-600-avance-teppich-250-x-300-cm,Brunner,de,DE
Señal Portabicicletas Fiamma 50x50 cm Panel Carga Saliente,shopify_ES_7528308736162_42234179780770,https://evacaravan.com/products/panel-senal-portabicicletas-fiamma?variant=42234179780770&country=ES&currency=EUR&utm_medium=product_sync&utm_source=google&utm_content=sag_organic&utm_campaign=sag_organic,Fiamma,es,ES
Victron Energy 800VA 12-Volt 230V AC Reiner Sinus-Wechselrichter (Schuko),nt-1181,https://evacaravan.com/de/products/victron-energy-800va-12-volt-230v-ac-reiner-sinus-wechselrichter-schuko,Victron Energy,de,DE
Victron Energy SmartShunt 500 Amp Batteriemonitor (Bluetooth),nt-1308,https://evacaravan.com/de-de/products/victron-energy-smartshunt-500a-batteriemonitor-bluetooth,Victron Energy,de,DE
Fiamma Carry-Bike PRO CN | Portabicis para Autocaravana,shopify_ES_7516317188258_42203475607714,https://evacaravan.com/products/portabicis-fiamma-pro-c?variant=42203475607714&country=ES&currency=EUR&utm_medium=product_sync&utm_source=google&utm_content=sag_organic&utm_campaign=sag_organic,,es,ES
Onduleur DCU12V Onde Modifiée 600w,dcu600mo,https://evacaravan.com/fr-fr/products/inversor-12v-onda-modificada-600w,DCU Tecnologic,fr,FR
Onduleur DCU 12V Onde Modifiée 300w,dcu300mo,https://evacaravan.com/fr-fr/products/inversor-12v-onda-modificada-300w,DCU Tecnologic,fr,FR
Wing Teleco Rundstrahl-Terrestrische TV-Antenne,928438,https://evacaravan.com/de/products/wing-teleco-rundstrahl-terrestrische-tv-antenne,Teleco,de,DE
Ducasa EL-LC 1000W: Calor Eficiente y Rápido,shopify_ES_9927327547734_51722389946710,https://evacaravan.com/products/ducasa-el-lc-1000w-convector-mural-electronico?variant=51722389946710&country=ES&currency=EUR&utm_medium=product_sync&utm_source=google&utm_content=sag_organic&utm_campaign=sag_organic,,es,ES
Baraldi 12V Negro | Campana Extractora para Camper,shopify_ES_7545682919586_42282561372322,https://evacaravan.com/products/campana-extractora-baraldi-12v-especial-campers-negro?variant=42282561372322&country=ES&currency=EUR&utm_medium=product_sync&utm_source=google&utm_content=sag_organic&utm_campaign=sag_organic,,es,ES
Señal Portabicicletas Fiamma 50x50 cm Panel Carga Saliente,shopify_ES_7528319877282_42234200948898,https://evacaravan.com/products/senal-portabicicletas-aluminio-fiamma?variant=42234200948898&country=ES&currency=EUR&utm_medium=product_sync&utm_source=google&utm_content=sag_organic&utm_campaign=sag_organic,,es,ES
DUCASA EL-LC 1000W – Digitaler elektronischer Wandkonvektor (1000 W),ducasa1000,https://evacaravan.com/de/products/ducasa-el-lc-1000w-convector-mural-electronico,DUCASA,de,ES
Fiamma Bike Block Pro 4 | Blocaje para Portabicis,shopify_ES_7528354283682_42234268909730,https://evacaravan.com/products/sistema-de-blocaje-bicicletas-fiamma-bike-block-pro-4?variant=42234268909730&country=ES&currency=EUR&utm_medium=product_sync&utm_source=google&utm_content=sag_organic&utm_campaign=sag_organic,,es,ES
Inversor 12V Onda Pura 3000W y Carga USB 2A,shopify_ES_7550919213218_42294834397346,https://evacaravan.com/products/inversor-12v-onda-pura-3000w?variant=42294834397346&country=ES&currency=EUR&utm_medium=product_sync&utm_source=google&utm_content=sag_organic&utm_campaign=sag_organic,DCU Tecnologic,es,ES
Victron Energy SmartShunt Moniteur de Batterie 500 ampères (Bluetooth),8471292700609807489,https://evacaravan.com/fr-be/products/victron-energy-smartshunt-500a-monitor-bateria-bluetooth,Victron Energy,fr,BE
Victron Cerbo-S GX Centro de monitoreo del sistema,shopify_ES_10105231638870_52268598034774,https://evacaravan.com/products/victron-energy-cerbo-s-gx-monitoreo-del-sistema?variant=52268598034774&country=ES&currency=EUR&utm_medium=product_sync&utm_source=google&utm_content=sag_organic&utm_campaign=sag_organic,Victron Energy,es,ES
Couvercle de cheminée Truma pour AK-3 et AK-5,910636,https://evacaravan.com/fr-fr/products/tapa-chimenea-truma-ak3-ak5-caravanas,Truma,fr,FR
AL-KO Octagon Bleu – Amortisseur (jusqu'à 1350 kg) - 2 Pcs,15939543781167970186,https://evacaravan.com/fr/products/amortiguador-al-ko-octagon-azul,AL-KO,fr,ES
Baraldi 12V Stainless Steel Extractor Hood - Silent and Compact for Campervans and Caravans,15939713,https://evacaravan.com/en-eu/products/range-hood-baraldi-12v-special-campers-stainless-steel,Baraldi,en,ES
Fiamma Carry-Bike PRO M | Portabicis para Autocaravana,shopify_ES_7516306079906_42203462205602,https://evacaravan.com/products/portabicis-fiamma-pro-m?variant=42203462205602&country=ES&currency=EUR&utm_medium=product_sync&utm_source=google&utm_content=sag_organic&utm_campaign=sag_organic,Fiamma,es,ES
DOMETIC Combiné 3 brûleurs + Évier HSG 3436,709330217426394210,https://evacaravan.com/fr/products/dometic-combinado-3-quemadores-fregadero-hsg-3436,Dometic,fr,ES
Inversor 12V Onda Modificada 300W: Eficiencia y Seguridad,shopify_ES_7550943264930_42294874046626,https://evacaravan.com/products/inversor-12v-onda-modificada-300w?variant=42294874046626&country=ES&currency=EUR&utm_medium=product_sync&utm_source=google&utm_content=sag_organic&utm_campaign=sag_organic,DCU Tecnologic,es,ES
AL-KO Profi 500 Stützrad,189504424681047095,https://evacaravan.com/de-at/products/al-ko-profi-500-stuetzrad,AL-KO,de,AT
Cocina SMEV 913 INOX | 3 fuegos para caravanas,shopify_ES_10146172043606_52434703909206,https://evacaravan.com/products/cocina-913-smev-3-fuegos-inox?variant=52434703909206&country=ES&currency=EUR&utm_medium=product_sync&utm_source=google&utm_content=sag_organic&utm_campaign=sag_organic,Dometic,es,ES
AL-KO Octagon Negro | Amortiguador Caravana 4000kg,shopify_ES_9223616102742_48995869557078,https://evacaravan.com/products/amortiguador-al-ko-octagon-negro?variant=48995869557078&country=ES&currency=EUR&utm_medium=product_sync&utm_source=google&utm_content=sag_organic&utm_campaign=sag_organic,,es,ES
"AL-KO - Standard 48mm Trailer Support Wheel, Includes Clamp",20531810_1222433,https://evacaravan.com/en-eu/products/48mm-trailer-jockey-wheel-with-clamp,AL-KO,en,ES
Fiamma Kit Level Up Premium Chocks,15942015,https://evacaravan.com/de-de/products/fiamma-kit-level-up-premium-keile,Fiamma,de,DE
Fiamma Bike Block Pro 3 Fahrradschlosssystem,14409336172867874459,https://evacaravan.com/de-at/products/sistema-de-blocaje-bicicletas-fiamma-bike-block-pro-3?_fid=3fe18381d&_pos=52&_ss=c,Fiamma,de,AT
Fiamma Premium-Fahrradabdeckung,3279126013446382656,https://evacaravan.com/de-at/products/fiamma-bike-cover-premium-fahrradabdeckung,Fiamma,de,AT
Calzos Fiamma Kit Level Up Premium: 3 niveles | 17 cm,shopify_ES_9224670249302_49001227944278,https://evacaravan.com/products/calzos-fiamma-kit-level-up-premium?variant=49001227944278&country=ES&currency=EUR&utm_medium=product_sync&utm_source=google&utm_content=sag_organic&utm_campaign=sag_organic,Fiamma,es,ES
"Automatisches Stützrad – Tragfähigkeit 400 kg, 60 mm Rohr (1 Stück, Stahl)",9940052830380146947,https://evacaravan.com/de-at/products/automatisches-stuetzrad-tragfaehigkeit-400-kg-60-mm-rohr-1-stueck-stahl,AL-KO,de,AT
Retrocámara Visio Evo Vechline: Visión Amplia 120°,shopify_ES_9940898611542_51769193890134,https://evacaravan.com/products/retrocamara-visio-evo-vechline?variant=51769193890134&country=ES&currency=EUR&utm_medium=product_sync&utm_source=google&utm_content=sag_organic&utm_campaign=sag_organic,,es,ES
"Téléviseur LED HD Seeview 21.5""",13301074097597060084,https://evacaravan.com/fr-be/products/tv-ledhd-seeview-21-5,Seeview,fr,BE
Inversor 12V Onda Modificada 1000W: Potente y Eficiente,shopify_ES_7600303046818_42437120589986,https://evacaravan.com/products/inversor-12v-onda-modificada-1000w?variant=42437120589986&country=ES&currency=EUR&utm_medium=product_sync&utm_source=google&utm_content=sag_organic&utm_campaign=sag_organic,DCU Tecnologic,es,ES
Baraldi 12V Spezial-Campingabzugshaube Schwarz,15939712,https://evacaravan.com/de/products/baraldi-12v-spezial-campingabzugshaube-schwarz,Baraldi,de,DE
"Roue Jockey Automatique – Capacité de Charge 400 kg, Tube de 60 mm (1 Unité, Acier)",7685768924510236955,https://evacaravan.com/fr-be/products/rueda-jockey-automatica-400kg-60mm,AL-KO,fr,BE
Brunner Balmat Premium | Alfombra Tienda Campaña,shopify_ES_9934179631446_51750544802134,https://evacaravan.com/products/alfombra-tienda-campana-brunner-balmat-premium?variant=51750544802134&country=ES&currency=EUR&utm_medium=product_sync&utm_source=google&utm_content=sag_organic&utm_campaign=sag_organic,Brunner,es,ES
Victron Energy 800VA 12-Volts 230V CA Onduleur Sinusoïdal Pur (Schuko),8920668523475638472,https://evacaravan.com/fr-be/products/victron-energy-800va-12-voltios-230v-ca-inversor-de-onda-sinusoidal-pura-schuko,Victron Energy,fr,BE
Claraboya MPK 40x40 con tirador: Fácil Instalación y Uso,shopify_ES_9231184691542_49024753336662,https://evacaravan.com/products/mpk-claraboya-40x40-con-tirador?variant=49024753336662&country=ES&currency=EUR&utm_medium=product_sync&utm_source=google&utm_content=sag_organic&utm_campaign=sag_organic,,es,ES
Ducasa EL-LC 1000W: Calor Eficiente y Rápido,shopify_ES_9927327547734_51722389946710,https://evacaravan.com/products/ducasa-el-lc-1000w-convector-mural-electronico?variant=51722389946710&country=ES&currency=EUR&utm_medium=product_sync&utm_source=google&utm_content=sag_organic&utm_campaign=sag_organic,DUCASA,es,ES
"Televisor Stanline LED HD 15,6"" 12V para Caravana y Camper",shopify_ES_7527022723234_42230484730018,https://evacaravan.com/products/tv-ledhd-stanline-15-6?variant=42230484730018&country=ES&currency=EUR&utm_medium=product_sync&utm_source=google&utm_content=sag_organic&utm_campaign=sag_organic,,es,ES
