Redirect from,Redirect to
/en-at/collections/accesorios-gas,/de-at/collections/accesorios-gas
/en-at/collections/accesorios-para-portabicis,/de-at/collections/accesorios-para-portabicis
/en-at/collections/alarma,/de-at/collections/alarma
/en-at/collections/all/products/acoplamiento-estabilizador-aks™-3004,/de-at/collections/all/products/acoplamiento-estabilizador-aks™-3004
/en-at/collections/all/products/aire-acondicionado-silent-8400h,/de-at/collections/all/products/aire-acondicionado-silent-8400h
/en-at/collections/all/products/antena-terrestre-omnidireccional-tonna-1,/de-at/collections/all/products/antena-terrestre-omnidireccional-tonna-1
/en-at/collections/all/products/campana-extractora-12v,/de-at/collections/all/products/campana-extractora-12v
/en-at/collections/all/products/cargador-bateria,/de-at/collections/all/products/cargador-bateria
/en-at/collections/all/products/cerradura-de-seguridad-meroni-ufo-plus-para-vehiculos-comerciales,/de-at/collections/all/products/cerradura-de-seguridad-meroni-ufo-plus-para-vehiculos-comerciales
/en-at/collections/all/products/cerradura-para-furgoneta-meroni-ufo-auto-classic,/de-at/collections/all/products/cerradura-para-furgoneta-meroni-ufo-auto-classic
/en-at/collections/all/products/claraboya-domestic-heki-2,/de-at/collections/all/products/claraboya-domestic-heki-2
/en-at/collections/all/products/claraboya-domestic-midi-heki-500x700-mm,/de-at/collections/all/products/claraboya-domestic-midi-heki-500x700-mm
/en-at/collections/all/products/escalon-electrico-thule-peldano-simple-550-mm,/de-at/collections/all/products/escalon-electrico-thule-peldano-simple-550-mm
/en-at/collections/all/products/inodoro-portatil-porta-pottis-qube-335,/de-at/collections/all/products/inodoro-portatil-porta-pottis-qube-335
/en-at/collections/all/products/inodoro-portatil-porta-pottis-qube-365,/de-at/collections/all/products/inodoro-portatil-porta-pottis-qube-365
/en-at/collections/all/products/kit-acoplamiento-estabilizador-aks™-3004-antirrobo,/de-at/collections/all/products/kit-acoplamiento-estabilizador-aks™-3004-antirrobo
/en-at/collections/all/products/kit-thetford-toilet-fresh-up-set-c2-c3-c4-right,/de-at/collections/all/products/kit-thetford-toilet-fresh-up-set-c2-c3-c4-right
/en-at/collections/all/products/pack-sistema-de-maniobra-semiautomatico-para-caravanas-em203,/de-at/collections/all/products/pack-sistema-de-maniobra-semiautomatico-para-caravanas-em203
/en-at/collections/all/products/regulador-truma-duocontrol-cs-horizontal,/de-at/collections/all/products/regulador-truma-duocontrol-cs-horizontal
/en-at/collections/calderas,/de-at/collections/calderas
/en-at/collections/calefacciones,/de-at/collections/calefacciones
/en-at/collections/clima-e-van-7400h,/de-at/collections/clima-e-van-7400h
/en-at/collections/dual-clima-8400,/de-at/collections/dual-clima-8400
/en-at/collections/novedades,/de-at/collections/novedades
/en-at/collections/vendors/products/campana-extractora-12v,/de-at/collections/vendors/products/campana-extractora-12v
/en-at/collections/vendors/products/cerradura-de-seguridad-meroni-ufo-plus-para-vehiculos-comerciales,/de-at/collections/vendors/products/cerradura-de-seguridad-meroni-ufo-plus-para-vehiculos-comerciales
/en-at/collections/vendors/products/claraboya-domestic-midi-heki-500x700-mm,/de-at/collections/vendors/products/claraboya-domestic-midi-heki-500x700-mm
/en-at/collections/vendors/products/kit-thetford-toilet-fresh-up-set-c2-c3-c4-right,/de-at/collections/vendors/products/kit-thetford-toilet-fresh-up-set-c2-c3-c4-right
/en-at/collections/vendors/products/pack-3-cierres-de-seguridad-fiamma-safe-door,/de-at/collections/vendors/products/pack-3-cierres-de-seguridad-fiamma-safe-door
/en-at/pages/condiciones-de-compra,/de-at/pages/condiciones-de-compra
/en-at/products/aire-acondicionado-clima-e-van-7400h,/de-at/products/aire-acondicionado-clima-e-van-7400h
/en-at/products/caldera-truma-therme,/de-at/products/caldera-truma-therme
/en-at/products/cargador-bateria,/de-at/products/cargador-bateria
/en-at/products/cerradura-para-furgoneta-meroni-ufo3-smart-duo-blanco,/de-at/products/cerradura-para-furgoneta-meroni-ufo3-smart-duo-blanco
/en-at/products/cierre-de-seguridad-fiamma-safe-door,/de-at/products/cierre-de-seguridad-fiamma-safe-door
/en-at/products/claraboya-fiamma-turbovent-blanco-con-termostato,/de-at/products/claraboya-fiamma-turbovent-blanco-con-termostato
/en-at/products/claraboya-fiamma-vent-40-blanca,/de-at/products/claraboya-fiamma-vent-40-blanca
/en-at/products/inversor-12v-onda-pura-1000w,/de-at/products/inversor-12v-onda-pura-1000w
/en-at/products/kit-thetford-toilet-fresh-up-set-c2-c3-c4-right,/de-at/products/kit-thetford-toilet-fresh-up-set-c2-c3-c4-right
/en-at/products/pack-3-cierres-de-seguridad-fiamma-safe-door-frame-3,/de-at/products/pack-3-cierres-de-seguridad-fiamma-safe-door-frame-3
/en-be/collections/accesorios-para-portabicis,/fr-be/collections/accesorios-para-portabicis
/en-be/collections/cocina,/fr-be/collections/cocina
/en-be/collections/dometic,/fr-be/collections/dometic
/en-be/collections/escaleras,/fr-be/collections/escaleras
/en-be/collections/escalones-electricos,/fr-be/collections/escalones-electricos
/en-be/collections/reguladores,/fr-be/collections/reguladores
/en-be/collections/soporte-tv,/fr-be/collections/soporte-tv
/en-be/collections/van-lock,/fr-be/collections/van-lock
/en-be/collections/vendors/products/inodoro-portatil-porta-pottis-qube-365,/fr-be/collections/vendors/products/inodoro-portatil-porta-pottis-qube-365
/en-be/pages/aviso-legal,/fr-be/pages/aviso-legal
/en-be/pages/politica-de-garantia,/fr-be/pages/politica-de-garantia
/en-be/products/3-bloqueadores-de-puerta-thule-door-frame-lock,/fr-be/products/3-bloqueadores-de-puerta-thule-door-frame-lock
/en-be/products/aire-acondicionado-clima-e-van-7400h,/fr-be/products/aire-acondicionado-clima-e-van-7400h
/en-be/products/cerradura-para-furgoneta-meroni-ufo2,/fr-be/products/cerradura-para-furgoneta-meroni-ufo2
/en-be/products/cerradura-para-furgoneta-meroni-ufo3-smart-duo-blanco,/fr-be/products/cerradura-para-furgoneta-meroni-ufo3-smart-duo-blanco
/en-be/products/claraboya-fiamma-turbovent-blanco-con-termostato,/fr-be/products/claraboya-fiamma-turbovent-blanco-con-termostato
/en-be/products/claraboya-mini-heki-style,/fr-be/products/claraboya-mini-heki-style
/en-be/products/inversor-12v-onda-pura-1000w,/fr-be/products/inversor-12v-onda-pura-1000w
/en-be/products/kit-thetford-toilet-fresh-up-set-c2-c3-c4-right,/fr-be/products/kit-thetford-toilet-fresh-up-set-c2-c3-c4-right
/en-be/search,/fr-be/search
/en-de/collections/claraboyas,/de-de/collections/claraboyas
/en-de/collections/energia,/de-de/collections/energia
/en-de/collections/fresh-up-set,/de-de/collections/fresh-up-set
/en-de/collections/retrocamara,/de-de/collections/retrocamara
/en-de/products/inodoro-portatil-porta-pottis-qube-335,/de-de/products/inodoro-portatil-porta-pottis-qube-335
/en-fr/,/fr-fr/
/en-fr/collections/all,/fr-fr/collections/all
/en-fr/collections/antenas-tv,/fr-fr/collections/antenas-tv
/en-fr/collections/calderas,/fr-fr/collections/calderas
/en-fr/collections/cerradura-para-furgonetas,/fr-fr/collections/cerradura-para-furgonetas
/en-fr/collections/cocina-1,/fr-fr/collections/cocina-1
/en-fr/collections/glaziar-ac-06,/fr-fr/collections/glaziar-ac-06
/en-fr/collections/inversores-12v-onda-pura,/fr-fr/collections/inversores-12v-onda-pura
/en-fr/collections/kits-solares,/fr-fr/collections/kits-solares
/en-fr/collections/kits-solares-deep-power,/fr-fr/collections/kits-solares-deep-power
/en-fr/collections/lock-frame,/fr-fr/collections/lock-frame
/en-fr/collections/silent-8100,/fr-fr/collections/silent-8100
/en-fr/collections/tv,/fr-fr/collections/tv
/en-fr/products/caldera-truma-therme,/fr-fr/products/caldera-truma-therme
/en-fr/products/cerradura-para-furgoneta-meroni-ufo-auto-classic,/fr-fr/products/cerradura-para-furgoneta-meroni-ufo-auto-classic
/en-fr/products/cerradura-para-furgoneta-meroni-ufo2,/fr-fr/products/cerradura-para-furgoneta-meroni-ufo2
/en-fr/products/cerradura-para-furgoneta-meroni-ufo3-smart-duo-blanco,/fr-fr/products/cerradura-para-furgoneta-meroni-ufo3-smart-duo-blanco
/en-fr/products/cierre-de-seguridad-fiamma-safe-door,/fr-fr/products/cierre-de-seguridad-fiamma-safe-door
/en-fr/products/convertidor-victron-enery-phoenix-12-375-ve-direct-schuko,/fr-fr/products/convertidor-victron-enery-phoenix-12-375-ve-direct-schuko
/en-fr/products/inversor-12v-onda-modificada-1000w,/fr-fr/products/inversor-12v-onda-modificada-1000w
/en-fr/products/portabicis-fiamma-pro,/fr-fr/products/portabicis-fiamma-pro
/en-it/collections/accesorios-para-portabicis,/it-it/collections/accesorios-para-portabicis
/en-it/collections/alarma,/it-it/collections/alarma
/en-it/collections/all/products/aire-acondicionado-clima-e-van-7400h,/it-it/collections/all/products/aire-acondicionado-clima-e-van-7400h
/en-it/collections/all/products/regulador-truma-duocontrol-cs-horizontal,/it-it/collections/all/products/regulador-truma-duocontrol-cs-horizontal
/en-it/collections/antenas-tv,/it-it/collections/antenas-tv
/en-it/collections/asa-seguridad,/it-it/collections/asa-seguridad
/en-it/collections/bases-giratorias,/it-it/collections/bases-giratorias
/en-it/collections/cab-lock,/it-it/collections/cab-lock
/en-it/collections/claraboyas,/it-it/collections/claraboyas
/en-it/collections/clima-e-van-7400h,/it-it/collections/clima-e-van-7400h
/en-it/collections/energia,/it-it/collections/energia
/en-it/collections/equipamiento-exterior,/it-it/collections/equipamiento-exterior
/en-it/collections/escalones-electricos,/it-it/collections/escalones-electricos
/en-it/collections/escalones-manuales,/it-it/collections/escalones-manuales
/en-it/collections/glaziar-ac-06,/it-it/collections/glaziar-ac-06
/en-it/collections/porta-pottis,/it-it/collections/porta-pottis
/en-it/collections/productos-mas-vendidos,/it-it/collections/productos-mas-vendidos
/en-it/collections/seguridad,/it-it/collections/seguridad
/en-it/collections/silent-8100,/it-it/collections/silent-8100
/en-it/collections/tv,/it-it/collections/tv
/en-it/collections/vendors/products/inodoro-portatil-porta-pottis-qube-335,/it-it/collections/vendors/products/inodoro-portatil-porta-pottis-qube-335
/en-it/products/aire-acondicionado-clima-e-van-7400h,/it-it/products/aire-acondicionado-clima-e-van-7400h
/en-it/products/cerradura-para-furgoneta-meroni-ufo3-smart-duo-blanco,/it-it/products/cerradura-para-furgoneta-meroni-ufo3-smart-duo-blanco
/en-it/products/cierre-de-seguridad-fiamma-safe-door,/it-it/products/cierre-de-seguridad-fiamma-safe-door
/en-it/products/copia-de-inversor-12v-onda-pura-2000w,/it-it/products/copia-de-inversor-12v-onda-pura-2000w
/en-it/products/inodoro-portatil-porta-pottis-qube-365,/it-it/products/inodoro-portatil-porta-pottis-qube-365
/en-it/products/inversor-12v-onda-pura-1000w,/it-it/products/inversor-12v-onda-pura-1000w
/en-it/products/kit-acoplamiento-estabilizador-aks™-3004-antirrobo,/it-it/products/kit-acoplamiento-estabilizador-aks™-3004-antirrobo
/en-it/products/kit-solares-deep-power-105w,/it-it/products/kit-solares-deep-power-105w
/en-it/products/kit-thetford-lavabo-fresh-up-set-c200-con-ruedas,/it-it/products/kit-thetford-lavabo-fresh-up-set-c200-con-ruedas
/en-it/products/van-lock,/it-it/products/van-lock
/en-nl/collections,/nl-nl/collections
/en-nl/collections/accesorios-gas,/nl-nl/collections/accesorios-gas
/en-nl/collections/alarma,/nl-nl/collections/alarma
/en-nl/collections/all,/nl-nl/collections/all
/en-nl/collections/all/products/aire-acondicionado-clima-e-van-7400h,/nl-nl/collections/all/products/aire-acondicionado-clima-e-van-7400h
/en-nl/collections/all/products/escalon-electrico-thule-peldano-simple-550-mm,/nl-nl/collections/all/products/escalon-electrico-thule-peldano-simple-550-mm
/en-nl/collections/asa-seguridad,/nl-nl/collections/asa-seguridad
/en-nl/collections/cab-lock,/nl-nl/collections/cab-lock
/en-nl/collections/calderas,/nl-nl/collections/calderas
/en-nl/collections/claraboyas,/nl-nl/collections/claraboyas
/en-nl/collections/clima-e-van-7400h,/nl-nl/collections/clima-e-van-7400h
/en-nl/collections/dometic,/nl-nl/collections/dometic
/en-nl/collections/energia,/nl-nl/collections/energia
/en-nl/collections/escaleras,/nl-nl/collections/escaleras
/en-nl/collections/lock-frame,/nl-nl/collections/lock-frame
/en-nl/collections/movedores-caravanas,/nl-nl/collections/movedores-caravanas
/en-nl/collections/silent-8100,/nl-nl/collections/silent-8100
/en-nl/collections/van-lock,/nl-nl/collections/van-lock
/en-nl/collections/vendors/products/cargador-bateria,/nl-nl/collections/vendors/products/cargador-bateria
/en-nl/collections/vendors/products/pack-3-cierres-de-seguridad-fiamma-safe-door,/nl-nl/collections/vendors/products/pack-3-cierres-de-seguridad-fiamma-safe-door
/en-nl/pages/quienes-somos,/nl-nl/pages/quienes-somos
/en-nl/products/aire-acondicionado-silent-8400h,/nl-nl/products/aire-acondicionado-silent-8400h
/en-nl/products/cerradura-para-furgoneta-meroni-ufo-auto-classic,/nl-nl/products/cerradura-para-furgoneta-meroni-ufo-auto-classic
/en-nl/products/cerradura-para-furgoneta-meroni-ufo3-smart-duo-blanco,/nl-nl/products/cerradura-para-furgoneta-meroni-ufo3-smart-duo-blanco
/en-nl/products/claraboya-domestic-midi-heki-500x700-mm,/nl-nl/products/claraboya-domestic-midi-heki-500x700-mm
/en-nl/products/inodoro-portatil-porta-pottis-qube-335,/nl-nl/products/inodoro-portatil-porta-pottis-qube-335
/en-nl/products/inversor-12v-onda-pura-1000w,/nl-nl/products/inversor-12v-onda-pura-1000w
/en-nl/products/kit-thetford-lavabo-fresh-up-set-c250-260,/nl-nl/products/kit-thetford-lavabo-fresh-up-set-c250-260
/en-nl/products/kit-thetford-toilet-fresh-up-set-c2-c3-c4-right,/nl-nl/products/kit-thetford-toilet-fresh-up-set-c2-c3-c4-right
/en-nl/products/portabicis-fiamma-pro,/nl-nl/products/portabicis-fiamma-pro
/en-nl/products/van-lock,/nl-nl/products/van-lock
/en-nl/search,/nl-nl/search
/en-pt/collections/accesorios-gas,/pt-pt/collections/accesorios-gas
/en-pt/collections/alarma,/pt-pt/collections/alarma
/en-pt/collections/all/products/claraboya-domestic-midi-heki-500x700-mm,/pt-pt/collections/all/products/claraboya-domestic-midi-heki-500x700-mm
/en-pt/collections/bases-giratorias,/pt-pt/collections/bases-giratorias
/en-pt/collections/cocina,/pt-pt/collections/cocina
/en-pt/collections/escalones-electricos,/pt-pt/collections/escalones-electricos
/en-pt/collections/glaziar-ac-06,/pt-pt/collections/glaziar-ac-06
/en-pt/collections/kits-solares-deep-power,/pt-pt/collections/kits-solares-deep-power
/en-pt/pages/condiciones-de-compra,/pt-pt/pages/condiciones-de-compra
/en-pt/pages/gastos-de-envio,/pt-pt/pages/gastos-de-envio
/en-pt/pages/politica-de-privacidad,/pt-pt/pages/politica-de-privacidad
/en-pt/products/3-bloqueadores-de-puerta-thule-door-frame-lock,/pt-pt/products/3-bloqueadores-de-puerta-thule-door-frame-lock
/en-pt/products/antena-terrestre-omnidireccional-tonna,/pt-pt/products/antena-terrestre-omnidireccional-tonna
/en-pt/products/caldera-truma-therme,/pt-pt/products/caldera-truma-therme
/en-pt/products/campana-extractora-12v,/pt-pt/products/campana-extractora-12v
/en-pt/products/claraboya-fiamma-turbovent-blanco-con-termostato,/pt-pt/products/claraboya-fiamma-turbovent-blanco-con-termostato
/en-pt/products/claraboya-fiamma-vent-40-blanca,/pt-pt/products/claraboya-fiamma-vent-40-blanca
/en-pt/products/escalon-electrico-thule-peldano-simple-550-mm,/pt-pt/products/escalon-electrico-thule-peldano-simple-550-mm
/en-pt/products/inversor-12v-onda-modificada-1000w,/pt-pt/products/inversor-12v-onda-modificada-1000w
/en-pt/products/inversor-12v-onda-pura-1000w,/pt-pt/products/inversor-12v-onda-pura-1000w
/en-pt/products/kit-thetford-lavabo-fresh-up-set-c200-con-ruedas,/pt-pt/products/kit-thetford-lavabo-fresh-up-set-c200-con-ruedas
/en-pt/products/kit-thetford-lavabo-fresh-up-set-c220,/pt-pt/products/kit-thetford-lavabo-fresh-up-set-c220
/en-pt/products/kit-thetford-toilet-fresh-up-set-c2-c3-c4-right,/pt-pt/products/kit-thetford-toilet-fresh-up-set-c2-c3-c4-right
/en-pt/products/regulador-truma-monocontrol-cs,/pt-pt/products/regulador-truma-monocontrol-cs
/en-pt/products/thule-bloqueador-puerta,/pt-pt/products/thule-bloqueador-puerta
/en-pt/products/van-lock,/pt-pt/products/van-lock
